reference,class,artist,album,detail,fix_route
lists:grammy_aoty,artist-missing,Bob Newhart,The Button-Down Mind of Bob Newhart,Behind the Button‐Down Mind of Bob Newhart,artist absent; MB MBID known — queue by MBID (seed:missing-from-external)
lists:mercury_prize,artist-missing,Jungle,Jungle,Jungle,artist absent; MB MBID known — queue by MBID (seed:missing-from-external)
lists:grammy_aoty,artist-missing,Si Zentner & Johnny Mann Singers,Great Band with Great Voices,Great Band With Great Voices,artist absent; MB MBID known — queue by MBID (seed:missing-from-external)
lists:kr_masterpiece_100,artist-missing,정태춘,시인의 마을,詩人의 마을,artist absent; MB MBID known — queue by MBID (seed:missing-from-external)
lists:jp_mino_100,artist-missing,ペトロールズ,Renaissance,Renaissance,artist absent; MB MBID known — queue by MBID (seed:missing-from-external)
lists:jp_mino_100,artist-missing,大瀧詠一,A LONG VACATION,A LONG VACATION,artist absent; MB MBID known — queue by MBID (seed:missing-from-external)
lists:kha_rnb+rhythmer_hiphop,artist-missing-mb-album-absent,Jclef,"Flaw, Flaw","flaw, flaw",artist absent and not on MB — Deezer seed (seed-deezer-artist) or manual
lists:kha_hiphop,artist-missing-mb-album-absent,AP Alchemy,AP Alchemy: Side A,AP Alchemy : Side A,artist absent and not on MB — Deezer seed (seed-deezer-artist) or manual
lists:rhythmer_hiphop,artist-missing-mb-album-absent,Ape Oblong,Ape Has Escaped,APE HAS ESCAPED,artist absent and not on MB — Deezer seed (seed-deezer-artist) or manual
lists:rhythmer_rnb,artist-missing-mb-album-absent,Boni,신보경,,artist absent and not on MB — Deezer seed (seed-deezer-artist) or manual
lists:kma_aoty,artist-missing-mb-album-absent,"Brocolli, You Too",졸업,,artist absent and not on MB — Deezer seed (seed-deezer-artist) or manual
lists:kma_aoty,artist-missing-mb-album-absent,"Brocolli, You Too",보편적인 노래,,artist absent and not on MB — Deezer seed (seed-deezer-artist) or manual
lists:rhythmer_hiphop,artist-missing-mb-album-absent,Damye,Life's A Loop,LIFE'S A LOOP,artist absent and not on MB — Deezer seed (seed-deezer-artist) or manual
lists:rhythmer_rnb,artist-missing-mb-album-absent,Damye,The Sandwich Artist,The Sandwich Artist,artist absent and not on MB — Deezer seed (seed-deezer-artist) or manual
lists:kha_rnb,artist-missing-mb-album-absent,DeVita,Creme,,artist absent and not on MB — Deezer seed (seed-deezer-artist) or manual
lists:weiv_aoty,artist-missing-mb-album-absent,Electric Planet Five,"Waltz, Seoul","Waltz, Seoul",artist absent and not on MB — Deezer seed (seed-deezer-artist) or manual
lists:rhythmer_hiphop,artist-missing-mb-album-absent,Jaedal,Bomb Head,,artist absent and not on MB — Deezer seed (seed-deezer-artist) or manual
lists:rhythmer_hiphop,artist-missing-mb-album-absent,Jaedal,Period,Period,artist absent and not on MB — Deezer seed (seed-deezer-artist) or manual
lists:rhythmer_hiphop,artist-missing-mb-album-absent,Jaedal,Adventure,Adventure,artist absent and not on MB — Deezer seed (seed-deezer-artist) or manual
lists:kha_rnb,artist-missing-mb-album-absent,Jinbo The Superfricc & Hersh & PoPoMo,PoPoMo,,artist absent and not on MB — Deezer seed (seed-deezer-artist) or manual
lists:grammy_aoty,artist-missing-mb-album-absent,John Green,West Side Story,,artist absent and not on MB — Deezer seed (seed-deezer-artist) or manual
lists:golden_disc_bonsang,artist-missing-mb-album-absent,Kim Ho-joong,Panorama,PANORAMA,artist absent and not on MB — Deezer seed (seed-deezer-artist) or manual
lists:rhythmer_hiphop,artist-missing-mb-album-absent,Kwai,Flowering4,Flowering4,artist absent and not on MB — Deezer seed (seed-deezer-artist) or manual
lists:rhythmer_rnb,artist-missing-mb-album-absent,L-like,Olive,Olive,artist absent and not on MB — Deezer seed (seed-deezer-artist) or manual
lists:rhythmer_rnb,artist-missing-mb-album-absent,Lil Fish,분열,,artist absent and not on MB — Deezer seed (seed-deezer-artist) or manual
lists:kma_aoty,artist-missing-mb-album-absent,Mustangs,The Mustangs,,artist absent and not on MB — Deezer seed (seed-deezer-artist) or manual
lists:grammy_aoty,artist-missing-mb-album-absent,Robert Russell Bennett,"Victory at Sea, Vol. I",,artist absent and not on MB — Deezer seed (seed-deezer-artist) or manual
lists:kha_rnb,artist-missing-mb-album-absent,Shinjihang,NONG,NONG,artist absent and not on MB — Deezer seed (seed-deezer-artist) or manual
lists:rhythmer_hiphop,artist-missing-mb-album-absent,Wavisabiroom,Vibe,VIBE,artist absent and not on MB — Deezer seed (seed-deezer-artist) or manual
lists:kr_masterpiece_100,artist-missing-mb-album-absent,노브레인,怒,,artist absent and not on MB — Deezer seed (seed-deezer-artist) or manual
lists:kr_masterpiece_100,artist-missing-mb-album-absent,윤영배,위험한 세계,위험한 세계,artist absent and not on MB — Deezer seed (seed-deezer-artist) or manual
lists:jp_mino_100,artist-missing-mb-album-absent,ミノタウロス,肖像,,artist absent and not on MB — Deezer seed (seed-deezer-artist) or manual
lists:pitchfork_perfect+rs500,artist-stub,Grateful Dead,American Beauty,American Beauty,artist row is a stub (discography never ingested) — see heavily-featured / ghost sections
lists:grammy_aoty,artist-stub,Frank Sinatra,Come Fly with Me,Come Fly with Me,artist row is a stub (discography never ingested) — see heavily-featured / ghost sections
lists:grammy_aoty,artist-stub,Frank Sinatra,Trilogy: Past Present Future,Trilogy: Past Present Future,artist row is a stub (discography never ingested) — see heavily-featured / ghost sections
lists:grammy_aoty,artist-stub,Frank Sinatra,September of My Years,September of My Years,artist row is a stub (discography never ingested) — see heavily-featured / ghost sections
lists:rs500,artist-stub,Frank Sinatra,In the Wee Small Hours,In the Wee Small Hours,artist row is a stub (discography never ingested) — see heavily-featured / ghost sections
lists:grammy_aoty,artist-stub,Frank Sinatra,Come Dance with Me!,Come Dance With Me!,artist row is a stub (discography never ingested) — see heavily-featured / ghost sections
lists:grammy_aoty,artist-stub,Frank Sinatra,A Man and His Music,A Man and His Music,artist row is a stub (discography never ingested) — see heavily-featured / ghost sections
lists:grammy_aoty,artist-stub,Frank Sinatra,Frank Sinatra Sings for Only the Lonely,Frank Sinatra Sings for Only the Lonely,artist row is a stub (discography never ingested) — see heavily-featured / ghost sections
lists:grammy_aoty,artist-stub,Frank Sinatra,Nice 'n' Easy,Nice ’n’ Easy,artist row is a stub (discography never ingested) — see heavily-featured / ghost sections
lists:grammy_aoty,artist-stub,Frank Sinatra & Antônio Carlos Jobim,Francis Albert Sinatra & Antônio Carlos Jobim,Francis Albert Sinatra & Antônio Carlos Jobim,artist row is a stub (discography never ingested) — see heavily-featured / ghost sections
lists:rs500,artist-stub,Grateful Dead,Workingman’s Dead,Workingman’s Dead,artist row is a stub (discography never ingested) — see heavily-featured / ghost sections
lists:grammy_aoty,artist-stub,Van Cliburn,Rachmaninoff Piano Concerto No. 3,Concerto no. 3,artist row is a stub (discography never ingested) — see heavily-featured / ghost sections
lists:grammy_aoty,artist-stub,Van Cliburn,Tchaikovsky: Concerto No. 1 in B-Flat Minor,Tchaikovsky - Concerto No. 1,artist row is a stub (discography never ingested) — see heavily-featured / ghost sections
lists:mercury_prize+grammy_alternative+brit_album,artist-incomplete,David Bowie,Blackstar,Blackstar Radio Edits,"owned artist, album on MB but not in DB — re-ingest artist (freshness)"
lists:grammy_rock,artist-incomplete,Bruce Springsteen,Wrecking Ball,Wrecking Ball,"owned artist, album on MB but not in DB — re-ingest artist (freshness)"
lists:grammy_dance_electronic,artist-incomplete,Depeche Mode,Memento Mori,Memento Mori,"owned artist, album on MB but not in DB — re-ingest artist (freshness)"
lists:pitchfork_perfect,artist-incomplete,Glenn Gould,Bach: The Goldberg Variations,The Goldberg Variations,"owned artist, album on MB but not in DB — re-ingest artist (freshness)"
lists:grammy_rock,artist-incomplete,Metallica,72 Seasons,72 Seasons,"owned artist, album on MB but not in DB — re-ingest artist (freshness)"
lists:grammy_rock,artist-incomplete,Pearl Jam,Dark Matter,Dark Matter,"owned artist, album on MB but not in DB — re-ingest artist (freshness)"
lists:grammy_rock,artist-incomplete,The Rolling Stones,A Bigger Bang,A Bigger Bang,"owned artist, album on MB but not in DB — re-ingest artist (freshness)"
lists:kha_rnb+rhythmer_rnb+izm_aoty,mb-absent-deezer,Jerd,Bomm,BOMM,not on MusicBrainz; available on Deezer — Deezer/iTunes gap-fill (discover:backfill)
lists:kha_rnb+rhythmer_rnb,mb-absent-deezer,A.Train,Private Pink,PRIVATE PINK,not on MusicBrainz; available on Deezer — Deezer/iTunes gap-fill (discover:backfill)
lists:rhythmer_hiphop+kha_hiphop,mb-absent-deezer,B-Free,"Free The Mane 3 ""Free The Mane VS B-Free""",FREE THE MANE 3 “FREE THE MANE VS B-FREE”,not on MusicBrainz; available on Deezer — Deezer/iTunes gap-fill (discover:backfill)
lists:rhythmer_hiphop+kha_hiphop,mb-absent-deezer,B-Free & Hukky Shibaseki,Free Hukky Shibaseki & the God Sun Symphony Group: Odyssey.1,Free Hukky Shibaseki & the God Sun Symphony Group : Odyssey.1,not on MusicBrainz; available on Deezer — Deezer/iTunes gap-fill (discover:backfill)
lists:kha_rnb+rhythmer_rnb,mb-absent-deezer,Babylon,Ego 90's,EGO 90'S,not on MusicBrainz; available on Deezer — Deezer/iTunes gap-fill (discover:backfill)
lists:rhythmer_hiphop+kha_hiphop,mb-absent-deezer,Chaboom,Sour,SOUR,not on MusicBrainz; available on Deezer — Deezer/iTunes gap-fill (discover:backfill)
lists:rhythmer_hiphop+kha_hiphop,mb-absent-deezer,EK,ESCAPE,ESCAPE,not on MusicBrainz; available on Deezer — Deezer/iTunes gap-fill (discover:backfill)
lists:rhythmer_hiphop+kha_hiphop,mb-absent-deezer,Fleeky Bang,AKUMA,AKUMA,not on MusicBrainz; available on Deezer — Deezer/iTunes gap-fill (discover:backfill)
lists:kha_rnb+rhythmer_rnb,mb-absent-deezer,Horim,Metrocity,METROCITY,not on MusicBrainz; available on Deezer — Deezer/iTunes gap-fill (discover:backfill)
lists:rhythmer_rnb+kha_rnb,mb-absent-deezer,Jerd,A.M.P.,A.M.P.,not on MusicBrainz; available on Deezer — Deezer/iTunes gap-fill (discover:backfill)
lists:kha_hiphop+rhythmer_hiphop,mb-absent-deezer,Legit Goons,Junk Drunk Love,Junk Drunk Love,not on MusicBrainz; available on Deezer — Deezer/iTunes gap-fill (discover:backfill)
lists:rhythmer_hiphop+kha_hiphop,mb-absent-deezer,Los,Skandalouz,SKANDALOUZ 2,not on MusicBrainz; available on Deezer — Deezer/iTunes gap-fill (discover:backfill)
lists:kha_rnb+rhythmer_rnb,mb-absent-deezer,Rico,White Light Panorama,White Light Panorama,not on MusicBrainz; available on Deezer — Deezer/iTunes gap-fill (discover:backfill)
lists:mama_aoty+golden_disc_bonsang,mb-absent-deezer,Stray Kids,5-Star,5-STAR,not on MusicBrainz; available on Deezer — Deezer/iTunes gap-fill (discover:backfill)
lists:rhythmer_rnb,mb-absent-deezer,A.Train,Povidone Orange,POVIDONE ORANGE,not on MusicBrainz; available on Deezer — Deezer/iTunes gap-fill (discover:backfill)
lists:rhythmer_rnb,mb-absent-deezer,A.Train,PAINGREEN,PAINGREEN,not on MusicBrainz; available on Deezer — Deezer/iTunes gap-fill (discover:backfill)
lists:rhythmer_hiphop,mb-absent-deezer,B-Free,FREE THE MANE 'END OF AMEN',"FREE THE MANE ""END OF AMEN""",not on MusicBrainz; available on Deezer — Deezer/iTunes gap-fill (discover:backfill)
lists:grammy_aoty,mb-absent-deezer,Barbra Streisand,Funny Girl,Funny Girl - Original Soundtrack Recording,not on MusicBrainz; available on Deezer — Deezer/iTunes gap-fill (discover:backfill)
lists:rhythmer_rnb,mb-absent-deezer,BRWN,Monsoon,Monsoon,not on MusicBrainz; available on Deezer — Deezer/iTunes gap-fill (discover:backfill)
lists:rhythmer_rnb,mb-absent-deezer,BRWN,추 (Yours Truly),Yours Truly,not on MusicBrainz; available on Deezer — Deezer/iTunes gap-fill (discover:backfill)
lists:mma_aoty,mb-absent-deezer,BTS,The Most Beautiful Moment in Life: Young Forever,The Most Beautiful Moment in Life: Young Forever,not on MusicBrainz; available on Deezer — Deezer/iTunes gap-fill (discover:backfill)
lists:golden_disc_bonsang,mb-absent-deezer,D.O.,Empathy,공감 Empathy - The 1st Mini Album,not on MusicBrainz; available on Deezer — Deezer/iTunes gap-fill (discover:backfill)
lists:rhythmer_rnb,mb-absent-deezer,Dada,Love is a Bandage,Love is a Bandage,not on MusicBrainz; available on Deezer — Deezer/iTunes gap-fill (discover:backfill)
lists:grammy_dance_electronic,mb-absent-deezer,Deadmau5,4x4=12,4x4=12,not on MusicBrainz; available on Deezer — Deezer/iTunes gap-fill (discover:backfill)
lists:kha_hiphop,mb-absent-deezer,EK,YAHO,YAHO,not on MusicBrainz; available on Deezer — Deezer/iTunes gap-fill (discover:backfill)
lists:brit_album,mb-absent-deezer,George Michael,Listen Without Prejudice Vol. 1,Listen Without Prejudice Vol. 1 (Remastered),not on MusicBrainz; available on Deezer — Deezer/iTunes gap-fill (discover:backfill)
lists:rhythmer_rnb,mb-absent-deezer,Hannah Jang,Hannah's Studio,Hannah's Studio,not on MusicBrainz; available on Deezer — Deezer/iTunes gap-fill (discover:backfill)
lists:kha_hiphop,mb-absent-deezer,Illinit,Cosmos,Cosmos,not on MusicBrainz; available on Deezer — Deezer/iTunes gap-fill (discover:backfill)
lists:grammy_rnb,mb-absent-deezer,India.Arie,"Testimony: Vol. 1, Life & Relationship",Testimony: Vol. 1 Life & Relationship,not on MusicBrainz; available on Deezer — Deezer/iTunes gap-fill (discover:backfill)
lists:pitchfork_perfect,mb-absent-deezer,Jeff Mills,"Live at the Liquid Room, Tokyo",Live At The Liquid Room - Tokyo,not on MusicBrainz; available on Deezer — Deezer/iTunes gap-fill (discover:backfill)
lists:rhythmer_hiphop,mb-absent-deezer,Jerry. K,OVRWRT,OVRWRT,not on MusicBrainz; available on Deezer — Deezer/iTunes gap-fill (discover:backfill)
lists:rhythmer_hiphop,mb-absent-deezer,JJANGYOU,KOKI7,KOKI7,not on MusicBrainz; available on Deezer — Deezer/iTunes gap-fill (discover:backfill)
lists:rhythmer_hiphop,mb-absent-deezer,Leebido & HD BL4CK,A Prescription For,A prescription for,not on MusicBrainz; available on Deezer — Deezer/iTunes gap-fill (discover:backfill)
lists:rhythmer_rnb,mb-absent-deezer,MADDY,Come Over,Come Over,not on MusicBrainz; available on Deezer — Deezer/iTunes gap-fill (discover:backfill)
lists:rhythmer_hiphop,mb-absent-deezer,Mild Beats,Fragment,Fragment,not on MusicBrainz; available on Deezer — Deezer/iTunes gap-fill (discover:backfill)
lists:kha_rnb,mb-absent-deezer,Nahzam Sue,Till The Sun Goes Up,Till the Sun Goes Up,not on MusicBrainz; available on Deezer — Deezer/iTunes gap-fill (discover:backfill)
lists:rhythmer_rnb,mb-absent-deezer,SHINDRUM,Who I Am,Who I Am,not on MusicBrainz; available on Deezer — Deezer/iTunes gap-fill (discover:backfill)
lists:rhythmer_rnb,mb-absent-deezer,Soul Delivery,Peninsula Park,Peninsula Park,not on MusicBrainz; available on Deezer — Deezer/iTunes gap-fill (discover:backfill)
lists:rhythmer_rnb,mb-absent-deezer,Soul Delivery,Foodcourt,FOODCOURT,not on MusicBrainz; available on Deezer — Deezer/iTunes gap-fill (discover:backfill)
lists:mama_aoty,mb-absent-deezer,Stray Kids,Rock-Star,ROCK-STAR,not on MusicBrainz; available on Deezer — Deezer/iTunes gap-fill (discover:backfill)
lists:golden_disc_bonsang,mb-absent-deezer,Stray Kids,In Life,IN LIFE,not on MusicBrainz; available on Deezer — Deezer/iTunes gap-fill (discover:backfill)
lists:weiv_aoty,mb-absent-deezer,SYUNMAN,Digital Advance,DIGITAL ADVANCE,not on MusicBrainz; available on Deezer — Deezer/iTunes gap-fill (discover:backfill)
lists:rhythmer_hiphop,mb-absent-deezer,Unofficialboyy,True,TRUE,not on MusicBrainz; available on Deezer — Deezer/iTunes gap-fill (discover:backfill)
lists:golden_disc_bonsang,mb-absent-deezer,Young Tak,Mmm,MMM,not on MusicBrainz; available on Deezer — Deezer/iTunes gap-fill (discover:backfill)
lists:kr_masterpiece_100,mb-absent-deezer,조동익,동경,동경,not on MusicBrainz; available on Deezer — Deezer/iTunes gap-fill (discover:backfill)
lists:kha_hiphop+rhythmer_hiphop,upstream-absent,Gonggonggu,ㅠㅠ,,"no artist row, and nothing found on MB or Deezer — manual lookup / accept"
lists:kha_hiphop+rhythmer_hiphop,upstream-absent,Kim Sim-ya & Son Dae-hyun,Moonshine,,"no artist row, and nothing found on MB or Deezer — manual lookup / accept"
lists:rhythmer_hiphop+kha_hiphop,upstream-absent,Lee Hyeon-jun,번역 중 손실,,"no artist row, and nothing found on MB or Deezer — manual lookup / accept"
lists:kha_hiphop+rhythmer_hiphop,upstream-absent,Rabbitoneabeat,Trapstar Lifestyle,,"no artist row, and nothing found on MB or Deezer — manual lookup / accept"
lists:kma_aoty,upstream-absent,Bahngbek,너의 손,,"no artist row, and nothing found on MB or Deezer — manual lookup / accept"
lists:kma_aoty,upstream-absent,Black Skirt,201,,"no artist row, and nothing found on MB or Deezer — manual lookup / accept"
lists:kma_aoty,upstream-absent,Black Skirt,THIRSTY,,"no artist row, and nothing found on MB or Deezer — manual lookup / accept"
lists:kma_aoty,upstream-absent,Black Skirt,TEEN TROUBLES,,"no artist row, and nothing found on MB or Deezer — manual lookup / accept"
lists:kma_aoty,upstream-absent,Black Skirt,Don't You Worry Baby (I'm only swimming),,"no artist row, and nothing found on MB or Deezer — manual lookup / accept"
lists:kma_aoty,upstream-absent,Cheon Yong-seong,수몰,,"no artist row, and nothing found on MB or Deezer — manual lookup / accept"
lists:kma_aoty,upstream-absent,Cokeoer,Super Stars,,"no artist row, and nothing found on MB or Deezer — manual lookup / accept"
lists:kma_aoty,upstream-absent,Cokeoer,"Fire, Dance with Me",,"no artist row, and nothing found on MB or Deezer — manual lookup / accept"
lists:kma_aoty,upstream-absent,Gwon Na-mu,삶의 향기,,"no artist row, and nothing found on MB or Deezer — manual lookup / accept"
lists:rhythmer_hiphop,upstream-absent,Heatcore,Heartcore,,"no artist row, and nothing found on MB or Deezer — manual lookup / accept"
lists:kha_hiphop,upstream-absent,Hwana,Fanaconda,,"no artist row, and nothing found on MB or Deezer — manual lookup / accept"
lists:kha_hiphop,upstream-absent,Hwana,Fanatiic,,"no artist row, and nothing found on MB or Deezer — manual lookup / accept"
lists:kha_rnb,upstream-absent,Jinho The Superfricc,Jbfm,,"no artist row, and nothing found on MB or Deezer — manual lookup / accept"
lists:kma_aoty,upstream-absent,Jo Dong-ik,푸른 베개,,"no artist row, and nothing found on MB or Deezer — manual lookup / accept"
lists:kma_aoty,upstream-absent,Jo Dong-jin,나무가 되어,,"no artist row, and nothing found on MB or Deezer — manual lookup / accept"
lists:kma_aoty,upstream-absent,Jo Gyu-chan,Guitology,,"no artist row, and nothing found on MB or Deezer — manual lookup / accept"
lists:kma_aoty,upstream-absent,Kang Tae-gu,bleu,,"no artist row, and nothing found on MB or Deezer — manual lookup / accept"
lists:mama_aoty,upstream-absent,Kim Dong-ryool,Monologue,,"no artist row, and nothing found on MB or Deezer — manual lookup / accept"
lists:golden_disc_bonsang,upstream-absent,Kim Ho-joong,The Classic Album I – My Favorite Arias,,"no artist row, and nothing found on MB or Deezer — manual lookup / accept"
lists:golden_disc_bonsang,upstream-absent,Kim Ho-joong,We Are Family,,"no artist row, and nothing found on MB or Deezer — manual lookup / accept"
lists:kma_aoty,upstream-absent,Kim Hyun-cheol,City Breeze & Love Song,,"no artist row, and nothing found on MB or Deezer — manual lookup / accept"
lists:rhythmer_hiphop,upstream-absent,Kwai,DISTORTED,,"no artist row, and nothing found on MB or Deezer — manual lookup / accept"
lists:kma_aoty,upstream-absent,Lee Ji-hyeong,Radio Dayz,,"no artist row, and nothing found on MB or Deezer — manual lookup / accept"
lists:kma_aoty,upstream-absent,Lee Sang-ui Nalgae,의식의흐름,,"no artist row, and nothing found on MB or Deezer — manual lookup / accept"
lists:kma_aoty,upstream-absent,Lee Seung-yeol,V,,"no artist row, and nothing found on MB or Deezer — manual lookup / accept"
lists:kma_aoty,upstream-absent,Lee Seung-yeol,"이날, 이때, 이즈음에...",,"no artist row, and nothing found on MB or Deezer — manual lookup / accept"
lists:kma_aoty,upstream-absent,Lee Seung-yeol,Why We Fail,,"no artist row, and nothing found on MB or Deezer — manual lookup / accept"
lists:kma_aoty,upstream-absent,Lee Seung-yeol,In Exchange,,"no artist row, and nothing found on MB or Deezer — manual lookup / accept"
lists:izm_aoty,upstream-absent,Moscow Surfing Club,짙은햇살,,"no artist row, and nothing found on MB or Deezer — manual lookup / accept"
lists:kma_aoty,upstream-absent,Nah Youn-sun,Voyage,,"no artist row, and nothing found on MB or Deezer — manual lookup / accept"
lists:kma_aoty,upstream-absent,Nah Youn-sun,Lento,,"no artist row, and nothing found on MB or Deezer — manual lookup / accept"
lists:kma_aoty,upstream-absent,Nah Youn-sun,Same Girl,,"no artist row, and nothing found on MB or Deezer — manual lookup / accept"
lists:izm_aoty,upstream-absent,Okoyé,날씨가 바뀌든 안 바뀌든,,"no artist row, and nothing found on MB or Deezer — manual lookup / accept"
lists:grammy_rnb,upstream-absent,Painted,Lucky Daye,,"no artist row, and nothing found on MB or Deezer — manual lookup / accept"
lists:kma_aoty,upstream-absent,Park Seon-ju,A4rism,,"no artist row, and nothing found on MB or Deezer — manual lookup / accept"
lists:rhythmer_hiphop,upstream-absent,Rabbitoneabeat,lobonatune2!,,"no artist row, and nothing found on MB or Deezer — manual lookup / accept"
lists:kha_rnb,upstream-absent,Shin Seha,"7F, the Void",,"no artist row, and nothing found on MB or Deezer — manual lookup / accept"
lists:kma_aoty,upstream-absent,Song Young-ju,Atmosphere,,"no artist row, and nothing found on MB or Deezer — manual lookup / accept"
lists:golden_disc_bonsang,upstream-absent,U-Know Yunho,Noir,,"no artist row, and nothing found on MB or Deezer — manual lookup / accept"
lists:kma_aoty,upstream-absent,Woo Hee-jun,심장의 펌핑은 고문질,,"no artist row, and nothing found on MB or Deezer — manual lookup / accept"
lists:kha_rnb,upstream-absent,Yoon Da Hye,개미의 왕,,"no artist row, and nothing found on MB or Deezer — manual lookup / accept"
lists:kma_aoty,upstream-absent,Yoon Young-bae,위험한 세계,,"no artist row, and nothing found on MB or Deezer — manual lookup / accept"
lists:kha_rnb,upstream-absent,Yura,꽤 많은 수의 촉수돌기,,"no artist row, and nothing found on MB or Deezer — manual lookup / accept"
lists:weiv_aoty,upstream-absent,끝없는잔향속에서우리는,우연의 연속에 의한 필연,,"no artist row, and nothing found on MB or Deezer — manual lookup / accept"
lists:kr_masterpiece_100,upstream-absent,노이즈가든,Noizegarden,,"no artist row, and nothing found on MB or Deezer — manual lookup / accept"
lists:rhythmer_hiphop,upstream-absent,루시갱,Home Sweet Home,,"no artist row, and nothing found on MB or Deezer — manual lookup / accept"
lists:kr_masterpiece_100,upstream-absent,마그마,마그마,,"no artist row, and nothing found on MB or Deezer — manual lookup / accept"
lists:rhythmer_hiphop,upstream-absent,모도 & Ambiguous Jack,RUSHHOUR,,"no artist row, and nothing found on MB or Deezer — manual lookup / accept"
lists:rhythmer_hiphop,upstream-absent,바이스 벌사,ANIMAL FKRY,,"no artist row, and nothing found on MB or Deezer — manual lookup / accept"
lists:rhythmer_hiphop,upstream-absent,선진 & 격 & 덥덥이,Arkestra,,"no artist row, and nothing found on MB or Deezer — manual lookup / accept"
lists:kr_masterpiece_100,upstream-absent,신중현과 엽전들,신중현과 엽전들,,"no artist row, and nothing found on MB or Deezer — manual lookup / accept"
lists:izm_aoty,upstream-absent,에피,E,,"no artist row, and nothing found on MB or Deezer — manual lookup / accept"
lists:weiv_aoty,upstream-absent,영기획,3 Little Wacks,,"no artist row, and nothing found on MB or Deezer — manual lookup / accept"
lists:kr_masterpiece_100,upstream-absent,우리 노래 전시회,우리 노래 전시회,,"no artist row, and nothing found on MB or Deezer — manual lookup / accept"
lists:rhythmer_rnb,upstream-absent,윤다혜,개미의 왕,,"no artist row, and nothing found on MB or Deezer — manual lookup / accept"
lists:rhythmer_hiphop,upstream-absent,재림 & 선진,GMBT,,"no artist row, and nothing found on MB or Deezer — manual lookup / accept"
lists:rhythmer_hiphop,upstream-absent,전산시스템오류,Hue,,"no artist row, and nothing found on MB or Deezer — manual lookup / accept"
lists:rhythmer_rnb,upstream-absent,정지아,입수,,"no artist row, and nothing found on MB or Deezer — manual lookup / accept"
lists:weiv_aoty,upstream-absent,줄리아 드림,불안의 세계,,"no artist row, and nothing found on MB or Deezer — manual lookup / accept"
lists:rhythmer_rnb,upstream-absent,체,Kpop,,"no artist row, and nothing found on MB or Deezer — manual lookup / accept"
lists:rhythmer_hiphop,upstream-absent,플랫샵,toast recipe,,"no artist row, and nothing found on MB or Deezer — manual lookup / accept"
lists:rhythmer_hiphop,upstream-absent,히피쿤다,Tundra,,"no artist row, and nothing found on MB or Deezer — manual lookup / accept"
lists:kma_aoty+kha_hiphop+rhythmer_hiphop,unmatched-owned-artist,C JAMM,킁,,"artist is held and has a discography, but no title matched on MB or Deezer — usually the list uses another language/romanization, or the list row is wrong; manual review"
lists:rhythmer_hiphop+kha_hiphop,unmatched-owned-artist,Bassagong,탕아,,"artist is held and has a discography, but no title matched on MB or Deezer — usually the list uses another language/romanization, or the list row is wrong; manual review"
lists:kha_hiphop+rhythmer_hiphop,unmatched-owned-artist,C JAMM,걘,,"artist is held and has a discography, but no title matched on MB or Deezer — usually the list uses another language/romanization, or the list row is wrong; manual review"
lists:mercury_prize+brit_album,unmatched-owned-artist,Ed Sheeran,Divide,,"artist is held and has a discography, but no title matched on MB or Deezer — usually the list uses another language/romanization, or the list row is wrong; manual review"
lists:rhythmer_hiphop+kha_hiphop,unmatched-owned-artist,Khundi Panda,가로사옥,,"artist is held and has a discography, but no title matched on MB or Deezer — usually the list uses another language/romanization, or the list row is wrong; manual review"
lists:kha_hiphop+rhythmer_hiphop,unmatched-owned-artist,QM,개미,,"artist is held and has a discography, but no title matched on MB or Deezer — usually the list uses another language/romanization, or the list row is wrong; manual review"
lists:rhythmer_hiphop+kha_hiphop,unmatched-owned-artist,Sky Min-hyuk,해방,,"artist is held and has a discography, but no title matched on MB or Deezer — usually the list uses another language/romanization, or the list row is wrong; manual review"
lists:rhythmer_rnb+kha_rnb,unmatched-owned-artist,Sumin,시치미,,"artist is held and has a discography, but no title matched on MB or Deezer — usually the list uses another language/romanization, or the list row is wrong; manual review"
lists:kha_hiphop+rhythmer_hiphop,unmatched-owned-artist,Unofficialboyy & Haifhaif,"그물,덫,발사대기,포획",,"artist is held and has a discography, but no title matched on MB or Deezer — usually the list uses another language/romanization, or the list row is wrong; manual review"
lists:mama_aoty,unmatched-owned-artist,2AM,Can't Let You Go Even If I Die,,"artist is held and has a discography, but no title matched on MB or Deezer — usually the list uses another language/romanization, or the list row is wrong; manual review"
lists:rhythmer_rnb,unmatched-owned-artist,A.Train,"Hello, My Name Is Insecure.",,"artist is held and has a discography, but no title matched on MB or Deezer — usually the list uses another language/romanization, or the list row is wrong; manual review"
lists:grammy_dance_electronic,unmatched-owned-artist,Arca,Jacobin,,"artist is held and has a discography, but no title matched on MB or Deezer — usually the list uses another language/romanization, or the list row is wrong; manual review"
lists:grammy_dance_electronic,unmatched-owned-artist,Bonobo,Finding Your Feet,,"artist is held and has a discography, but no title matched on MB or Deezer — usually the list uses another language/romanization, or the list row is wrong; manual review"
lists:mama_aoty,unmatched-owned-artist,BTS,"The Most Beautiful Moment in Life, Part 1",,"artist is held and has a discography, but no title matched on MB or Deezer — usually the list uses another language/romanization, or the list row is wrong; manual review"
lists:mama_aoty,unmatched-owned-artist,Busker Busker,Busker Busker 1st Album,,"artist is held and has a discography, but no title matched on MB or Deezer — usually the list uses another language/romanization, or the list row is wrong; manual review"
lists:rhythmer_hiphop,unmatched-owned-artist,Chaboom & Leebido,Hot Stuff 3,,"artist is held and has a discography, but no title matched on MB or Deezer — usually the list uses another language/romanization, or the list row is wrong; manual review"
lists:rhythmer_hiphop,unmatched-owned-artist,Chaboom & Leebido,Hot Stuff,,"artist is held and has a discography, but no title matched on MB or Deezer — usually the list uses another language/romanization, or the list row is wrong; manual review"
lists:rhythmer_hiphop,unmatched-owned-artist,Chaboom & Leebido,Hot Stuff 2,,"artist is held and has a discography, but no title matched on MB or Deezer — usually the list uses another language/romanization, or the list row is wrong; manual review"
lists:grammy_dance_electronic,unmatched-owned-artist,Daft Punk,Chicken Grease,,"artist is held and has a discography, but no title matched on MB or Deezer — usually the list uses another language/romanization, or the list row is wrong; manual review"
lists:kma_aoty,unmatched-owned-artist,Danpyunsun and the Moments Ensemble,동물,,"artist is held and has a discography, but no title matched on MB or Deezer — usually the list uses another language/romanization, or the list row is wrong; manual review"
lists:kha_hiphop,unmatched-owned-artist,Don Malik,선인장화,,"artist is held and has a discography, but no title matched on MB or Deezer — usually the list uses another language/romanization, or the list row is wrong; manual review"
lists:brit_album,unmatched-owned-artist,Ed Sheeran,Equals,,"artist is held and has a discography, but no title matched on MB or Deezer — usually the list uses another language/romanization, or the list row is wrong; manual review"
lists:golden_disc_daesang,unmatched-owned-artist,god,길,,"artist is held and has a discography, but no title matched on MB or Deezer — usually the list uses another language/romanization, or the list row is wrong; manual review"
lists:golden_disc_daesang,unmatched-owned-artist,H.O.T.,행복,,"artist is held and has a discography, but no title matched on MB or Deezer — usually the list uses another language/romanization, or the list row is wrong; manual review"
lists:kr_masterpiece_100,unmatched-owned-artist,H2O,오늘 나는,,"artist is held and has a discography, but no title matched on MB or Deezer — usually the list uses another language/romanization, or the list row is wrong; manual review"
lists:kha_rnb,unmatched-owned-artist,Hippy Was Gipsy,불,,"artist is held and has a discography, but no title matched on MB or Deezer — usually the list uses another language/romanization, or the list row is wrong; manual review"
lists:kma_aoty,unmatched-owned-artist,Jang Pill Soon,soony eight : 소길花,,"artist is held and has a discography, but no title matched on MB or Deezer — usually the list uses another language/romanization, or the list row is wrong; manual review"
lists:kma_aoty,unmatched-owned-artist,Jeong Cha-sik,황망한 사내,,"artist is held and has a discography, but no title matched on MB or Deezer — usually the list uses another language/romanization, or the list row is wrong; manual review"
lists:kma_aoty,unmatched-owned-artist,Jeongmilla,청파소나타,,"artist is held and has a discography, but no title matched on MB or Deezer — usually the list uses another language/romanization, or the list row is wrong; manual review"
lists:grammy_dance_electronic,unmatched-owned-artist,Kaytranada,Quest for Fire,,"artist is held and has a discography, but no title matched on MB or Deezer — usually the list uses another language/romanization, or the list row is wrong; manual review"
lists:grammy_dance_electronic,unmatched-owned-artist,Kaytranada,Trip,,"artist is held and has a discography, but no title matched on MB or Deezer — usually the list uses another language/romanization, or the list row is wrong; manual review"
lists:grammy_aoty,unmatched-owned-artist,Killer Mike,A Great Chaos,,"artist is held and has a discography, but no title matched on MB or Deezer — usually the list uses another language/romanization, or the list row is wrong; manual review"
lists:kma_aoty,unmatched-owned-artist,Kim Sa-wol X Kim Hae-won,{비밀},,"artist is held and has a discography, but no title matched on MB or Deezer — usually the list uses another language/romanization, or the list row is wrong; manual review"
lists:rhythmer_hiphop,unmatched-owned-artist,Kwai & Irene,엔트로피,,"artist is held and has a discography, but no title matched on MB or Deezer — usually the list uses another language/romanization, or the list row is wrong; manual review"
lists:kma_aoty,unmatched-owned-artist,Lee Sang-eun,The Third Place,,"artist is held and has a discography, but no title matched on MB or Deezer — usually the list uses another language/romanization, or the list row is wrong; manual review"
lists:kma_aoty,unmatched-owned-artist,Lee So-ra,7집,,"artist is held and has a discography, but no title matched on MB or Deezer — usually the list uses another language/romanization, or the list row is wrong; manual review"
lists:grammy_dance_electronic,unmatched-owned-artist,Little Simz,Power,,"artist is held and has a discography, but no title matched on MB or Deezer — usually the list uses another language/romanization, or the list row is wrong; manual review"
lists:rhythmer_hiphop,unmatched-owned-artist,OLNL,전체이용가,,"artist is held and has a discography, but no title matched on MB or Deezer — usually the list uses another language/romanization, or the list row is wrong; manual review"
lists:grammy_aoty,unmatched-owned-artist,Original Broadway Cast,Jesus Christ Superstar,,"artist is held and has a discography, but no title matched on MB or Deezer — usually the list uses another language/romanization, or the list row is wrong; manual review"
lists:rhythmer_hiphop,unmatched-owned-artist,QM,돈숨,,"artist is held and has a discography, but no title matched on MB or Deezer — usually the list uses another language/romanization, or the list row is wrong; manual review"
lists:grammy_dance_electronic,unmatched-owned-artist,Rina Sawayama,Versions of Me,,"artist is held and has a discography, but no title matched on MB or Deezer — usually the list uses another language/romanization, or the list row is wrong; manual review"
lists:weiv_aoty,unmatched-owned-artist,Room306,겹,,"artist is held and has a discography, but no title matched on MB or Deezer — usually the list uses another language/romanization, or the list row is wrong; manual review"
lists:izm_aoty,unmatched-owned-artist,Sam Lee & 이근형 & 이선정 & 이성열 & Charlie Jung & Tami Kim,The Musician,,"artist is held and has a discography, but no title matched on MB or Deezer — usually the list uses another language/romanization, or the list row is wrong; manual review"
lists:kma_aoty,unmatched-owned-artist,Seon and Young,밤과낮,,"artist is held and has a discography, but no title matched on MB or Deezer — usually the list uses another language/romanization, or the list row is wrong; manual review"
lists:golden_disc_daesang,unmatched-owned-artist,SG Wannabe,죄와 벌,,"artist is held and has a discography, but no title matched on MB or Deezer — usually the list uses another language/romanization, or the list row is wrong; manual review"
lists:golden_disc_daesang,unmatched-owned-artist,SG Wannabe,아리랑,,"artist is held and has a discography, but no title matched on MB or Deezer — usually the list uses another language/romanization, or the list row is wrong; manual review"
lists:rhythmer_hiphop,unmatched-owned-artist,Simon Dominic,화기엄금,,"artist is held and has a discography, but no title matched on MB or Deezer — usually the list uses another language/romanization, or the list row is wrong; manual review"
lists:kha_hiphop,unmatched-owned-artist,Takeone,녹색이념,,"artist is held and has a discography, but no title matched on MB or Deezer — usually the list uses another language/romanization, or the list row is wrong; manual review"
lists:mama_aoty,unmatched-owned-artist,TVXQ,"""O""-Jung.Ban.Hap.",,"artist is held and has a discography, but no title matched on MB or Deezer — usually the list uses another language/romanization, or the list row is wrong; manual review"
lists:rhythmer_hiphop,unmatched-owned-artist,Viann & Khundi Panda,재건축,,"artist is held and has a discography, but no title matched on MB or Deezer — usually the list uses another language/romanization, or the list row is wrong; manual review"
lists:grammy_dance_electronic,unmatched-owned-artist,Yaeji,Crush,,"artist is held and has a discography, but no title matched on MB or Deezer — usually the list uses another language/romanization, or the list row is wrong; manual review"
lists:rhythmer_rnb,unmatched-owned-artist,youra,꽤 많은 수의 촉수 돌기,,"artist is held and has a discography, but no title matched on MB or Deezer — usually the list uses another language/romanization, or the list row is wrong; manual review"
lists:kha_hiphop,unmatched-owned-artist,Yumdda,살아숨셔 4,,"artist is held and has a discography, but no title matched on MB or Deezer — usually the list uses another language/romanization, or the list row is wrong; manual review"
lists:rhythmer_rnb,unmatched-owned-artist,Zion.T,00,,"artist is held and has a discography, but no title matched on MB or Deezer — usually the list uses another language/romanization, or the list row is wrong; manual review"
lists:izm_aoty,unmatched-owned-artist,강허달림,Love,,"artist is held and has a discography, but no title matched on MB or Deezer — usually the list uses another language/romanization, or the list row is wrong; manual review"
lists:golden_disc_daesang,unmatched-owned-artist,김건모,핑계,,"artist is held and has a discography, but no title matched on MB or Deezer — usually the list uses another language/romanization, or the list row is wrong; manual review"
lists:golden_disc_daesang,unmatched-owned-artist,김건모,잘못된 만남,,"artist is held and has a discography, but no title matched on MB or Deezer — usually the list uses another language/romanization, or the list row is wrong; manual review"
lists:golden_disc_daesang,unmatched-owned-artist,김건모,스피드,,"artist is held and has a discography, but no title matched on MB or Deezer — usually the list uses another language/romanization, or the list row is wrong; manual review"
lists:izm_aoty,unmatched-owned-artist,김범수,여행,,"artist is held and has a discography, but no title matched on MB or Deezer — usually the list uses another language/romanization, or the list row is wrong; manual review"
lists:izm_aoty,unmatched-owned-artist,김수철,45주년 기념 앨범 너는 어디에,,"artist is held and has a discography, but no title matched on MB or Deezer — usually the list uses another language/romanization, or the list row is wrong; manual review"
lists:golden_disc_daesang,unmatched-owned-artist,김현식,내 사랑 내 곁에,,"artist is held and has a discography, but no title matched on MB or Deezer — usually the list uses another language/romanization, or the list row is wrong; manual review"
lists:kr_masterpiece_100,unmatched-owned-artist,동물원,동물원 2집,,"artist is held and has a discography, but no title matched on MB or Deezer — usually the list uses another language/romanization, or the list row is wrong; manual review"
lists:kr_masterpiece_100,unmatched-owned-artist,동물원,동물원 1집,,"artist is held and has a discography, but no title matched on MB or Deezer — usually the list uses another language/romanization, or the list row is wrong; manual review"
lists:rhythmer_hiphop,unmatched-owned-artist,배현이,자유주제,,"artist is held and has a discography, but no title matched on MB or Deezer — usually the list uses another language/romanization, or the list row is wrong; manual review"
lists:mma_aoty,unmatched-owned-artist,버스커 버스커,두 번째 편지,,"artist is held and has a discography, but no title matched on MB or Deezer — usually the list uses another language/romanization, or the list row is wrong; manual review"
lists:golden_disc_daesang,unmatched-owned-artist,변진섭,너무 늦었잖아요,,"artist is held and has a discography, but no title matched on MB or Deezer — usually the list uses another language/romanization, or the list row is wrong; manual review"
lists:golden_disc_daesang,unmatched-owned-artist,변진섭,너에게로 또 다시,,"artist is held and has a discography, but no title matched on MB or Deezer — usually the list uses another language/romanization, or the list row is wrong; manual review"
lists:kr_masterpiece_100,unmatched-owned-artist,봄여름가을겨울,봄여름가을겨울 1집,,"artist is held and has a discography, but no title matched on MB or Deezer — usually the list uses another language/romanization, or the list row is wrong; manual review"
lists:kr_masterpiece_100,unmatched-owned-artist,봄여름가을겨울,봄여름가을겨울 2집,,"artist is held and has a discography, but no title matched on MB or Deezer — usually the list uses another language/romanization, or the list row is wrong; manual review"
lists:kr_masterpiece_100,unmatched-owned-artist,송창식,사랑이야,,"artist is held and has a discography, but no title matched on MB or Deezer — usually the list uses another language/romanization, or the list row is wrong; manual review"
lists:golden_disc_daesang,unmatched-owned-artist,신승훈,널 사랑하니까,,"artist is held and has a discography, but no title matched on MB or Deezer — usually the list uses another language/romanization, or the list row is wrong; manual review"
lists:golden_disc_daesang,unmatched-owned-artist,신승훈,보이지 않는 사랑,,"artist is held and has a discography, but no title matched on MB or Deezer — usually the list uses another language/romanization, or the list row is wrong; manual review"
lists:weiv_aoty,unmatched-owned-artist,실리카겔,실리카겔,,"artist is held and has a discography, but no title matched on MB or Deezer — usually the list uses another language/romanization, or the list row is wrong; manual review"
lists:kr_masterpiece_100,unmatched-owned-artist,안치환,안치환 4집,,"artist is held and has a discography, but no title matched on MB or Deezer — usually the list uses another language/romanization, or the list row is wrong; manual review"
lists:izm_aoty,unmatched-owned-artist,유라,꽤 많은 수의 촉수 돌기,,"artist is held and has a discography, but no title matched on MB or Deezer — usually the list uses another language/romanization, or the list row is wrong; manual review"
lists:kr_masterpiece_100,unmatched-owned-artist,윤상,CLICHÉ,,"artist is held and has a discography, but no title matched on MB or Deezer — usually the list uses another language/romanization, or the list row is wrong; manual review"
lists:golden_disc_daesang,unmatched-owned-artist,이문세,사랑이 지나가면,,"artist is held and has a discography, but no title matched on MB or Deezer — usually the list uses another language/romanization, or the list row is wrong; manual review"
lists:izm_aoty,unmatched-owned-artist,이설아,작은 마을,,"artist is held and has a discography, but no title matched on MB or Deezer — usually the list uses another language/romanization, or the list row is wrong; manual review"
lists:golden_disc_daesang,unmatched-owned-artist,이수영,휠릴리,,"artist is held and has a discography, but no title matched on MB or Deezer — usually the list uses another language/romanization, or the list row is wrong; manual review"
lists:kr_masterpiece_100,unmatched-owned-artist,이장희,그건 너,,"artist is held and has a discography, but no title matched on MB or Deezer — usually the list uses another language/romanization, or the list row is wrong; manual review"
lists:izm_aoty,unmatched-owned-artist,임현정,Extraordinary,,"artist is held and has a discography, but no title matched on MB or Deezer — usually the list uses another language/romanization, or the list row is wrong; manual review"
lists:weiv_aoty,unmatched-owned-artist,잠비나이,은서,,"artist is held and has a discography, but no title matched on MB or Deezer — usually the list uses another language/romanization, or the list row is wrong; manual review"
lists:weiv_aoty,unmatched-owned-artist,장명선,이르고 무의미한 고백,,"artist is held and has a discography, but no title matched on MB or Deezer — usually the list uses another language/romanization, or the list row is wrong; manual review"
lists:golden_disc_daesang,unmatched-owned-artist,조성모,피아노,,"artist is held and has a discography, but no title matched on MB or Deezer — usually the list uses another language/romanization, or the list row is wrong; manual review"
lists:golden_disc_daesang,unmatched-owned-artist,조성모,아시나요,,"artist is held and has a discography, but no title matched on MB or Deezer — usually the list uses another language/romanization, or the list row is wrong; manual review"
lists:golden_disc_daesang,unmatched-owned-artist,조성모,슬픈 영혼식,,"artist is held and has a discography, but no title matched on MB or Deezer — usually the list uses another language/romanization, or the list row is wrong; manual review"
lists:golden_disc_daesang,unmatched-owned-artist,조용필,허공,,"artist is held and has a discography, but no title matched on MB or Deezer — usually the list uses another language/romanization, or the list row is wrong; manual review"
lists:golden_disc_daesang,unmatched-owned-artist,주현미,신사동 그 사람,,"artist is held and has a discography, but no title matched on MB or Deezer — usually the list uses another language/romanization, or the list row is wrong; manual review"
lists:rhythmer_rnb,unmatched-owned-artist,진보,Jbfm,,"artist is held and has a discography, but no title matched on MB or Deezer — usually the list uses another language/romanization, or the list row is wrong; manual review"
lists:golden_disc_daesang,unmatched-owned-artist,쿨,진실,,"artist is held and has a discography, but no title matched on MB or Deezer — usually the list uses another language/romanization, or the list row is wrong; manual review"
lists:weiv_aoty,unmatched-owned-artist,파라솔,언젠가 그 날이 오면,,"artist is held and has a discography, but no title matched on MB or Deezer — usually the list uses another language/romanization, or the list row is wrong; manual review"
lists:weiv_aoty,unmatched-owned-artist,한승석 & 정재일,끝내 바다에,,"artist is held and has a discography, but no title matched on MB or Deezer — usually the list uses another language/romanization, or the list row is wrong; manual review"
lists:grammy_aoty+pitchfork_perfect,filtered,Judy Garland,Judy at Carnegie Hall,Judy at Carnegie Hall,policy: live/remix/other types are skipped by shouldIngestRG
lists:rs500+pitchfork_perfect,filtered,KISS,Alive!,Alive!,policy: live/remix/other types are skipped by shouldIngestRG
lists:grammy_alternative+rs500,filtered,Nirvana,MTV Unplugged in New York,MTV Unplugged in New York,policy: live/remix/other types are skipped by shouldIngestRG
lists:grammy_aoty+pitchfork_perfect,filtered,Prince,Sign o' the Times,Sign o’ the Times Live!,policy: live/remix/other types are skipped by shouldIngestRG
lists:rs500+pitchfork_perfect,filtered,Sam Cooke,"Live at the Harlem Square Club, 1963","Live at the Harlem Square Club, 1963",policy: live/remix/other types are skipped by shouldIngestRG
lists:grammy_rnb,filtered,Alicia Keys,Unplugged,Unplugged,policy: live/remix/other types are skipped by shouldIngestRG
lists:grammy_aoty,filtered,Allan Sherman,"My Son, the Folk Singer","Allan Sherman's Mother Presents: My Son, the Folk Singer: Singing Very Funny Folk Songs",policy: live/remix/other types are skipped by shouldIngestRG
lists:rs500,filtered,Aretha Franklin,Amazing Grace,Amazing Grace,policy: live/remix/other types are skipped by shouldIngestRG
lists:rs500,filtered,B.B. King,Live at the Regal,Live at the Regal,policy: live/remix/other types are skipped by shouldIngestRG
lists:grammy_rock,filtered,Bonnie Raitt,Road Tested,Road Tested,policy: live/remix/other types are skipped by shouldIngestRG
lists:grammy_rock,filtered,Bruce Springsteen,Magic,Magic,policy: live/remix/other types are skipped by shouldIngestRG
lists:grammy_dance_electronic,filtered,Daft Punk,Alive 2007,Alive 2007,policy: live/remix/other types are skipped by shouldIngestRG
lists:grammy_pop_vocal,filtered,Eagles,Hell Freezes Over,Hell Freezes Over,policy: live/remix/other types are skipped by shouldIngestRG
lists:grammy_dance_electronic,filtered,Eels,Electro-Shock Blues Show,Electro‐Shock Blues Show,policy: live/remix/other types are skipped by shouldIngestRG
lists:grammy_aoty,filtered,Eric Clapton,Unplugged,Unplugged,policy: live/remix/other types are skipped by shouldIngestRG
lists:grammy_rnb,filtered,Erykah Badu,Live,Live,policy: live/remix/other types are skipped by shouldIngestRG
lists:grammy_pop_vocal,filtered,Fleetwood Mac,The Dance,The Dance,policy: live/remix/other types are skipped by shouldIngestRG
lists:mercury_prize,filtered,Fred Again,Actual Life 3,Actual Life 3 Piano Live (22 December 2022),policy: live/remix/other types are skipped by shouldIngestRG
lists:grammy_aoty,filtered,Harry Belafonte,Belafonte Returns to Carnegie Hall,Belafonte Returns to Carnegie Hall,policy: live/remix/other types are skipped by shouldIngestRG
lists:grammy_aoty,filtered,Harry Belafonte,Belafonte at Carnegie Hall,Belafonte at Carnegie Hall,policy: live/remix/other types are skipped by shouldIngestRG
lists:grammy_aoty,filtered,Jackson Browne,Running on Empty,Running on Empty,policy: live/remix/other types are skipped by shouldIngestRG
lists:rs500,filtered,James Brown,"Live at the Apollo, 1962",The James Brown Show: Live At The Apollo,policy: live/remix/other types are skipped by shouldIngestRG
lists:pitchfork_perfect,filtered,James Brown,Live at the Apollo,Live at the Apollo 1995,policy: live/remix/other types are skipped by shouldIngestRG
lists:kha_rnb,filtered,Jeebanoff,Good Thing. [remix],GOOD THING. [Remix],policy: live/remix/other types are skipped by shouldIngestRG
lists:pitchfork_perfect,filtered,John Coltrane,The Olatunji Concert: The Last Live Recording,The Olatunji Concert: The Last Live Recording,policy: live/remix/other types are skipped by shouldIngestRG
lists:grammy_aoty,filtered,Johnny Cash,Johnny Cash at San Quentin,Johnny Cash at San Quentin,policy: live/remix/other types are skipped by shouldIngestRG
lists:rs500,filtered,Johnny Cash,At Folsom Prison,At Folsom Prison,policy: live/remix/other types are skipped by shouldIngestRG
lists:grammy_dance_electronic,filtered,Justice,Woman Worldwide,Woman Worldwide,policy: live/remix/other types are skipped by shouldIngestRG
lists:grammy_dance_electronic,filtered,Kraftwerk,3-D The Catalogue,3‐D The Catalogue,policy: live/remix/other types are skipped by shouldIngestRG
lists:grammy_rnb,filtered,Lalah Hathaway,Lalah Hathaway Live,Lalah Hathaway Live,policy: live/remix/other types are skipped by shouldIngestRG
lists:grammy_rock,filtered,Led Zeppelin,Celebration Day,Celebration Day,policy: live/remix/other types are skipped by shouldIngestRG
lists:pitchfork_perfect,filtered,Nina Simone,Nina Simone in Concert,Nina Simone in Concert,policy: live/remix/other types are skipped by shouldIngestRG
lists:jp_mino_100,filtered,NUMBER GIRL,サッポロOMOIDE IN MY HEAD状態,サッポロOMOIDE IN MY HEAD状態,policy: live/remix/other types are skipped by shouldIngestRG
lists:grammy_dance_electronic,filtered,Odesza,Bloom,Bloom (Lane 8 remix),policy: live/remix/other types are skipped by shouldIngestRG
lists:grammy_aoty,filtered,Peter Frampton,Frampton Comes Alive!,Frampton Comes Alive!,policy: live/remix/other types are skipped by shouldIngestRG
lists:grammy_rnb,filtered,PJ Morton,Gumbo Unplugged (Live),Gumbo Unplugged,policy: live/remix/other types are skipped by shouldIngestRG
lists:jp_mino_100,filtered,RCサクセション,ラプソディー,ラプソディー ネイキッド,policy: live/remix/other types are skipped by shouldIngestRG
lists:grammy_pop_vocal,filtered,Taylor Swift,The Tortured Poets Department,The Tortured Poets Department,policy: live/remix/other types are skipped by shouldIngestRG
lists:rs500,filtered,The Allman Brothers Band,At Fillmore East,At Fillmore East,policy: live/remix/other types are skipped by shouldIngestRG
lists:grammy_dance_electronic,filtered,The Chemical Brothers,Don't Think,Don’t Think,policy: live/remix/other types are skipped by shouldIngestRG
lists:rs500,filtered,The Who,Live at Leeds,Live at Leeds,policy: live/remix/other types are skipped by shouldIngestRG
lists:grammy_aoty,filtered,Tony Bennett,MTV Unplugged,MTV Unplugged,policy: live/remix/other types are skipped by shouldIngestRG
lists:jp_mino_100,filtered,村八分,ライブ,ライブ,policy: live/remix/other types are skipped by shouldIngestRG
lists:mama_aoty+mma_aoty+sma_album,present-title-drift,BTS,Love Yourself: Tear,,already held under a different title — link only
lists:golden_disc_bonsang+golden_disc_daesang,present-title-drift,BTS,Love Yourself: Answer,,already held under a different title — link only
lists:golden_disc_daesang+mama_aoty,present-title-drift,BTS,Love Yourself: Her,,already held under a different title — link only
lists:pitchfork_perfect,present-title-drift,Bob Dylan,"The Bootleg Series Vol. 4: Bob Dylan Live 1966, The ""Royal Albert Hall"" Concert",,already held under a different title — link only
lists:mama_aoty,present-title-drift,Brown Eyes,Two Things Needed for the Same Purpose and 5 Objects,,already held under a different title — link only
lists:grammy_rnb,present-title-drift,Jill Scott,The Real Thing: Words and Sounds Vol. 3,The Real Thing: Words And Sounds Vol. 3 (Deluxe Limited Edition),already held under a different title — link only
lists:golden_disc_bonsang,present-title-drift,Jonghyun,Poet | Artist,,already held under a different title — link only
lists:kma_aoty,present-title-drift,Kim Mok-in,콜라보 씨의 일일,콜라보 씨의 일일,already held under a different title — link only
lists:golden_disc_bonsang,present-title-drift,LOONA,[&],,already held under a different title — link only
lists:grammy_pop_vocal,present-title-drift,Pink,Missundaztood,,already held under a different title — link only
lists:mama_aoty,present-title-drift,Red Velvet,The Perfect Red Velvet,The Perfect Red Velvet - The 2nd Album Repackage,already held under a different title — link only
lists:rhythmer_rnb,present-title-drift,Taemin,Never Gonna Dance Again: Act 1 & Act 2,,already held under a different title — link only
lists:mama_aoty,present-title-drift,Wanna One,1×1=1 (To Be One),,already held under a different title — link only
lists:weiv_aoty,present-title-drift,구텐버즈,Things What May Happen In Your Planet,,already held under a different title — link only
lists:kr_masterpiece_100,present-title-drift,노래를 찾는 사람들,노래를 찾는 사람들 2집,,already held under a different title — link only
lists:kr_masterpiece_100,present-title-drift,양희은,1991,,already held under a different title — link only
lists:jp_mino_100,present-title-drift,銀杏BOYZ,BOYZ DOOR,,already held under a different title — link only
lists:mama_aoty+golden_disc_bonsang,present-mbid-mismatch,aespa,Savage,Savage,list MBID differs from ours — relink external_scores to our MBID
lists:grammy_aoty+grammy_alternative,present-mbid-mismatch,Lana Del Rey,Did You Know That There's a Tunnel Under Ocean Blvd,Did you know that there’s a tunnel under Ocean Blvd,list MBID differs from ours — relink external_scores to our MBID
lists:mercury_prize+brit_album,present-mbid-mismatch,Michael Kiwanuka,Love & Hate,Love & Hate,list MBID differs from ours — relink external_scores to our MBID
lists:grammy_rock+grammy_aoty,present-mbid-mismatch,U2,All That You Can't Leave Behind,All That You Can’t Leave Behind,list MBID differs from ours — relink external_scores to our MBID
lists:mama_aoty,present-mbid-mismatch,Big Bang,Made,MADE,list MBID differs from ours — relink external_scores to our MBID
lists:grammy_dance_electronic,present-mbid-mismatch,David Guetta,One Love,One Love,list MBID differs from ours — relink external_scores to our MBID
lists:mercury_prize,present-mbid-mismatch,Ezra Collective,Where I'm Meant to Be,Where I’m Meant to Be,list MBID differs from ours — relink external_scores to our MBID
lists:weiv_aoty,present-mbid-mismatch,f(x),4 Walls,4 Walls,list MBID differs from ours — relink external_scores to our MBID
lists:brit_album,present-mbid-mismatch,George Ezra,Staying at Tamara's,Staying at Tamara’s,list MBID differs from ours — relink external_scores to our MBID
lists:rs500,present-mbid-mismatch,James Brown,Sex Machine,Sex Machine,list MBID differs from ours — relink external_scores to our MBID
lists:grammy_dance_electronic,present-mbid-mismatch,Kylie Minogue,X,X,list MBID differs from ours — relink external_scores to our MBID
lists:brit_album,present-mbid-mismatch,Lily Allen,"It's Not Me, It's You","It’s Not Me, It’s You",list MBID differs from ours — relink external_scores to our MBID
lists:grammy_rock,present-mbid-mismatch,Linkin Park,Hybrid Theory,Hybrid Theory (20th anniversary edition),list MBID differs from ours — relink external_scores to our MBID
lists:grammy_pop_vocal,present-mbid-mismatch,Madonna,Music,Music,list MBID differs from ours — relink external_scores to our MBID
lists:rs500,present-mbid-mismatch,MC5,Kick Out the Jams,Kick Out the Jams,list MBID differs from ours — relink external_scores to our MBID
lists:brit_album,present-mbid-mismatch,Mike Oldfield,Tubular Bells,Tubular Bells,list MBID differs from ours — relink external_scores to our MBID
lists:grammy_rap,present-mbid-mismatch,Nas,King's Disease,King’s Disease,list MBID differs from ours — relink external_scores to our MBID
lists:grammy_rap,present-mbid-mismatch,Nas,King's Disease II,King’s Disease II,list MBID differs from ours — relink external_scores to our MBID
lists:grammy_alternative,present-mbid-mismatch,Nick Cave and the Bad Seeds,Wild God,Wild God,list MBID differs from ours — relink external_scores to our MBID
lists:grammy_aoty,present-mbid-mismatch,Paul Simon,You're the One,You’re the One,list MBID differs from ours — relink external_scores to our MBID
lists:brit_album,present-mbid-mismatch,Snow Patrol,Eyes Open,Eyes Open,list MBID differs from ours — relink external_scores to our MBID
lists:grammy_aoty,present-mbid-mismatch,Stan Getz & João Gilberto,Getz/Gilberto,Getz / Gilberto,list MBID differs from ours — relink external_scores to our MBID
lists:mama_aoty,present-mbid-mismatch,TVXQ,Catch Me,Catch Me,list MBID differs from ours — relink external_scores to our MBID
lists:kha_rnb+kma_aoty,present-unlinked,Baek Yerin,Every Letter I Sent You.,Every letter I sent you.,link list row to our release group (backfill:external-mbids / title alias)
lists:grammy_rnb+grammy_aoty,present-unlinked,Mary J. Blige,Good Morning Gorgeous (Deluxe),Good Morning Gorgeous,link list row to our release group (backfill:external-mbids / title alias)
lists:kha_hiphop+rhythmer_hiphop,present-unlinked,Palo Alto,Dirt,Dirt,link list row to our release group (backfill:external-mbids / title alias)
lists:kma_aoty,present-unlinked,Baek Yerin,Our love is great,Our love is great,link list row to our release group (backfill:external-mbids / title alias)
lists:kha_rnb,present-unlinked,Baek Yerin,Tellusboutyourself,tellusboutyourself,link list row to our release group (backfill:external-mbids / title alias)
lists:mama_aoty,present-unlinked,Big Bang,Alive,ALIVE,link list row to our release group (backfill:external-mbids / title alias)
lists:grammy_rnb,present-unlinked,Chris Brown,11:11 (Deluxe),11:11,link list row to our release group (backfill:external-mbids / title alias)
lists:rhythmer_rnb,present-unlinked,"DAUL, Noair, plan8 & CHANNEL 201",Next,NEXT,link list row to our release group (backfill:external-mbids / title alias)
lists:grammy_aoty,present-unlinked,George Harrison & Friends,The Concert for Bangladesh,The Concert for Bangladesh,link list row to our release group (backfill:external-mbids / title alias)
lists:kma_aoty,present-unlinked,Hwaji,EAT,Eat,link list row to our release group (backfill:external-mbids / title alias)
lists:kma_aoty,present-unlinked,Jeong Cha-sik,격동하는 현재사,격동하는 현재사,link list row to our release group (backfill:external-mbids / title alias)
lists:rhythmer_hiphop,present-unlinked,Khundi Panda,MODM: Original Saga,Modm : Original Saga,link list row to our release group (backfill:external-mbids / title alias)
lists:kma_aoty,present-unlinked,Lee Chan-hyeok,EROS,EROS,link list row to our release group (backfill:external-mbids / title alias)
lists:grammy_aoty,present-unlinked,Lizzo,Cuz I Love You (Deluxe),Cuz I Love You,link list row to our release group (backfill:external-mbids / title alias)
lists:kma_aoty,present-unlinked,Lowdown30,1,1,link list row to our release group (backfill:external-mbids / title alias)
lists:grammy_pop_vocal,present-unlinked,Pink,Funhouse,Funhouse,link list row to our release group (backfill:external-mbids / title alias)
lists:grammy_pop_vocal,present-unlinked,Pink,The Truth About Love,The Truth About Love,link list row to our release group (backfill:external-mbids / title alias)
lists:grammy_pop_vocal,present-unlinked,Pink,Beautiful Trauma,Beautiful Trauma,link list row to our release group (backfill:external-mbids / title alias)
lists:grammy_pop_vocal,present-unlinked,Ray Charles and Various Artists,Genius Loves Company,Genius Loves Company,link list row to our release group (backfill:external-mbids / title alias)
lists:grammy_rock,present-unlinked,Sheryl Crow,"C'mon, C'mon","C’mon, C’mon",link list row to our release group (backfill:external-mbids / title alias)
lists:golden_disc_bonsang,present-unlinked,SHINee,Don't Call Me,Don't Call Me - The 7th Album,link list row to our release group (backfill:external-mbids / title alias)
lists:grammy_aoty,present-unlinked,Stan Getz & Charlie Byrd,Jazz Samba,Jazz Samba,link list row to our release group (backfill:external-mbids / title alias)
lists:rhythmer_rnb,present-unlinked,Sunwoo JungA,Serenade,Serenade,link list row to our release group (backfill:external-mbids / title alias)
lists:kma_aoty,present-unlinked,Swallow,Aresco,Aresco,link list row to our release group (backfill:external-mbids / title alias)
lists:golden_disc_bonsang,present-unlinked,TREASURE,The Second Step: Chapter One,THE SECOND STEP : CHAPTER ONE,link list row to our release group (backfill:external-mbids / title alias)
lists:mama_aoty,present-unlinked,Yangpa,The Windows of My Soul,The Windows of My Soul,link list row to our release group (backfill:external-mbids / title alias)
lists:weiv_aoty,present-unlinked,김목인,콜라보 씨의 일일,콜라보 씨의 일일,link list row to our release group (backfill:external-mbids / title alias)
lists:kr_masterpiece_100,present-unlinked,김정미,Now,Now,link list row to our release group (backfill:external-mbids / title alias)
lists:kr_masterpiece_100,present-unlinked,마이앤트메리,JUST POP,JUST POP,link list row to our release group (backfill:external-mbids / title alias)
lists:kr_masterpiece_100,present-unlinked,언니네이발관,비둘기는 하늘의 쥐,비둘기는 하늘의 쥐,link list row to our release group (backfill:external-mbids / title alias)
lists:kr_masterpiece_100,present-unlinked,언니네이발관,후일담,후일담,link list row to our release group (backfill:external-mbids / title alias)
lists:kr_masterpiece_100,present-unlinked,전인권 & 허성욱,1979-1987 추억 들국화,1979~1987 추억 들국화,link list row to our release group (backfill:external-mbids / title alias)
lists:grammy_aoty,alias-gap,Sviatoslav Richter,Brahms: Concerto,"Brahms: Concerto No. 2, Op. 83/Beethoven: Sonata No. 23, Op. 57",artist present under another name — add alias
lists:grammy_aoty,out-of-scope,Various Artists,Waiting to Exhale,,Various Artists / cast recordings — out of scope by design
lists:grammy_aoty,out-of-scope,Various Artists,Flashdance,,Various Artists / cast recordings — out of scope by design
lists:grammy_aoty,out-of-scope,Various Artists,The Sound of Music,,Various Artists / cast recordings — out of scope by design
lists:rs500,out-of-scope,Various Artists,The Indestructible Beat of Soweto,,Various Artists / cast recordings — out of scope by design
lists:grammy_aoty,out-of-scope,Various Artists,Jesus Christ Superstar,,Various Artists / cast recordings — out of scope by design
lists:grammy_aoty,out-of-scope,Various Artists,"O Brother, Where Art Thou?",,Various Artists / cast recordings — out of scope by design
lists:mercury_prize,out-of-scope,Various Artists,Help,,Various Artists / cast recordings — out of scope by design
lists:grammy_aoty,out-of-scope,Various Artists,Saturday Night Fever,,Various Artists / cast recordings — out of scope by design
lists:rs500,out-of-scope,Various Artists,The Harder They Come,,Various Artists / cast recordings — out of scope by design
lists:grammy_aoty,out-of-scope,Various Artists,Grease,,Various Artists / cast recordings — out of scope by design
lists:rs500,out-of-scope,Various Artists,"Nuggets: Original Artyfacts From the First Psychedelic Era, 1965–1968",,Various Artists / cast recordings — out of scope by design
lists:rs500,out-of-scope,Various Artists,Saturday Night Fever: The Original Movie Sound Track,,Various Artists / cast recordings — out of scope by design
charts:apple-us#12,artist-stub,EST Gee,BIGGER THAN THE DEVIL,BIGGER THAN THE DEVIL,stub artist — ingest its discography
charts:apple-us#31+apple-gb#99+apple-kr#88+apple-ca#45+apple-au#98,artist-stub,Steve Lacy,Oh yeah?,Oh yeah?,stub artist — ingest its discography
charts:apple-gb#30+apple-de#53+apple-au#35,artist-stub,"Benj Pasek & Justin Paul, Hugh Jackman",The Greatest Showman (Original Motion Picture Soundtrack) [Sing-A-Long Edition],The Greatest Show,stub artist — ingest its discography
charts:apple-gb#51,artist-stub,Jungle,Sunshine,Sunshine,stub artist — ingest its discography
charts:apple-jp#11,artist-stub,HANA,HANA,HANA,stub artist — ingest its discography
charts:apple-br#4,artist-stub,Jão,Memórias Póstumas,Memórias Póstumas,stub artist — ingest its discography
charts:apple-br#91,artist-stub,Urias,CARRANCA,CARRANCA,stub artist — ingest its discography
charts:apple-br#100,artist-stub,Jão,PIRATA,PIRATA,stub artist — ingest its discography
charts:apple-de#45,artist-stub,Aymen,GOLDJUNGE,GOLDJUNGE,stub artist — ingest its discography
charts:apple-de#54+apple-es#61,artist-stub,Europe,Come This Madness,Come This Madness,stub artist — ingest its discography
charts:apple-fr#18,artist-stub,PLK,Grand Garçon,Grand Garçon,stub artist — ingest its discography
charts:apple-fr#19,artist-stub,Grand Corps Malade,Voir la mer,Voir la mer,stub artist — ingest its discography
charts:apple-fr#22,artist-stub,SDM,A LA VIE A LA MORT,A LA VIE A LA MORT,stub artist — ingest its discography
charts:apple-fr#71,artist-stub,SDM,Liens du 100,Liens du 100,stub artist — ingest its discography
charts:apple-fr#79,artist-stub,PLK,Enna Boost,Enna,stub artist — ingest its discography
charts:apple-in#26,artist-stub,Arjan Dhillon & MXRCI,Enigma,Enigma,stub artist — ingest its discography
charts:apple-in#69,artist-stub,Arjan Dhillon,A for Arjan 2,A for Arjan 2,stub artist — ingest its discography
charts:deezer-global#35,artist-stub,Guigoo,Narkotek Soundsystem : 2004-2005,Narkotek Soundsystem: 2004-2005 Best-Of,stub artist — ingest its discography
charts:deezer-global#52,artist-stub,Power Glove,Devil May Cry (Soundtrack from the Netflix Series),Devil May Cry (Soundtrack From the Netflix Series),stub artist — ingest its discography
charts:apple-us#2+apple-gb#16+apple-fr#76+apple-ca#29+apple-au#87,album-on-mb-not-ingested,Jhené Aiko,Westside Whimsy,Westside Whimsy,owned artist; album is on MB — freshness re-poll / re-ingest artist
charts:apple-us#13,album-on-mb-not-ingested,Pooh Shiesty,All Eyes on Shiest,All Eyes on Shiest,owned artist; album is on MB — freshness re-poll / re-ingest artist
charts:apple-us#23+apple-de#68+apple-ca#27,album-on-mb-not-ingested,Yeat,COCOON,COCOON,owned artist; album is on MB — freshness re-poll / re-ingest artist
charts:apple-us#70,album-on-mb-not-ingested,Rio Da Yung Og,The World Is Yours,The World Is Yours,owned artist; album is on MB — freshness re-poll / re-ingest artist
charts:apple-us#99,album-on-mb-not-ingested,Nipsey Hussle & Bino Rideaux,PROLIFIC,PROLIFIC,owned artist; album is on MB — freshness re-poll / re-ingest artist
charts:apple-gb#20+apple-ca#2+apple-au#3+apple-in#1,album-on-mb-not-ingested,Karan Aujla,AUJLA SZN 1 - EP,AUJLA SZN 1,owned artist; album is on MB — freshness re-poll / re-ingest artist
charts:apple-gb#97,album-on-mb-not-ingested,Sugababes,Sugababes,Sugababes,owned artist; album is on MB — freshness re-poll / re-ingest artist
charts:apple-kr#7,album-on-mb-not-ingested,The Volunteers,i love u,i love u,owned artist; album is on MB — freshness re-poll / re-ingest artist
charts:apple-kr#16,album-on-mb-not-ingested,wave to earth,bad pieces,bad pieces,owned artist; album is on MB — freshness re-poll / re-ingest artist
charts:apple-kr#64,album-on-mb-not-ingested,"KC, 식케이, 김하온 & JMIN",KC3,KC3,owned artist; album is on MB — freshness re-poll / re-ingest artist
charts:apple-kr#94,album-on-mb-not-ingested,권오선,OFOSUN - EP,OFOSUN,owned artist; album is on MB — freshness re-poll / re-ingest artist
charts:apple-jp#3,album-on-mb-not-ingested,Number_i,REBON / BUGS LIFE / DIGITAL GIRL - EP,REBON / BUGS LIFE / DIGITAL GIRL,owned artist; album is on MB — freshness re-poll / re-ingest artist
charts:apple-jp#5,album-on-mb-not-ingested,My Hair is Bad,cats,cats,owned artist; album is on MB — freshness re-poll / re-ingest artist
charts:apple-jp#14,album-on-mb-not-ingested,藤井 風,You (feat. UMI) - EP,You (feat. UMI) – EP,owned artist; album is on MB — freshness re-poll / re-ingest artist
charts:apple-jp#16,album-on-mb-not-ingested,coldrain,OPTIMIZE = OPTDEMISE,OPTIMIZE = OPTDEMISE,owned artist; album is on MB — freshness re-poll / re-ingest artist
charts:apple-jp#19,album-on-mb-not-ingested,King & Prince,So Honey EP,So Honey EP,owned artist; album is on MB — freshness re-poll / re-ingest artist
charts:apple-jp#20,album-on-mb-not-ingested,あいみょん,AIMYON BEST ALBUM - 唇を追え! -,AIMYON BEST ALBUM - 唇を追え！ -,owned artist; album is on MB — freshness re-poll / re-ingest artist
charts:apple-jp#44,album-on-mb-not-ingested,ポルノグラフィティ,果実,果実,owned artist; album is on MB — freshness re-poll / re-ingest artist
charts:apple-jp#52,album-on-mb-not-ingested,&TEAM,Mark on Me - EP,Mark on Me,owned artist; album is on MB — freshness re-poll / re-ingest artist
charts:apple-jp#95,album-on-mb-not-ingested,milet,Made of Glass,Made of Glass,owned artist; album is on MB — freshness re-poll / re-ingest artist
charts:apple-br#34,album-on-mb-not-ingested,Adriana Calcanhotto & Arnaldo Antunes,Vice-Versa,Vice-versa,owned artist; album is on MB — freshness re-poll / re-ingest artist
charts:apple-br#77+apple-es#41,album-on-mb-not-ingested,U2,Carnaval De Luz,Carnaval De Luz,owned artist; album is on MB — freshness re-poll / re-ingest artist
charts:apple-mx#61+apple-es#13+deezer-global#4,album-on-mb-not-ingested,Camilo,Para Cuando Sean Mayores,Para cuando sean mayores,owned artist; album is on MB — freshness re-poll / re-ingest artist
charts:apple-de#6,album-on-mb-not-ingested,Yuyu19,H*****,H*****,owned artist; album is on MB — freshness re-poll / re-ingest artist
charts:apple-de#13,album-on-mb-not-ingested,Jazeek & Luciano,STARBOYZ,STARBOYZ,owned artist; album is on MB — freshness re-poll / re-ingest artist
charts:apple-de#69,album-on-mb-not-ingested,Agnes Obel,The Meaning of Flowers,The Meaning of Flowers,owned artist; album is on MB — freshness re-poll / re-ingest artist
charts:apple-fr#3,album-on-mb-not-ingested,Djadja & Dinaz,Matière Noire,Matière Noire,owned artist; album is on MB — freshness re-poll / re-ingest artist
charts:apple-fr#5,album-on-mb-not-ingested,Ziak,MONSIEUR LOYAL,MONSIEUR LOYAL,owned artist; album is on MB — freshness re-poll / re-ingest artist
charts:apple-fr#12,album-on-mb-not-ingested,Soso Maness,Rescapé (L'épilogue),Rescapé (L'épilogue),owned artist; album is on MB — freshness re-poll / re-ingest artist
charts:apple-fr#35,album-on-mb-not-ingested,Scylla & Furax Barbarossa,Jungle Noire,Jungle Noire,owned artist; album is on MB — freshness re-poll / re-ingest artist
charts:apple-ca#13+apple-au#68+apple-in#12,album-on-mb-not-ingested,Amrinder Gill,Hazir,Hazir,owned artist; album is on MB — freshness re-poll / re-ingest artist
charts:apple-ca#79+apple-in#22,album-on-mb-not-ingested,Diljit Dosanjh,I'm an Artist Bro,I'm an Artist Bro,owned artist; album is on MB — freshness re-poll / re-ingest artist
charts:apple-es#95,album-on-mb-not-ingested,Gonzy,"FROM MIAMI, WITH LUV","FROM MIAMI, WITH LUV",owned artist; album is on MB — freshness re-poll / re-ingest artist
charts:apple-in#15,album-on-mb-not-ingested,"Garvit - Priyansh, Raghav Kaushik, Neel Adhikari & Aniket Shukla",Musafir Cafe (Songs from the Netflix Series) - EP,Musafir Cafe: Songs From the Netflix Series,owned artist; album is on MB — freshness re-poll / re-ingest artist
charts:apple-kr#24,artist-incomplete,도경수,DOPAMINE - The 4th Mini Album - EP,DOPAMINE,owned artist; album on MB not in DB — re-ingest
charts:apple-de#84,artist-incomplete,"Peter Plate, Bibi und Tina & Ulf Leo Sommer",Bibi und Tina (Der Original-Soundtrack zum Kinofilm),Original,owned artist; album on MB not in DB — re-ingest
charts:apple-fr#6,artist-incomplete,Mauvais Djo,"L'undertaker, Pt.2 (Deluxe)",L'undertaker,owned artist; album on MB not in DB — re-ingest
charts:apple-in#28,artist-incomplete,"Vishnu Vijay, Vinayak Sasikumar & Suhail Koya",Bethlehem Kudumba Unit (Original Motion Picture Soundtrack),Bethlehem Kudumba Unit,owned artist; album on MB not in DB — re-ingest
charts:apple-in#32,artist-incomplete,Sai Abhyankkar,Karuppu - Side B (God Mode Begins) [Original Score],Karuppu,owned artist; album on MB not in DB — re-ingest
charts:apple-in#34,artist-incomplete,G.V. Prakash Kumar & Shiva Nirvana,Irumudi (Original Motion Picture Soundtrack) - Telugu,Irumudi,owned artist; album on MB not in DB — re-ingest
charts:apple-us#4+apple-ca#65,artist-missing-on-mb,DDG,HIT-A-THON,HIT-A-THON,artist on MB but not queued — queue by MBID
charts:apple-us#15+apple-gb#8+apple-kr#35+apple-br#5+apple-mx#30+apple-de#7+apple-fr#34+apple-ca#8+apple-au#6+apple-es#15+apple-in#52,artist-missing-on-mb,ADÉLA,PRIMA,PRIMA,artist on MB but not queued — queue by MBID
charts:apple-us#18,artist-missing-on-mb,Hunxho,I Quit Rap,I Quit Rap,artist on MB but not queued — queue by MBID
charts:apple-us#24,artist-missing-on-mb,AZ Chike,No Rest for The Wicked,No Rest for The Wicked,artist on MB but not queued — queue by MBID
charts:apple-us#25+apple-gb#13+apple-kr#77+apple-de#30+apple-ca#32+apple-au#9+apple-es#65,artist-missing-on-mb,"KPop Demon Hunters Cast, HUNTR/X & Saja Boys",KPop Demon Hunters (Soundtrack from the Netflix Film),,artist on MB but not queued — queue by MBID
charts:apple-us#35+apple-gb#65+apple-ca#41,artist-missing-on-mb,Ms. Rachel,I'm So Happy,I'm So Happy,artist on MB but not queued — queue by MBID
charts:apple-us#36,artist-missing-on-mb,Fatt Smaxk,Smaxk Season 3: Banks House,,artist on MB but not queued — queue by MBID
charts:apple-us#63+apple-gb#57+apple-ca#44,artist-missing-on-mb,Dylan Gossett,Ramblin',Ramblin’,artist on MB but not queued — queue by MBID
charts:apple-us#79,artist-missing-on-mb,Fetty P Franklin & Bandplay,THE FRANK PLAY,THE FRANK PLAY,artist on MB but not queued — queue by MBID
charts:apple-us#96+apple-ca#93,artist-missing-on-mb,Gavin Adcock,The Day I Hang It Up,The Day I Hang It Up,artist on MB but not queued — queue by MBID
charts:apple-gb#4,artist-missing-on-mb,Keo,Put A Smile On For Me,Put a Smile on for Me,artist on MB but not queued — queue by MBID
charts:apple-gb#10,artist-missing-on-mb,Marnz Malone,I Wish I Could Sing,I Wish I Could Sing,artist on MB but not queued — queue by MBID
charts:apple-gb#75,artist-missing-on-mb,"SIX, Toby Marlow & Lucy Moss",Six: The Musical (Studio Cast Recording),,artist on MB but not queued — queue by MBID
charts:apple-gb#92,artist-missing-on-mb,PRESIDENT,Blood Of Your Empire,Blood of Your Empire,artist on MB but not queued — queue by MBID
charts:apple-kr#66,artist-missing-on-mb,DIMO REX,METAMORPHOSIS,,artist on MB but not queued — queue by MBID
charts:apple-jp#67,artist-missing-on-mb,3House,GAME - EP,,artist on MB but not queued — queue by MBID
charts:apple-jp#71,artist-missing-on-mb,Masato Hayashi,Iconic,,artist on MB but not queued — queue by MBID
charts:apple-jp#72,artist-missing-on-mb,GADORO,mile,,artist on MB but not queued — queue by MBID
charts:apple-jp#97,artist-missing-on-mb,"EVISBEATS, Nagipan",Beauty,,artist on MB but not queued — queue by MBID
charts:apple-jp#98,artist-missing-on-mb,Akira Senju/Tatsuhiko Saiki/Shu Kanematsu,TBS系 日曜劇場「VIVANT」ORIGINAL SOUNDTRACK,,artist on MB but not queued — queue by MBID
charts:apple-br#17,artist-missing-on-mb,Rick & Renner & Continental,Acústico - 10 Anos de Sucesso (Deluxe),,artist on MB but not queued — queue by MBID
charts:apple-br#35,artist-missing-on-mb,Natanzinho Lima,Na Favela - Ao Vivo no Complexo do Alemão/RJ (Ao Vivo),,artist on MB but not queued — queue by MBID
charts:apple-br#40,artist-missing-on-mb,PRISCILLA,ECO,,artist on MB but not queued — queue by MBID
charts:apple-br#53,artist-missing-on-mb,Sandy e Junior,Nossa História (Ao Vivo),Nossa história (ao vivo),artist on MB but not queued — queue by MBID
charts:apple-br#59,artist-missing-on-mb,Frei Gilson,Frei Gilson 360° (Ao Vivo) [feat. Som do Monte],,artist on MB but not queued — queue by MBID
charts:apple-br#62,artist-missing-on-mb,Jae Stephens,AUDACITY,AUDACITY,artist on MB but not queued — queue by MBID
charts:apple-br#63,artist-missing-on-mb,Rick & Renner,Rick e Renner e Você - Ao Vivo,,artist on MB but not queued — queue by MBID
charts:apple-br#75,artist-missing-on-mb,Joyce Alane,Me Dá Uma Luz - EP,,artist on MB but not queued — queue by MBID
charts:apple-mx#13,artist-missing-on-mb,Omar Camacho,Nunca Voy a Morir,,artist on MB but not queued — queue by MBID
charts:apple-mx#15,artist-missing-on-mb,José Madero,Querido…,Querido…,artist on MB but not queued — queue by MBID
charts:apple-mx#54,artist-missing-on-mb,Jorsshh,Ay Weyy,,artist on MB but not queued — queue by MBID
charts:apple-mx#63,artist-missing-on-mb,Hermanos Espinoza,LINAJE,,artist on MB but not queued — queue by MBID
charts:apple-mx#80,artist-missing-on-mb,DANNA,WET DREAMS,WET DREAMS,artist on MB but not queued — queue by MBID
charts:apple-mx#95,artist-missing-on-mb,Herencia De Grandes,Noches Sin Fin,Noches Sin Fin,artist on MB but not queued — queue by MBID
charts:apple-de#11,artist-missing-on-mb,Ramzey,Die ewigen Jagdgründe,,artist on MB but not queued — queue by MBID
charts:apple-de#12,artist-missing-on-mb,Reinhard Mey,Schatzhauser,,artist on MB but not queued — queue by MBID
charts:apple-de#39,artist-missing-on-mb,Kärbholz,Sturm zieh auf,,artist on MB but not queued — queue by MBID
charts:apple-de#41,artist-missing-on-mb,Betontod,Wir fangen jetzt erst an,Wir fangen jetzt erst an,artist on MB but not queued — queue by MBID
charts:apple-de#44,artist-missing-on-mb,Lichterkinder,Schlaflieder,Schlaflieder,artist on MB but not queued — queue by MBID
charts:apple-de#65,artist-missing-on-mb,Kinder Lieder,Die 30 schönsten Kinderlieder - Teil 1,,artist on MB but not queued — queue by MBID
charts:apple-de#82,artist-missing-on-mb,"Simone Sommerland, Karsten Glück & Die Kita-Frösche",Die 30 besten Spiel- und Bewegungslieder,Die 30 besten Spiel- und Bewegungslieder,artist on MB but not queued — queue by MBID
charts:apple-de#83,artist-missing-on-mb,Farin Urlaub,Ein Lächeln im Gesicht,Ein Lächeln im Gesicht,artist on MB but not queued — queue by MBID
charts:apple-de#87,artist-missing-on-mb,Lichterkinder,Laternen - und Herbstlieder,,artist on MB but not queued — queue by MBID
charts:apple-de#88,artist-missing-on-mb,Torsten Sträter,Mach mal das große Licht an (Bonus: Butter und Balkone),,artist on MB but not queued — queue by MBID
charts:apple-fr#8,artist-missing-on-mb,Lagui,En Croix,En Croix,artist on MB but not queued — queue by MBID
charts:apple-fr#14,artist-missing-on-mb,Nouvelle École,Nouvelle École | Saison 5 | L'album Intégral (Série Netflix),,artist on MB but not queued — queue by MBID
charts:apple-fr#17,artist-missing-on-mb,Luther,shelf,Shelf,artist on MB but not queued — queue by MBID
charts:apple-fr#24,artist-missing-on-mb,ANS,MOSSEBA,MOSSEBA,artist on MB but not queued — queue by MBID
charts:apple-fr#29,artist-missing-on-mb,Tiitof,Yung Drug Dealers 3,,artist on MB but not queued — queue by MBID
charts:apple-fr#38,artist-missing-on-mb,La superstar des comptines rondes et berceuses,Comptines et chansons pour enfants,,artist on MB but not queued — queue by MBID
charts:apple-fr#45,artist-missing-on-mb,Pierre de Maere,Ave de Maere,Ave de Maere,artist on MB but not queued — queue by MBID
charts:apple-fr#61,artist-missing-on-mb,Lagui,En attendant En Croix,En attendant En Croix,artist on MB but not queued — queue by MBID
charts:apple-fr#62,artist-missing-on-mb,David Okit,"Sorry, j'étais perdu","Sorry, j'étais perdu",artist on MB but not queued — queue by MBID
charts:apple-fr#65,artist-missing-on-mb,Brulux,Le Nine,,artist on MB but not queued — queue by MBID
charts:apple-fr#67,artist-missing-on-mb,Mous-K,Insolent,Insolent,artist on MB but not queued — queue by MBID
charts:apple-fr#74,artist-missing-on-mb,Timar,REQUIEM : MIEUX QU'HIER,REQUIEM : MIEUX QU'HIER,artist on MB but not queued — queue by MBID
charts:apple-fr#86,artist-missing-on-mb,TeddyBear,Le Plus Beau,Le Plus Beau,artist on MB but not queued — queue by MBID
charts:apple-fr#94,artist-missing-on-mb,Bruit Blanc & Bruit Blanc Calme,Bruit Blanc,,artist on MB but not queued — queue by MBID
charts:apple-ca#20+apple-au#90+apple-in#18,artist-missing-on-mb,Himmat Sandhu,Show Stopper,,artist on MB but not queued — queue by MBID
charts:apple-ca#40+apple-in#17,artist-missing-on-mb,Jxggi,Inferno,Inferno,artist on MB but not queued — queue by MBID
charts:apple-ca#49,artist-missing-on-mb,Cody Johnson,Banks Of The Trinity,Banks of the Trinity,artist on MB but not queued — queue by MBID
charts:apple-ca#75,artist-missing-on-mb,Blake Whiten,Something To Say,Something to Say,artist on MB but not queued — queue by MBID
charts:apple-ca#88,artist-missing-on-mb,Warren Zeiders,No Brakes,,artist on MB but not queued — queue by MBID
charts:apple-ca#89,artist-missing-on-mb,Wendy's,Songs to Listen to in a Wendy’s Parking Lot - EP,Songs to Listen to in a Wendy’s Parking Lot,artist on MB but not queued — queue by MBID
charts:apple-au#61,artist-missing-on-mb,Hebe Tien,The Land of Maybe,,artist on MB but not queued — queue by MBID
charts:apple-es#44,artist-missing-on-mb,Thiago Navarro Music,"Bonito, Bonito - EP","Bonito, Bonito",artist on MB but not queued — queue by MBID
charts:apple-es#81,artist-missing-on-mb,Robe,Se nos lleva el aire,Se nos lleva el aire,artist on MB but not queued — queue by MBID
charts:apple-es#97,artist-missing-on-mb,mvrk,PÓRTATE BIEN!,PÓRTATE BIEN!,artist on MB but not queued — queue by MBID
charts:apple-es#100,artist-missing-on-mb,CantaJuego,"CantaJuego, Vol. 1",,artist on MB but not queued — queue by MBID
charts:apple-in#3,artist-missing-on-mb,"Shreyas Dharmadhikari, Sadhu Tiwari, Dhirendra Mulkalwar, Rishi Pathak, Suneel Lodhi, Shantanu Sudame, Guru Goraksh Nath, Sant Kavi Samarth Ramdas & Vishal Chaturvedi",Hanuman Ansh (Original Motion Picture Soundtrack),,artist on MB but not queued — queue by MBID
charts:apple-in#25,artist-missing-on-mb,Jordan Sandhu,God’s Favorite,God’s Favorite,artist on MB but not queued — queue by MBID
charts:apple-in#27,artist-missing-on-mb,Parmish Verma,Victory Lap,Victory Lap,artist on MB but not queued — queue by MBID
charts:apple-in#40,artist-missing-on-mb,Dulla,Apollo,,artist on MB but not queued — queue by MBID
charts:apple-in#59,artist-missing-on-mb,Shree Brar,Khalnayak - EP,,artist on MB but not queued — queue by MBID
charts:apple-in#68,artist-missing-on-mb,Hustinder,Untamed,Untamed,artist on MB but not queued — queue by MBID
charts:apple-in#76,artist-missing-on-mb,Saabi Bhinder,Built Different - EP,,artist on MB but not queued — queue by MBID
charts:deezer-global#1,artist-missing-on-mb,Wendy's,Songs to Listen to in a Wendy’s Parking Lot,Songs to Listen to in a Wendy’s Parking Lot,artist on MB but not queued — queue by MBID
charts:deezer-global#3,artist-missing-on-mb,Kiki Rockwell,Plagued By Visions,Plagued By Visions,artist on MB but not queued — queue by MBID
charts:deezer-global#5,artist-missing-on-mb,Cartel,Learning How to Cope,Learning How to Cope,artist on MB but not queued — queue by MBID
charts:deezer-global#8,artist-missing-on-mb,Аукцыон,Птица,Птица,artist on MB but not queued — queue by MBID
charts:deezer-global#17,artist-missing-on-mb,Yüth Forever,10 Code,10 Code,artist on MB but not queued — queue by MBID
charts:deezer-global#18,artist-missing-on-mb,Like Moths To Flames,Does Heaven Ever Mourn For Me,Does Heaven Ever Mourn for Me,artist on MB but not queued — queue by MBID
charts:deezer-global#30,artist-missing-on-mb,One Step Closer,All You Embrace,All You Embrace,artist on MB but not queued — queue by MBID
charts:deezer-global#31,artist-missing-on-mb,A Lot Like Birds,Plan B,Plan B,artist on MB but not queued — queue by MBID
charts:deezer-global#34,artist-missing-on-mb,Cowgirl Clue,Total Freedom,Total Freedom,artist on MB but not queued — queue by MBID
charts:deezer-global#40,artist-missing-on-mb,Skeletal Throne,Barbaric Torment,,artist on MB but not queued — queue by MBID
charts:deezer-global#41,artist-missing-on-mb,Theophobia,Theophobia,,artist on MB but not queued — queue by MBID
charts:deezer-global#44,artist-missing-on-mb,Carlyto Lassa,Bileyi ya Bana,,artist on MB but not queued — queue by MBID
charts:deezer-global#46,artist-missing-on-mb,Borislav Slavov,Baldur's Gate 3 (Original Game Soundtrack),Baldur’s Gate 3: Original Game Soundtrack,artist on MB but not queued — queue by MBID
charts:deezer-global#49,artist-missing-on-mb,Venator,Psychodrome,Psychodrome,artist on MB but not queued — queue by MBID
charts:deezer-global#50,artist-missing-on-mb,Moonlit Sailor,A Footprint Of Feelings,A Footprint of Feelings,artist on MB but not queued — queue by MBID
charts:deezer-global#53,artist-missing-on-mb,DOWN,Over The Under (2026 Remaster),,artist on MB but not queued — queue by MBID
charts:deezer-global#54,artist-missing-on-mb,ĠENN,unum,Unum,artist on MB but not queued — queue by MBID
charts:deezer-global#56,artist-missing-on-mb,Fetty P Franklin,THE FRANK PLAY,THE FRANK PLAY,artist on MB but not queued — queue by MBID
charts:deezer-global#62,artist-missing-on-mb,Into the Moat,The Design,The Design,artist on MB but not queued — queue by MBID
charts:deezer-global#64,artist-missing-on-mb,Ani DiFranco,Living In Clip,Living in Clip,artist on MB but not queued — queue by MBID
charts:deezer-global#66,artist-missing-on-mb,Victims of Contagion,Lamentations of the Flesh Bound,,artist on MB but not queued — queue by MBID
charts:deezer-global#67,artist-missing-on-mb,Mercyful Fate,Don't Break the Oath,Don’t Break the Oath,artist on MB but not queued — queue by MBID
charts:deezer-global#68,artist-missing-on-mb,SOFY,How To Perform Magic,How to Perform Magic,artist on MB but not queued — queue by MBID
charts:deezer-global#69,artist-missing-on-mb,Crying,Beyond the Fleeting Gales,Beyond the Fleeting Gales,artist on MB but not queued — queue by MBID
charts:deezer-global#70,artist-missing-on-mb,Witty Tarbox,Origins of Schmitty,,artist on MB but not queued — queue by MBID
charts:deezer-global#71,artist-missing-on-mb,VILLANELLE,Measly Means,Measly Means,artist on MB but not queued — queue by MBID
charts:deezer-global#74,artist-missing-on-mb,Pelada,Ep1,,artist on MB but not queued — queue by MBID
charts:deezer-global#80,artist-missing-on-mb,The Claypool Lennon Delirium,South of Reality,South of Reality,artist on MB but not queued — queue by MBID
charts:deezer-global#81,artist-missing-on-mb,Citizen,As You Please,As You Please,artist on MB but not queued — queue by MBID
charts:deezer-global#82,artist-missing-on-mb,thrown,UNWANTED,unwanted,artist on MB but not queued — queue by MBID
charts:deezer-global#84,artist-missing-on-mb,Rapman,Supacell (Soundtrack from the Netflix Series),,artist on MB but not queued — queue by MBID
charts:deezer-global#85,artist-missing-on-mb,Moonlit Sailor,So Close To Life,So Close to Life,artist on MB but not queued — queue by MBID
charts:deezer-global#90,artist-missing-on-mb,Lifeformed,Tunic (Original Game Soundtrack),,artist on MB but not queued — queue by MBID
charts:deezer-global#93,artist-missing-on-mb,Autumn Orange,Sad Wizard Vibes II,,artist on MB but not queued — queue by MBID
charts:deezer-global#95,artist-missing-on-mb,Capcom Sound Team,PRAGMATA - The Bounded Soundtrack,PRAGMATA - The Bounded Soundtrack,artist on MB but not queued — queue by MBID
charts:apple-mx#19,artist-missing-queued,Chuyin,Los Locos Nunca Mueren,Los locos nunca mueren,queued already — throughput
charts:apple-kr#2,alias-gap,양홍원,오보에,오보에,present under another name — add native-script alias
charts:apple-kr#10,alias-gap,씨잼,킁,,present under another name — add native-script alias
charts:apple-kr#17,alias-gap,로제,rosie,,present under another name — add native-script alias
charts:apple-kr#36,alias-gap,양홍원,SLOWMO,SLOWMO,present under another name — add native-script alias
charts:apple-kr#43,alias-gap,양홍원,Stranger,,present under another name — add native-script alias
charts:apple-kr#55,alias-gap,양홍원 & HW MUSIC,HW MUSIC,,present under another name — add native-script alias
charts:apple-de#10,alias-gap,KUKO,CATHARSIS,Catharsis,present under another name — add native-script alias
charts:apple-es#62,alias-gap,Cruzzi,Me Muevo Con Dios,Me muevo con Dios,present under another name — add native-script alias
charts:apple-in#66,alias-gap,S.S. Thaman,They Call Him OG (Original Motion Picture Soundtrack),,present under another name — add native-script alias
charts:apple-us#20+apple-mx#33,album-not-on-mb,Los Gemelos De Sinaloa,The Gemeliza,,"album not matched on MB (mostly editions, soundtracks, very recent) — iTunes recency lane"
charts:apple-us#39+apple-gb#14+apple-ca#35,album-not-on-mb,Seyi Vibez,SWAGUU,,"album not matched on MB (mostly editions, soundtracks, very recent) — iTunes recency lane"
charts:apple-us#62,album-not-on-mb,Tank,EXPERIENCE,,"album not matched on MB (mostly editions, soundtracks, very recent) — iTunes recency lane"
charts:apple-gb#44+apple-de#78+apple-au#24,album-not-on-mb,Ed Sheeran,÷ (Deluxe),,"album not matched on MB (mostly editions, soundtracks, very recent) — iTunes recency lane"
charts:apple-gb#55+apple-au#43,album-not-on-mb,"Kristen Anderson-Lopez & Robert Lopez, Idina Menzel, Kristen Bell & Christophe Beck",Frozen (Original Motion Picture Soundtrack),,"album not matched on MB (mostly editions, soundtracks, very recent) — iTunes recency lane"
charts:apple-gb#61,album-not-on-mb,Young Jonn,Dear London,,"album not matched on MB (mostly editions, soundtracks, very recent) — iTunes recency lane"
charts:apple-gb#91,album-not-on-mb,"Benny Andersson, Björn Ulvaeus, Meryl Streep & Amanda Seyfried",Mamma Mia! (The Movie Soundtrack feat. the Songs of ABBA) [Bonus Track Version],,"album not matched on MB (mostly editions, soundtracks, very recent) — iTunes recency lane"
charts:apple-kr#8,album-not-on-mb,반타01 & MPT,아름8,,"album not matched on MB (mostly editions, soundtracks, very recent) — iTunes recency lane"
charts:apple-kr#19,album-not-on-mb,소연,끝내주는 인생,,"album not matched on MB (mostly editions, soundtracks, very recent) — iTunes recency lane"
charts:apple-kr#27,album-not-on-mb,Unofficialboyy,새천년,,"album not matched on MB (mostly editions, soundtracks, very recent) — iTunes recency lane"
charts:apple-kr#48,album-not-on-mb,Fleeky Bang,ANTI,,"album not matched on MB (mostly editions, soundtracks, very recent) — iTunes recency lane"
charts:apple-kr#54,album-not-on-mb,SYSTEM SEOUL,SS-POP,,"album not matched on MB (mostly editions, soundtracks, very recent) — iTunes recency lane"
charts:apple-kr#67,album-not-on-mb,NO:EL,TRIPONOEL,,"album not matched on MB (mostly editions, soundtracks, very recent) — iTunes recency lane"
charts:apple-kr#91,album-not-on-mb,김민석 & 웬디,이 사랑 통역 되나요? (Soundtrack from the Netflix Series),,"album not matched on MB (mostly editions, soundtracks, very recent) — iTunes recency lane"
charts:apple-kr#92,album-not-on-mb,RADWIMPS,Your Name.,,"album not matched on MB (mostly editions, soundtracks, very recent) — iTunes recency lane"
charts:apple-kr#96,album-not-on-mb,백예린,선물 - EP,,"album not matched on MB (mostly editions, soundtracks, very recent) — iTunes recency lane"
charts:apple-jp#1,album-not-on-mb,M!LK,LOVE ENG!NE,,"album not matched on MB (mostly editions, soundtracks, very recent) — iTunes recency lane"
charts:apple-jp#2,album-not-on-mb,Snow Man,AMENITY,,"album not matched on MB (mostly editions, soundtracks, very recent) — iTunes recency lane"
charts:apple-jp#4,album-not-on-mb,BE:FIRST,WATCH ME - EP,,"album not matched on MB (mostly editions, soundtracks, very recent) — iTunes recency lane"
charts:apple-jp#21,album-not-on-mb,MIKADO,FAME FLAME,,"album not matched on MB (mostly editions, soundtracks, very recent) — iTunes recency lane"
charts:apple-jp#26,album-not-on-mb,マカロニえんぴつ,運命さがし EP,,"album not matched on MB (mostly editions, soundtracks, very recent) — iTunes recency lane"
charts:apple-jp#35,album-not-on-mb,INI,ANTHEM - EP,,"album not matched on MB (mostly editions, soundtracks, very recent) — iTunes recency lane"
charts:apple-jp#36,album-not-on-mb,福山 雅治,超新星,,"album not matched on MB (mostly editions, soundtracks, very recent) — iTunes recency lane"
charts:apple-jp#45,album-not-on-mb,Mrs. GREEN APPLE,POPS,,"album not matched on MB (mostly editions, soundtracks, very recent) — iTunes recency lane"
charts:apple-jp#57,album-not-on-mb,timelesz,MOMENTUM,,"album not matched on MB (mostly editions, soundtracks, very recent) — iTunes recency lane"
charts:apple-jp#99,album-not-on-mb,SixTONES,スト夏の思い出2026 - EP,,"album not matched on MB (mostly editions, soundtracks, very recent) — iTunes recency lane"
charts:apple-br#9,album-not-on-mb,Flora Matos,FLOWRA FM - DISCO VOADOR 4,,"album not matched on MB (mostly editions, soundtracks, very recent) — iTunes recency lane"
charts:apple-br#27,album-not-on-mb,Gustavo Mioto,PENSAMENTOS INTRUSIVOS,,"album not matched on MB (mostly editions, soundtracks, very recent) — iTunes recency lane"
charts:apple-br#58,album-not-on-mb,Péricles,Camuflagem,,"album not matched on MB (mostly editions, soundtracks, very recent) — iTunes recency lane"
charts:apple-br#76,album-not-on-mb,Pablo,"Pablo 20 ANOS, Pt. 1 (Ao Vivo)",,"album not matched on MB (mostly editions, soundtracks, very recent) — iTunes recency lane"
charts:apple-mx#25,album-not-on-mb,Tito Double P,ACOMODO,,"album not matched on MB (mostly editions, soundtracks, very recent) — iTunes recency lane"
charts:apple-mx#28,album-not-on-mb,Calle 24,ETERNO,,"album not matched on MB (mostly editions, soundtracks, very recent) — iTunes recency lane"
charts:apple-mx#32,album-not-on-mb,EMJAY,Pop Pesado,,"album not matched on MB (mostly editions, soundtracks, very recent) — iTunes recency lane"
charts:apple-mx#47,album-not-on-mb,Neton Vega,DELIRIUM,,"album not matched on MB (mostly editions, soundtracks, very recent) — iTunes recency lane"
charts:apple-mx#48,album-not-on-mb,"Mentiras: La Serie, Luis Gerardo Méndez, Belinda & Mariana Treviño",Mentiras: La Serie,,"album not matched on MB (mostly editions, soundtracks, very recent) — iTunes recency lane"
charts:apple-mx#49+apple-es#6,album-not-on-mb,FANTA ROSARIO,LA AMENAZA,,"album not matched on MB (mostly editions, soundtracks, very recent) — iTunes recency lane"
charts:apple-mx#52+apple-es#19,album-not-on-mb,Rels B,fill de la mar (2026),,"album not matched on MB (mostly editions, soundtracks, very recent) — iTunes recency lane"
charts:apple-mx#53,album-not-on-mb,La Santa Grifa,Mundo Retorcido,,"album not matched on MB (mostly editions, soundtracks, very recent) — iTunes recency lane"
charts:apple-mx#83,album-not-on-mb,Oscar Maydon,DISTORSIÓN,,"album not matched on MB (mostly editions, soundtracks, very recent) — iTunes recency lane"
charts:apple-de#25,album-not-on-mb,CIVO,Ich muss dir noch was sagen,,"album not matched on MB (mostly editions, soundtracks, very recent) — iTunes recency lane"
charts:apple-de#31,album-not-on-mb,Wolfgang Petry,Ein Leben lang,,"album not matched on MB (mostly editions, soundtracks, very recent) — iTunes recency lane"
charts:apple-de#34,album-not-on-mb,Summer Cem,DUMAN,,"album not matched on MB (mostly editions, soundtracks, very recent) — iTunes recency lane"
charts:apple-de#35,album-not-on-mb,Till Lindemann,Live In Krakow,,"album not matched on MB (mostly editions, soundtracks, very recent) — iTunes recency lane"
charts:apple-de#47+apple-fr#1+apple-ca#6+apple-es#40,album-not-on-mb,Tiakola,WpointM,,"album not matched on MB (mostly editions, soundtracks, very recent) — iTunes recency lane"
charts:apple-de#66,album-not-on-mb,Matthias Reim,Flashback,,"album not matched on MB (mostly editions, soundtracks, very recent) — iTunes recency lane"
charts:apple-de#95,album-not-on-mb,Teuterekordz & Sechser,Eins Sechser Eins,,"album not matched on MB (mostly editions, soundtracks, very recent) — iTunes recency lane"
charts:apple-de#98,album-not-on-mb,LOKIMITDERMASKE & Doktormethoden & Doktormithoden,DOKTOR MIT DER MASKE,,"album not matched on MB (mostly editions, soundtracks, very recent) — iTunes recency lane"
charts:apple-fr#2+apple-ca#23,album-not-on-mb,Tiakola,WpointM - 93120 - EP,,"album not matched on MB (mostly editions, soundtracks, very recent) — iTunes recency lane"
charts:apple-fr#10,album-not-on-mb,TRIANGLE DES BERMUDES,"404 (feat. Kokosvoice, MC YOSHI & Mauvais Djo)",,"album not matched on MB (mostly editions, soundtracks, very recent) — iTunes recency lane"
charts:apple-fr#41,album-not-on-mb,Fally Ipupa,XX : Délirium,,"album not matched on MB (mostly editions, soundtracks, very recent) — iTunes recency lane"
charts:apple-fr#55,album-not-on-mb,SDM,OCHO (Deluxe),,"album not matched on MB (mostly editions, soundtracks, very recent) — iTunes recency lane"
charts:apple-ca#15+apple-in#9,album-not-on-mb,Nijjar,Autobiography,,"album not matched on MB (mostly editions, soundtracks, very recent) — iTunes recency lane"
charts:apple-ca#85,album-not-on-mb,Max McNown,Leave On A Light,,"album not matched on MB (mostly editions, soundtracks, very recent) — iTunes recency lane"
charts:apple-es#14,album-not-on-mb,Pablo López,El Cuatro,,"album not matched on MB (mostly editions, soundtracks, very recent) — iTunes recency lane"
charts:apple-es#55,album-not-on-mb,Shakira,Fijación Oral Volumen 1 (Expanded Edition),,"album not matched on MB (mostly editions, soundtracks, very recent) — iTunes recency lane"
charts:apple-in#7,album-not-on-mb,"Anand Bhaskar, Parry G, Junaid Kumar, Ray, Dhanda Nyoliwala, Ginny Diwan, Kumaar, Nusrat Fateh Ali Khan & Tejpal",Mirzapur The Movie (Original Motion Picture Soundtrack),,"album not matched on MB (mostly editions, soundtracks, very recent) — iTunes recency lane"
charts:apple-in#16,album-not-on-mb,Pardeep Sran,BrotherHood,,"album not matched on MB (mostly editions, soundtracks, very recent) — iTunes recency lane"
charts:apple-in#58,album-not-on-mb,Arjan Dhillon,Patander,,"album not matched on MB (mostly editions, soundtracks, very recent) — iTunes recency lane"
charts:apple-in#70,album-not-on-mb,"Jakes Bejoy, Rafeeq Ahamed, Jabir Sulaim, Joker390P, Muri & Muthu",Khalifa (Original Motion Picture Soundtrack),,"album not matched on MB (mostly editions, soundtracks, very recent) — iTunes recency lane"
charts:apple-in#87,album-not-on-mb,Raga,NO FORMULA,,"album not matched on MB (mostly editions, soundtracks, very recent) — iTunes recency lane"
charts:apple-in#90,album-not-on-mb,"Chani Nattan, Inderpal Moga & Byg Byrd",REAL PROBLEMS - EP,,"album not matched on MB (mostly editions, soundtracks, very recent) — iTunes recency lane"
charts:deezer-global#19,album-not-on-mb,Mouse On The Keys,Portrait of Impulse,,"album not matched on MB (mostly editions, soundtracks, very recent) — iTunes recency lane"
charts:deezer-global#37,album-not-on-mb,Barbra Streisand,Funny Girl - Original Soundtrack Recording,,"album not matched on MB (mostly editions, soundtracks, very recent) — iTunes recency lane"
charts:deezer-global#57,album-not-on-mb,Motörhead,March Or Die,,"album not matched on MB (mostly editions, soundtracks, very recent) — iTunes recency lane"
charts:deezer-global#96,album-not-on-mb,Paul Williams,"Bugsy Malone (From ""Bugsy Malone"" Original Motion Picture Soundtrack)",,"album not matched on MB (mostly editions, soundtracks, very recent) — iTunes recency lane"
charts:apple-kr#13,artist-missing-not-on-mb,리도어,Memory - EP,,not on MB — Deezer/iTunes seed or out of scope
charts:apple-kr#60,artist-missing-not-on-mb,재지팩트,Lifes Like,,not on MB — Deezer/iTunes seed or out of scope
charts:apple-kr#68,artist-missing-not-on-mb,플로우뮤직,지브리 OST 피아노,,not on MB — Deezer/iTunes seed or out of scope
charts:apple-kr#89,artist-missing-not-on-mb,고스트클럽,Boogie Nights,,not on MB — Deezer/iTunes seed or out of scope
charts:apple-jp#10,artist-missing-not-on-mb,超かぐや姫!,超かぐや姫!,,not on MB — Deezer/iTunes seed or out of scope
charts:apple-jp#77,artist-missing-not-on-mb,COFFEE MUSIC MODE,昼カフェ音楽・BGM・ピアノとギターの癒し&リラックスカフェミュージック,,not on MB — Deezer/iTunes seed or out of scope
charts:apple-jp#87,artist-missing-not-on-mb,エド・シーラン,÷ (Deluxe),,not on MB — Deezer/iTunes seed or out of scope
charts:apple-jp#89,artist-missing-not-on-mb,Eximo Blue,レストランで流れるおしゃれなジャズBGM,,not on MB — Deezer/iTunes seed or out of scope
charts:apple-br#10,artist-missing-not-on-mb,Som De Chuva e Trovoadas,Chuva e Trovoadas,,not on MB — Deezer/iTunes seed or out of scope
charts:apple-br#15,artist-missing-not-on-mb,Barulho De Chuva,Dormir: Barulho de Chuva,,not on MB — Deezer/iTunes seed or out of scope
charts:apple-br#19,artist-missing-not-on-mb,Chuva Para Dormir,Sons de Chuva Para Dormir,,not on MB — Deezer/iTunes seed or out of scope
charts:apple-br#29,artist-missing-not-on-mb,Ivy Skye,Euphoria,,not on MB — Deezer/iTunes seed or out of scope
charts:apple-mx#51+apple-es#24,artist-missing-not-on-mb,Música Infantil TV,Música para Dormir Bebés - Sonidos de la Naturaleza,,not on MB — Deezer/iTunes seed or out of scope
charts:apple-mx#57,artist-missing-not-on-mb,Varios Artistas,"LA OBSESIÓN, VOL. 1",,not on MB — Deezer/iTunes seed or out of scope
charts:apple-mx#59,artist-missing-not-on-mb,Jimmy Guzman,Intuición,,not on MB — Deezer/iTunes seed or out of scope
charts:apple-mx#64+apple-es#29,artist-missing-not-on-mb,Linda Beldad,Música para Dormir Profundamente: Duermes Bien con Sonidos Relajantes de la Naturaleza,,not on MB — Deezer/iTunes seed or out of scope
charts:apple-mx#67,artist-missing-not-on-mb,Tombochio,STAR,,not on MB — Deezer/iTunes seed or out of scope
charts:apple-de#15,artist-missing-not-on-mb,Verschiedene Interpreten,Die 30 besten Schlaflieder für Kinder,,not on MB — Deezer/iTunes seed or out of scope
charts:apple-de#18,artist-missing-not-on-mb,Torsten Abrolat & Regen Macher,Regen - Regengeräusche,,not on MB — Deezer/iTunes seed or out of scope
charts:apple-de#22,artist-missing-not-on-mb,Verschiedene Interpret:innen,Die 30 besten Herbstlieder für Kinder,,not on MB — Deezer/iTunes seed or out of scope
charts:apple-de#43,artist-missing-not-on-mb,Schlaflieder für Kinder,Sanfte Schlafmusik für Kinder: Beruhigende Melodien für eine gute Nacht,,not on MB — Deezer/iTunes seed or out of scope
charts:apple-de#71,artist-missing-not-on-mb,Lorbeer Regenwald,Entspannungsmusik für Kinder,,not on MB — Deezer/iTunes seed or out of scope
charts:apple-de#72,artist-missing-not-on-mb,Verschiedene Interpret:innen,Italo Hits: Best of Italia,,not on MB — Deezer/iTunes seed or out of scope
charts:apple-de#92,artist-missing-not-on-mb,Verschiedene Interpret:innen,Die Eiskönigin völlig unverfroren (Deluxe Edition),,not on MB — Deezer/iTunes seed or out of scope
charts:apple-de#94,artist-missing-not-on-mb,Verschiedene Interpret:innen,Vaiana (Deutscher Original Film-Soundtrack) [Deluxe Edition],Vaiana (Deutscher Original Film‐Soundtrack) [Deluxe Edition],not on MB — Deezer/iTunes seed or out of scope
charts:apple-es#46,artist-missing-not-on-mb,Ananda Calma,Relajante - Calmar Estres Ansiedad y Dolor de Cabeza,,not on MB — Deezer/iTunes seed or out of scope
charts:apple-es#76,artist-missing-not-on-mb,Puño Dragon,A PALOS,,not on MB — Deezer/iTunes seed or out of scope
charts:apple-es#82,artist-missing-not-on-mb,Técnicas de Meditación Academia & Academia de Música de la Música Ambiente,"50 Canciones de curación para la meditación y la relajación: Música serenidad para el yoga, Spa, Masajes y dormir, Música relajante zen",,not on MB — Deezer/iTunes seed or out of scope
charts:apple-es#94,artist-missing-not-on-mb,Varios Artistas,Grand Theft Auto VI: The Album,Grand Theft Auto VI: The Album,not on MB — Deezer/iTunes seed or out of scope
charts:deezer-global#48,artist-missing-not-on-mb,Rad Pinckard,Best Day Ever,,not on MB — Deezer/iTunes seed or out of scope
charts:deezer-global#76,artist-missing-not-on-mb,Mary Dudley Berry,"Anthropocene, Vol. 1",,not on MB — Deezer/iTunes seed or out of scope
charts:deezer-global#87,artist-missing-not-on-mb,Helli Kale,Riverse,,not on MB — Deezer/iTunes seed or out of scope
charts:apple-us#1+apple-gb#1+apple-kr#3+apple-br#1+apple-mx#1+apple-de#1+apple-fr#4+apple-ca#1+apple-au#1+apple-es#1+apple-in#2,filtered,Taylor Swift,The Life of a Showgirl,The Life of a Showgirl,policy (live / other type)
charts:apple-gb#23+apple-jp#84+apple-br#13+apple-de#2+apple-fr#30+apple-ca#72+apple-au#49+apple-es#20,filtered,LINKIN PARK,Unshatter Film Soundtrack (Live in São Paulo),Unshatter Film Soundtrack (Live in São Paulo),policy (live / other type)
charts:apple-kr#78,filtered,뉴진스,How Sweet - EP,How Sweet,policy (live / other type)
charts:apple-kr#81+apple-jp#7,filtered,Vaundy,"Vaundy DOME TOUR 2026 ""SILENCE"" LIVE SELECTION from TOKYO DOME","Vaundy DOME TOUR 2026 ""SILENCE"" LIVE SELECTION from TOKYO DOME",policy (live / other type)
charts:apple-jp#12,filtered,テイラー・スウィフト,The Life of a Showgirl,The Life of a Showgirl,policy (live / other type)
charts:apple-br#18,filtered,Zé Neto & Cristiano,Vocês & Deus (Ao Vivo no Rio de Janeiro),"Vocês & Deus, Vol. 1 (Ao Vivo no Rio de Janeiro)",policy (live / other type)
charts:apple-br#26,filtered,Henrique & Juliano,Manifesto Musical 2 (Ao Vivo),Manifesto Musical 2 (Ao Vivo),policy (live / other type)
charts:apple-br#45,filtered,Grupo Menos É Mais,Churrasquinho 4 (Ao Vivo),Churrasquinho 4 (Ao Vivo),policy (live / other type)
charts:apple-br#46,filtered,Marília Mendonça,Marília Mendonça (Ao Vivo),Ao vivo,policy (live / other type)
charts:apple-br#65,filtered,Grupo Menos É Mais,MOLHO (Ao Vivo),MOLHO (Ao Vivo),policy (live / other type)
charts:apple-br#82,filtered,Lady Gaga,Apple Music Live: MAYHEM Requiem,Apple Music Live: MAYHEM Requiem,policy (live / other type)
charts:apple-mx#75,filtered,Zoé,MTV Unplugged: Música de Fondo,MTV Unplugged: Música de fondo,policy (live / other type)
charts:deezer-global#94,filtered,Hannah Montana,Hannah Montana/Miley Cyrus: Best of Both Worlds Concert,Best of Both Worlds Concert,policy (live / other type)
charts:apple-us#9+apple-gb#5+apple-de#46+apple-ca#3+apple-au#4,present-title-drift,Noah Kahan,The Great Divide: The Last Of The Bugs,,held under another title
charts:apple-us#37+apple-gb#33+apple-br#23+apple-mx#60+apple-de#56+apple-ca#25+apple-au#20+apple-es#60,present-title-drift,Taylor Swift,THE TORTURED POETS DEPARTMENT: THE ANTHOLOGY,,held under another title
charts:apple-us#44+apple-gb#32+apple-ca#98+apple-au#40,present-title-drift,"Lin-Manuel Miranda, Leslie Odom, Jr., Phillipa Soo, Daveed Diggs & Christopher Jackson",Hamilton: An American Musical (Original Broadway Cast Recording),,held under another title
charts:apple-us#64,present-title-drift,SZA,SOS Deluxe: LANA,,held under another title
charts:apple-us#69+apple-ca#50+apple-au#74,present-title-drift,Ella Langley,still hungover,,held under another title
charts:apple-us#81,present-title-drift,Brent Faiyaz,Icon (Director's Cut),,held under another title
charts:apple-gb#66+apple-br#73+apple-ca#86+apple-au#63,present-title-drift,Olivia Rodrigo,GUTS (spilled),,held under another title
charts:apple-gb#70+apple-de#55+apple-au#79,present-title-drift,ABBA,ABBA Gold: Greatest Hits (40th Anniversary Edition),,held under another title
charts:apple-kr#14,present-title-drift,김심야,Dogma,,held under another title
charts:apple-kr#32,present-title-drift,뉴진스,NewJeans 1st EP 'New Jeans',,held under another title
charts:apple-kr#72,present-title-drift,뉴진스,NewJeans 2nd EP 'Get Up',,held under another title
charts:apple-kr#95,present-title-drift,BIG Naughty,호프리스 로맨틱,,held under another title
charts:apple-kr#100,present-title-drift,볼빨간사춘기,Full Album RED PLANET,,held under another title
charts:apple-jp#85,present-title-drift,TUIDE,TUIDE The 1st EP [TUNE & PLAY] - EP,,held under another title
charts:apple-br#56,present-title-drift,"Dominguinho, João Gomes, Mestrinho & Jota.pê",Dominguinho Vol. 2 (Ao Vivo),,held under another title
charts:apple-br#70,present-title-drift,Ariana Grande,Dangerous Woman (Video Album),,held under another title
charts:apple-br#84,present-title-drift,Racionais MC's,"Nada Como um Dia Após o Outro Dia, Vol. 1 & 2",,held under another title
charts:apple-mx#2,present-title-drift,Natanael Cano,"Natanael Cano, Vol.1",,held under another title
charts:apple-mx#100,present-title-drift,Luis Miguel,México en la Piel (Edición Diamante),,held under another title
charts:apple-de#5,present-title-drift,Backstreet Boys,Millennium 2.0,,held under another title
charts:apple-de#26,present-title-drift,Die Toten Hosen,"""Trink aus, wir müssen gehen!“ + Bonusalbum ""Alles muss raus!“",,held under another title
charts:apple-de#74+apple-au#100,present-title-drift,Rihanna,Good Girl Gone Bad: Reloaded,,held under another title
charts:apple-fr#48,present-title-drift,Bouss,Depuis le temps (Pour la miff),,held under another title
charts:apple-fr#58,present-title-drift,Guy2Bezbar,JEUNESSE DORÉE MUSIC,,held under another title
charts:apple-fr#87,present-title-drift,Dadju,Gentleman 2.0 (Réédition),,held under another title
charts:apple-au#31,present-title-drift,John Farnham,John Farnham: Greatest Hits,,held under another title
charts:apple-es#30,present-title-drift,ROSALÍA,LUX (Complete Works),,held under another title
charts:apple-es#78,present-title-drift,C. Tangana,El Madrileño (La Sobremesa),,held under another title
charts:apple-in#6,present-title-drift,Shashwat Sachdev & Irshad Kamil,Dhurandhar The Revenge (Original Motion Picture Soundtrack),,held under another title
charts:apple-in#20,present-title-drift,"Mithoon, Ankit Tiwari & Jeet Gannguli",Aashiqui 2 (Original Motion Picture Soundtrack),,held under another title
charts:apple-in#21,present-title-drift,A.R. Rahman,Rockstar (Original Motion Picture Soundtrack),,held under another title
charts:apple-in#24,present-title-drift,"Sachet-Parampara, Vishal Mishra, Mithoon, Akhil Sachdeva & Amaal Mallik",Kabir Singh (Original Motion Picture Soundtrack),,held under another title
charts:apple-in#33,present-title-drift,Sai Abhyankkar,Dude (Original Motion Picture Soundtrack),,held under another title
charts:apple-in#36,present-title-drift,Pritam & Amitabh Bhattacharya,Cocktail 2 (Original Motion Picture Soundtrack),,held under another title
charts:apple-in#41,present-title-drift,Pritam,Ae Dil Hai Mushkil (Deluxe Edition) [Original Motion Picture Soundtrack],,held under another title
charts:apple-in#44,present-title-drift,Pritam,Yeh Jawaani Hai Deewani (Original Motion Picture Soundtrack),,held under another title
charts:apple-in#51,present-title-drift,"Vishal Mishra, Ravi Basrur, Tanishk Bagchi & Arslan Nizami",Toxic - Kannada (Original Motion Picture Soundtrack),,held under another title
charts:apple-in#53,present-title-drift,"Pritam, Mustafa Zahid, Annie & Rafaqat Ali Khan",Awarapan (Original Motion Picture Soundtrack),,held under another title
charts:apple-in#54,present-title-drift,The Weeknd,Hurry Up Tomorrow (Video Album),,held under another title
charts:apple-in#55,present-title-drift,A.R. Rahman & Irshad Kamil,Main Vaapas Aaunga (Original Motion Picture Soundtrack),,held under another title
charts:apple-in#56,present-title-drift,Sai Abhyankkar,Dude (Telugu) [Original Motion Picture Soundtrack],,held under another title
charts:apple-in#61,present-title-drift,Hariharan,Shree Hanuman Chalisa (Hanuman Ashtak),,held under another title
charts:apple-in#63,present-title-drift,Shankar Ehsaan Loy,Bhaag Milkha Bhaag (Original Motion Picture Soundtrack),,held under another title
charts:apple-in#65,present-title-drift,Pritam,Desi Boyz (Original Motion Picture Soundtrack),,held under another title
charts:apple-in#71,present-title-drift,Pritam,Love Aaj Kal (Original Motion Picture Soundtrack),,held under another title
charts:apple-in#75,present-title-drift,"Anirudh Ravichander, Vivek, Amogh Balaji & Karthik Netha",Jana Nayagan (Original Motion Picture Soundtrack),,held under another title
charts:apple-in#77,present-title-drift,Pritam & Sandesh Sandilya,Jab We Met (Original Motion Picture Soundtrack),,held under another title
charts:apple-in#78,present-title-drift,Pritam,Jannat (Original Motion Picture Soundtrack),,held under another title
charts:apple-in#80,present-title-drift,Pritam,Ajab Prem Ki Ghazab Kahani (Original Motion Picture Soundtrack),,held under another title
charts:apple-in#82,present-title-drift,Pritam,Race 2 (Original Motion Picture Soundtrack),,held under another title
charts:apple-in#83,present-title-drift,Shankar Ehsaan Loy,Zindagi Na Milegi Dobara (Original Motion Picture Soundtrack),,held under another title
charts:apple-in#86,present-title-drift,"Yo Yo Honey Singh, Anand Raj Anand, Amaal Mallik, Zack Knight, Guru Randhawa, Rajat Nagpal, Rochak Kohli & Saurabh Vaibhav",Sonu Ke Titu Ki Sweety (Original Motion Picture Soundtrack),,held under another title
charts:apple-in#89,present-title-drift,Vishal & Shekhar,Anjaana Anjaani (Original Motion Picture Soundtrack),,held under another title
charts:apple-in#92,present-title-drift,Sachin Gupta,Prince (Original Motion Picture Soundtrack),,held under another title
charts:apple-in#94,present-title-drift,Vishal & Shekhar,Bachna Ae Haseeno (Original Soundtrack),,held under another title
charts:apple-in#98,present-title-drift,Vishal & Shekhar,Ra-One (Original Motion Picture Soundtrack),,held under another title
charts:apple-in#100,present-title-drift,"Pritam, Irshad Kamil & Amitabh Bhattacharya",Cocktail (Original Motion Picture Soundtrack),,held under another title
charts:deezer-global#16,present-title-drift,ATLUS Sound Team,Shin Megami Tensei V: Vengeance Original Soundtrack,,held under another title
charts:deezer-global#22,present-title-drift,Hans Zimmer,Blade Runner 2049 (Original Motion Picture Soundtrack),,held under another title
charts:deezer-global#61,present-title-drift,Michael Jackson,Michael Jackson's This Is It,,held under another title
charts:deezer-global#73,present-title-drift,Arthur Russell,Love Is Overtaking Me (Redux),,held under another title
charts:deezer-global#92,present-title-drift,Les Arts Florissants,Rameau: Castor & Pollux,,held under another title
charts:deezer-global#98,present-title-drift,Bernard Herrmann,North By Northwest (Original Motion Picture Soundtrack),,held under another title
charts:apple-us#56+apple-ca#69,edition-of-present,Drake,For All The Dogs Scary Hours Edition,,deluxe/anniversary edition of an album we hold — not a gap
charts:apple-us#57+apple-gb#52+apple-ca#22+apple-au#23,edition-of-present,Noah Kahan,Stick Season (Forever),,deluxe/anniversary edition of an album we hold — not a gap
charts:apple-gb#37+apple-br#11+apple-mx#76+apple-de#58+apple-fr#98+apple-au#32+apple-es#16,edition-of-present,Madonna,CONFESSIONS II: Afterhours Edition,,deluxe/anniversary edition of an album we hold — not a gap
charts:apple-kr#37,edition-of-present,코르티스,GREENGREEN_playextended,,deluxe/anniversary edition of an album we hold — not a gap
charts:apple-br#64,edition-of-present,Ariana Grande,eternal sunshine deluxe: brighter days ahead,,deluxe/anniversary edition of an album we hold — not a gap
charts:apple-fr#100,edition-of-present,Kaaris,Or Noir Part 2 (Deluxe),,deluxe/anniversary edition of an album we hold — not a gap
charts:apple-ca#74+apple-au#55,edition-of-present,Luke Combs,This One’s for You Too (Deluxe Edition),,deluxe/anniversary edition of an album we hold — not a gap
charts:apple-us#29+apple-gb#35+apple-ca#26,out-of-scope,SleepTherapy,"Brown Noise: Loops for Relaxation, Deep Sleep, Meditation, And Babies",,Various Artists / sleep & kids audio
charts:apple-us#33,out-of-scope,Silent Chills,Rain Sounds For Sleep,,Various Artists / sleep & kids audio
charts:apple-us#41+apple-gb#17+apple-ca#17+apple-au#5,out-of-scope,Baby Lullaby Academy,Baby Lullaby: Relaxing Piano Lullabies and Natural Sleep Aid for Baby Sleep Music,,Various Artists / sleep & kids audio
charts:apple-us#58+apple-ca#66+apple-in#81,out-of-scope,Various Artists,Grand Theft Auto VI: The Album,,Various Artists / sleep & kids audio
charts:apple-gb#21,out-of-scope,Rain Sounds,To Fall Asleep To,,Various Artists / sleep & kids audio
charts:apple-gb#26,out-of-scope,Various Artists,My Favourite Nursery Rhymes,,Various Artists / sleep & kids audio
charts:apple-kr#59,out-of-scope,Various Artists,쇼미더머니 12 Episode 2,,Various Artists / sleep & kids audio
charts:apple-kr#73,out-of-scope,Various Artists,Spider-Man: Into the Spider-Verse (Soundtrack From & Inspired by the Motion Picture) [Deluxe Edition],,Various Artists / sleep & kids audio
charts:apple-kr#97,out-of-scope,자장가,숙면을 위한 감성 피아노 연주곡 베스트,,Various Artists / sleep & kids audio
charts:apple-jp#6,out-of-scope,Relax α Wave,ぐっすり眠れるα波 ~ ディズニー プレミアム・オルゴール・ベスト,,Various Artists / sleep & kids audio
charts:apple-jp#8,out-of-scope,Various Artists,『映画ちいかわ 人魚の島のひみつ』オリジナル・サウンドトラック Part1,,Various Artists / sleep & kids audio
charts:apple-jp#13,out-of-scope,Relax α Wave,すやすや赤ちゃんα波 ぐっすりおやすみオルゴール プレミアムベスト,,Various Artists / sleep & kids audio
charts:apple-jp#17,out-of-scope,RELAX WORLD,眠れるジブリ・オルゴール,,Various Artists / sleep & kids audio
charts:apple-jp#22,out-of-scope,Various Artists,『映画ちいかわ 人魚の島のひみつ』オリジナル・サウンドトラック Part2,,Various Artists / sleep & kids audio
charts:apple-jp#24,out-of-scope,赤ちゃんが泣き止む音,赤ちゃんが泣きやんで安眠する胎内音 ディズニーセレクション,,Various Artists / sleep & kids audio
charts:apple-jp#25,out-of-scope,α Healing,眠れるディズニーオルゴール MUSIC BOX BEST COLLECTION,,Various Artists / sleep & kids audio
charts:apple-jp#63,out-of-scope,Dream Star,心地良い睡眠 〜脳の休息〜,,Various Artists / sleep & kids audio
charts:apple-jp#73,out-of-scope,睡眠音楽の極み-Sleeping village-,これ、すっっげー眠くなる。聴くだけでぐっすり眠れる。癒しの睡眠導入音楽 リラックスギターとα波のヒーリングミュージック!!!,,Various Artists / sleep & kids audio
charts:apple-jp#90,out-of-scope,Relaxing Piano Crew,ゆったり癒しの夜ジャズピアノ ~隠れ家バーで流れる心落ち着くBGM~,,Various Artists / sleep & kids audio
charts:apple-jp#93,out-of-scope,赤ちゃん泣き止む,赤ちゃん 寝かしつけ音楽,,Various Artists / sleep & kids audio
charts:apple-jp#94,out-of-scope,睡眠導入,"大人の寝落ち音楽 - 疲労回復, 睡眠負債を解消する, ストレスリリーフ",,Various Artists / sleep & kids audio
charts:apple-br#39,out-of-scope,Som De Chuva E Tempestades,"Som De Chuva - Sons da Chuva para Meditar, Relaxar e Dormir",,Various Artists / sleep & kids audio
charts:apple-br#88,out-of-scope,César Sol,"Música para Dormir Profundamente - 101 Canções para Relaxar a Mente, Musicas Super Relaxante",,Various Artists / sleep & kids audio
charts:apple-au#66,out-of-scope,Derrol,Rain Sounds to Fall Asleep to: Soothing Rain Sounds to Fall Asleep with (Deluxe),,Various Artists / sleep & kids audio
charts:apple-au#85,out-of-scope,White Noise For Babies,Best White Noise For Baby Sleep - Loopable With No Fade,,Various Artists / sleep & kids audio
charts:apple-au#93,out-of-scope,"Study Music & Sounds, Einstein Study Music Academy & Study Alpha Waves",Brown Noise Loops,,Various Artists / sleep & kids audio
charts:apple-au#96,out-of-scope,Music for Dreaming,Music for Dreaming for baby,,Various Artists / sleep & kids audio
charts:apple-in#5,out-of-scope,Various Artists,Dhurandhar (Original Motion Picture Soundtrack),,Various Artists / sleep & kids audio
charts:apple-in#11,out-of-scope,Various Artists,Saiyaara (Extended Album) [Original Motion Picture Soundtrack],,Various Artists / sleep & kids audio
charts:apple-in#60,out-of-scope,Various Artists,Ganpati Songs - Marathi,,Various Artists / sleep & kids audio
charts:apple-in#79,out-of-scope,Various Artists,Bollywood Party Hits Essentials,,Various Artists / sleep & kids audio
charts:deezer-global#43,out-of-scope,Shannon and The Clams,Sleep Talk,,Various Artists / sleep & kids audio
charts:deezer-global#99,out-of-scope,Various Artists,Ant-Man (Original Motion Picture Soundtrack),,Various Artists / sleep & kids audio
lastfm,artist-stub,Frank Sinatra,,5048965 listeners,ingest stub discography
lastfm,artist-stub,Johnny Cash,,4172433 listeners,ingest stub discography
lastfm,artist-missing,Djo,,2487732 listeners,queue by MBID / Deezer seed
lastfm,artist-missing,Roar,,1619360 listeners,queue by MBID / Deezer seed
lastfm,artist-stub,League of Legends,,1292804 listeners,ingest stub discography
lastfm,artist-stub,Cuco,,1286414 listeners,ingest stub discography
lastfm,artist-stub,Ken Carson,,1241501 listeners,ingest stub discography
lastfm,artist-missing,Sports,,1165720 listeners,queue by MBID / Deezer seed
lastfm,artist-stub,Dean Blunt,,1027281 listeners,ingest stub discography
lastfm,artist-missing,Jack Stauber's Micropop,,979704 listeners,queue by MBID / Deezer seed
lastfm,artist-missing,Shelly,,928504 listeners,queue by MBID / Deezer seed
lastfm,artist-missing,ADÉLA,,666090 listeners,queue by MBID / Deezer seed
lastfm,artist-missing,A-wall,,611337 listeners,queue by MBID / Deezer seed
lastfm,artist-missing,Hot Freaks,,517556 listeners,queue by MBID / Deezer seed
lastfm,artist-stub,Jão,,457829 listeners,ingest stub discography
lastfm,artist-missing,Feng,,409842 listeners,queue by MBID / Deezer seed
lastfm,artist-missing,After,,369584 listeners,queue by MBID / Deezer seed
lastfm,artist-missing,GIRLSET,,222793 listeners,queue by MBID / Deezer seed
lastfm,artist-missing,Mollie Elizabeth,,108682 listeners,queue by MBID / Deezer seed
lastfm,artist-stub,Urias,,11329 listeners,ingest stub discography
lastfm,artist-missing,RAPROJECT SIX,,4993 listeners,queue by MBID / Deezer seed
lastfm,artist-missing,Gat Putch,,4651 listeners,queue by MBID / Deezer seed
lastfm,artist-missing,Uncle Dags,,4062 listeners,queue by MBID / Deezer seed
lastfm,artist-missing,shirebound,,4012 listeners,queue by MBID / Deezer seed
lastfm,artist-missing,Alex Crichton,,3861 listeners,queue by MBID / Deezer seed
lastfm,artist-missing,Jin DC,,3684 listeners,queue by MBID / Deezer seed
lastfm,artist-missing,Mariah Deborah,,3253 listeners,queue by MBID / Deezer seed
lastfm,artist-missing,Esremborak,,3119 listeners,queue by MBID / Deezer seed
lastfm,artist-missing,Orange & Lemons,,3007 listeners,queue by MBID / Deezer seed
lastfm,artist-missing,groundZERO Records,,2799 listeners,queue by MBID / Deezer seed
lastfm,artist-missing,The Itchyworms,,2785 listeners,queue by MBID / Deezer seed
lastfm,artist-missing,Willie Revillame,,2732 listeners,queue by MBID / Deezer seed
lastfm,artist-missing,Demi,,2629 listeners,queue by MBID / Deezer seed
lastfm,artist-missing,Lo Ki,,2415 listeners,queue by MBID / Deezer seed
lastfm,artist-missing,OLG Zak,,2381 listeners,queue by MBID / Deezer seed
lastfm,artist-stub,Mata,,2243 listeners,ingest stub discography
lastfm,artist-missing,Bedoes 2115,,1786 listeners,queue by MBID / Deezer seed
lastfm,artist-stub,Tony Boy,,1752 listeners,ingest stub discography
lastfm,artist-stub,PLK,,1695 listeners,ingest stub discography
lastfm,artist-missing,Omar Camacho,,1632 listeners,queue by MBID / Deezer seed
lastfm,artist-stub,Hamza,,1486 listeners,ingest stub discography
lastfm,artist-missing,La Arrolladora Banda El Limón de Rene Camacho,,1479 listeners,queue by MBID / Deezer seed
lastfm,artist-missing,ARJN,,1420 listeners,queue by MBID / Deezer seed
lastfm,artist-stub,Lazza,,1279 listeners,ingest stub discography
lastfm,artist-stub,Dhanda Nyoliwala,,1229 listeners,ingest stub discography
lastfm,artist-missing,Wane,,1170 listeners,queue by MBID / Deezer seed
lastfm,artist-missing,Tan Bionica,,1154 listeners,queue by MBID / Deezer seed
lastfm,artist-missing,Jind Universe,,1093 listeners,queue by MBID / Deezer seed
lastfm,artist-missing,Młody West,,1090 listeners,queue by MBID / Deezer seed
lastfm,artist-stub,Papa V,,1073 listeners,ingest stub discography
lastfm,artist-missing,Chivas,,1037 listeners,queue by MBID / Deezer seed
lastfm,artist-missing,Fro!,,967 listeners,queue by MBID / Deezer seed
lastfm,artist-missing,Raim Laode,,881 listeners,queue by MBID / Deezer seed
lastfm,artist-missing,Eladio Carrion,,801 listeners,queue by MBID / Deezer seed
lastfm,artist-missing,La Noche,,782 listeners,queue by MBID / Deezer seed
lastfm,artist-missing,Maria Becerra,,754 listeners,queue by MBID / Deezer seed
lastfm,artist-missing,Zeki Arkun,,730 listeners,queue by MBID / Deezer seed
lastfm,artist-missing,Paky,,710 listeners,queue by MBID / Deezer seed
lastfm,artist-missing,aira,,705 listeners,queue by MBID / Deezer seed
lastfm,artist-missing,Estoy Bien,,701 listeners,queue by MBID / Deezer seed
lastfm,artist-missing,Santaferia,,697 listeners,queue by MBID / Deezer seed
lastfm,artist-missing,Amar Azul,,684 listeners,queue by MBID / Deezer seed
lastfm,artist-stub,Nitro,,682 listeners,ingest stub discography
lastfm,artist-missing,noche de brujas,,671 listeners,queue by MBID / Deezer seed
lastfm,artist-missing,eńau,,635 listeners,queue by MBID / Deezer seed
lastfm,artist-missing,Marcell,,609 listeners,queue by MBID / Deezer seed
lastfm,artist-missing,Machete,,589 listeners,queue by MBID / Deezer seed
lastfm,artist-missing,Bryartz,,545 listeners,queue by MBID / Deezer seed
lastfm,artist-missing,Cámara Chilena de la Destrucción,,527 listeners,queue by MBID / Deezer seed
lastfm,artist-missing,Akbar Chalay,,519 listeners,queue by MBID / Deezer seed
lastfm,artist-missing,Era7capone,,510 listeners,queue by MBID / Deezer seed
lastfm,artist-missing,Kayra,,504 listeners,queue by MBID / Deezer seed
lastfm,artist-missing,J Alvarez,,501 listeners,queue by MBID / Deezer seed
lastfm,artist-stub,JVG,,472 listeners,ingest stub discography
lastfm,artist-missing,KAVAK,,463 listeners,queue by MBID / Deezer seed
lastfm,artist-missing,Radikal,,458 listeners,queue by MBID / Deezer seed
lastfm,artist-missing,Karpe,,455 listeners,queue by MBID / Deezer seed
lastfm,artist-stub,Mirella,,368 listeners,ingest stub discography
lastfm,artist-missing,Mavo,,317 listeners,queue by MBID / Deezer seed
lastfm,artist-stub,Young Jonn,,280 listeners,ingest stub discography
lastfm,artist-stub,Fola,,252 listeners,ingest stub discography
lastfm,artist-missing,ULD,,248 listeners,queue by MBID / Deezer seed
lastfm,artist-missing,Kaizers Orchestra,,236 listeners,queue by MBID / Deezer seed
lastfm,artist-missing,KAESTYLE,,222 listeners,queue by MBID / Deezer seed
lastfm,artist-stub,Ruger,,202 listeners,ingest stub discography
lastfm,artist-missing,Zaylevelten,,201 listeners,queue by MBID / Deezer seed
lastfm,artist-missing,Famous pluto,,196 listeners,queue by MBID / Deezer seed
lastfm,artist-stub,Adekunle GOLD,,179 listeners,ingest stub discography
lastfm,artist-missing,Kwate,,168 listeners,queue by MBID / Deezer seed
lastfm,artist-missing,KEMUEL,,162 listeners,queue by MBID / Deezer seed
lastfm,artist-missing,Kidd Carder,,152 listeners,queue by MBID / Deezer seed
lastfm,artist-stub,Joeboy,,144 listeners,ingest stub discography
lastfm,artist-missing,Shoday,,138 listeners,queue by MBID / Deezer seed
lastfm,artist-missing,ABEFE,,129 listeners,queue by MBID / Deezer seed
lastfm,artist-stub,Sarz,,118 listeners,ingest stub discography
lastfm,artist-missing,RUNTOWN,,117 listeners,queue by MBID / Deezer seed
lastfm,artist-stub,Zlatan,,116 listeners,ingest stub discography
lastfm,artist-missing,scottyolorin,,116 listeners,queue by MBID / Deezer seed
lastfm,artist-missing,Shaiboy,,111 listeners,queue by MBID / Deezer seed
lastfm,artist-missing,Txmmyily,,111 listeners,queue by MBID / Deezer seed
lastfm,artist-missing,DARKoO,,108 listeners,queue by MBID / Deezer seed
lastfm,artist-missing,Kunmie,,104 listeners,queue by MBID / Deezer seed
lastfm,artist-missing,Tml Vibez,,103 listeners,queue by MBID / Deezer seed
lastfm,artist-missing,Specikinging,,102 listeners,queue by MBID / Deezer seed
lastfm,artist-missing,Ayo Maff,,102 listeners,queue by MBID / Deezer seed
lastfm,artist-stub,DJ Tunez,,102 listeners,ingest stub discography
lastfm,artist-missing,Ajebo Hustlers,,101 listeners,queue by MBID / Deezer seed
lastfm,artist-missing,Bella Shmurda,,100 listeners,queue by MBID / Deezer seed
lastfm,artist-missing,Shaiboy & Chella,,97 listeners,queue by MBID / Deezer seed
lastfm,artist-missing,Specikinging & Davinchiii,,97 listeners,queue by MBID / Deezer seed
lastfm,artist-missing,Spinall,,96 listeners,queue by MBID / Deezer seed
lastfm,artist-missing,Muyeez,,95 listeners,queue by MBID / Deezer seed
lastfm,artist-missing,Alyssa Grace,,92 listeners,queue by MBID / Deezer seed
lastfm,artist-stub,Kemuel & DJ Tunez,,88 listeners,ingest stub discography
lastfm,artist-missing,Kashcoming,,88 listeners,queue by MBID / Deezer seed
lastfm,artist-missing,Magixx,,88 listeners,queue by MBID / Deezer seed
lastfm,artist-missing,P-Square,,84 listeners,queue by MBID / Deezer seed
kr-scene,artist-missing,Woo Won Jae,,,
kr-scene,artist-stub,Owen,,Owen,
kr-scene,artist-missing,Blase,,,
kr-scene,artist-missing,Toigo,,,
kr-scene,artist-missing,DeVita,,,
kr-scene,artist-missing,Jclef,,,
kr-scene,artist-missing,Hate the Sun,,,
kr-feat-collaborators,artist-empty,Sean2Slow,,Sean2Slow,
kr-feat-collaborators,artist-empty,고영열,,고영열,
kr-feat-collaborators,artist-empty,Cokejazz,,Cokejazz,
kr-feat-collaborators,artist-missing,수란,,,
kr-feat-collaborators,artist-missing,Roscoe Umali,,,
kr-feat-collaborators,artist-missing,グリリ,,,
kr-feat-collaborators,artist-missing,김효은,,,
kr-feat-collaborators,artist-empty,Juvie Train,,Juvie Train,
kr-feat-collaborators,artist-empty,하윤주,,하윤주,
kr-feat-collaborators,artist-empty,Styliztik Jones,,Styliztikjones,
kr-feat-collaborators,artist-empty,전제덕,,전제덕,
kr-feat-collaborators,artist-missing,DeVita,,,
kr-feat-collaborators,artist-empty,Kwon Ki Baek,,Kwon Ki Baek,
kr-feat-collaborators,artist-empty,한국사람,,한국사람,
kr-feat-collaborators,artist-empty,이주한,,이주한,
kr-feat-collaborators,artist-empty,Sugar Flow,,Sugar Flow,
kr-feat-collaborators,artist-missing,Maboos,,,
kr-feat-collaborators,artist-empty,Red Roc,,Red Roc,
kr-feat-collaborators,artist-missing,Ann One,,,
kr-feat-collaborators,artist-empty,Simo,,Simo,
kr-feat-collaborators,artist-empty,Brown Bunny,,Brown Bunny,
kr-feat-collaborators,artist-empty,DUT2,,Dut2,
kr-feat-collaborators,artist-missing,화사 of 마마무,,,
kr-feat-collaborators,artist-empty,Warmman,,Warmman,
kr-feat-collaborators,artist-empty,조규현,,조규현,
kr-feat-collaborators,artist-empty,Ray,,Ray,
kr-feat-collaborators,artist-missing,CHANMINA,,,
kr-feat-collaborators,artist-missing,j‐hope of BTS,,,
kr-feat-collaborators,artist-empty,YeSLow,,YeSLow,
kr-feat-collaborators,artist-empty,박정은,,박정은,
kr-feat-collaborators,artist-missing,Dave Lopez,,,
kr-feat-collaborators,artist-empty,Mellow,,Mellow,
kr-feat-collaborators,artist-empty,Enzo.B,,Enzo.B,
kr-feat-collaborators,artist-missing,KIRIN,,,
kr-feat-collaborators,artist-missing,Woo Won Jae,,,
kr-feat-collaborators,artist-empty,허인창,,허인창,
kr-feat-collaborators,artist-missing,DJ Wreckx,,,
kr-feat-collaborators,artist-empty,Kor Kash,,Kor Kash,
kr-feat-collaborators,artist-empty,Youngcook,,Youngcook,
kr-feat-collaborators,artist-missing,JENNIE KIM OF YG NEW ARTIST,,,
kr-feat-collaborators,artist-empty,TEDDY,,TEDDY,
kr-feat-collaborators,artist-missing,Dayday,,,
kr-feat-collaborators,artist-missing,로꼬 Loco,,,
kr-feat-collaborators,artist-empty,GongGongGoo009,,GongGongGoo009,
kr-feat-collaborators,artist-missing,Blase,,,
kr-feat-collaborators,artist-empty,oygli,,oygli,
kr-feat-collaborators,artist-missing,Gist,,,
kr-feat-collaborators,artist-empty,b-soap,,B-Soap,
kr-feat-collaborators,artist-empty,조현아,,조현아,
coverage-testset,artist-stub,Owen,,Owen,
coverage-testset,artist-missing,Blase,,,
coverage-testset,artist-stub,toe,,toe,
queue-ghost,artist-stub,Xamã,,b6d5f68f-0c1d-4888-b842-16151661db50,reset queue row to pending
queue-ghost,artist-missing,J Alvarez,,7453f9b8-1fff-4a32-819f-32943c5476d0,reset queue row to pending
queue-ghost,artist-missing,Timal,,459f3f2f-b7b5-4639-b5b4-a177935848fb,reset queue row to pending
queue-ghost,artist-stub,Lukas Graham,,69cfe463-3075-44d8-b118-02381e4a9ed9,reset queue row to pending
queue-ghost,artist-missing,Veigh,,8b660aba-0b50-4925-a5e4-ad9dec7b5d54,reset queue row to pending
queue-ghost,artist-stub,League of Legends,,c68d3821-4222-4de4-acc3-a838f477433b,reset queue row to pending
queue-ghost,artist-missing,Dalmata,,3821cfaf-cb66-455c-a629-e9ab830b3765,reset queue row to pending
queue-ghost,artist-missing,Kaleo,,107512ee-b101-4de5-b433-0eba72a623b2,reset queue row to pending
queue-ghost,artist-stub,Capo,,df52b5a5-ce38-4982-baae-217f8b9b1ae2,reset queue row to pending
queue-ghost,artist-stub,Hidra,,7e7dfd99-7b34-4d24-be47-e633e6db2442,reset queue row to pending
queue-ghost,artist-stub,R2,,2d73aa1e-d8b1-4b8e-ab0d-96aed173336c,reset queue row to pending
queue-ghost,artist-stub,Cuco,,6f261103-71d0-42e3-8ea6-9763a8f1ef83,reset queue row to pending
queue-ghost,artist-stub,Boef,,1f1a47d4-0167-4ed1-983e-acc40cee4881,reset queue row to pending
queue-ghost,artist-missing,Luiz Lins,,f4352bd5-38fe-41b5-a641-36f6f44dd86c,reset queue row to pending
queue-ghost,artist-missing,Léo Foguete,,8bbd5ffc-6507-4bfa-bcf0-4d502855a7f9,reset queue row to pending
queue-ghost,artist-stub,Ken Carson,,84d4283e-903a-42c4-a0d2-d3949bfa1f3f,reset queue row to pending
queue-ghost,artist-stub,Urias,,4e883e4e-03a6-4573-aa9e-b911a610a095,reset queue row to pending
queue-ghost,artist-stub,Lazza,,dc999240-731a-416d-bb87-816bf47b7984,reset queue row to pending
queue-ghost,artist-missing,Roar,,152e8c18-d65a-4ac5-af97-43a2191d2f64,reset queue row to pending
queue-ghost,artist-missing,Saja Boys,,62e4d845-5a9f-462f-a909-8e480dd3c1b8,reset queue row to pending
queue-ghost,artist-missing,Jack Stauber's Micropop,,611be335-706d-4f51-9171-18d0c9bcd2fe,reset queue row to pending
queue-ghost,artist-stub,Ruel,,a768eede-70f6-43d6-9c64-a968a8598035,reset queue row to pending
queue-ghost,artist-stub,Kalim,,4eebe038-8ac9-4b4f-ba0b-30f0b2645d2c,reset queue row to pending
queue-ghost,artist-stub,Nitro,,52afa561-7384-433e-a8fb-037784a15466,reset queue row to pending
queue-ghost,artist-stub,JVG,,842c0c07-3126-4a42-9e38-07876c0a9a65,reset queue row to pending
queue-ghost,artist-missing,Kulturr,,0b61a3a4-6431-4284-9ea4-e5a0d79ad968,reset queue row to pending
queue-ghost,artist-stub,Shades,,ce987947-6e57-42a3-bd54-b386550da5d8,reset queue row to pending
queue-ghost,artist-stub,Alee,,5512f7aa-cf0e-4119-8784-04b02e3d01d1,reset queue row to pending
queue-ghost,artist-missing,DJ Tao,,33e7a5e4-7907-49ac-9d1e-179975b055ff,reset queue row to pending
queue-ghost,artist-missing,Mostro,,98904f57-12c0-4b61-9370-ca72396d194a,reset queue row to pending
queue-ghost,artist-missing,Machete,,09a7cf5c-3042-4ee9-b1e4-44e9525f1a66,reset queue row to pending
queue-ghost,artist-missing,Febre90s,,37c65b9c-6204-4e60-924d-1dcf7e18730f,reset queue row to pending
queue-ghost,artist-missing,ADÉLA,,7a683b8b-0c84-4bbe-a9d9-89bb5b4cfb4a,reset queue row to pending
queue-ghost,artist-missing,chuyin,,1ff0f19c-1d87-4ab2-8a65-ab2ff0290c07,reset queue row to pending
queue-ghost,artist-missing,Diyar Pala,,c3f3cdd6-22f0-4927-97a7-1493726fc38b,reset queue row to pending
queue-ghost,artist-stub,Syko,,72311269-8625-4783-ad35-94b4d65719d8,reset queue row to pending
queue-ghost,artist-stub,Cream Soda,,2e0edcc4-2c7d-4d86-869e-f8f8edfe56d6,reset queue row to pending
queue-ghost,artist-stub,Dean Blunt,,a279f977-9f70-4e06-b86c-0a438810eefb,reset queue row to pending
queue-ghost,artist-missing,Era7capone,,4aafcd0d-881f-4567-ab90-26d9c4f4e162,reset queue row to pending
queue-ghost,artist-stub,Mata,,e1f16096-475c-4d65-9628-f8a4bc9d463c,reset queue row to pending
queue-ghost,artist-missing,New West,,6e8c745f-fa34-4e60-a47d-c75aec15341e,reset queue row to pending
queue-ghost,artist-missing,Phillipa Soo,,e98fc8a6-f523-462a-b221-b55d935f19d8,reset queue row to pending
queue-ghost,artist-stub,Mukesh,,0e060e04-dadf-4fa9-81b8-bd3f18134417,reset queue row to pending
queue-ghost,artist-missing,Avenoir,,51ffb9b9-02ec-4124-933c-471ba7ef54d5,reset queue row to pending
queue-ghost,artist-stub,Tony Boy,,2c227b43-5d68-458e-83c3-4b4a8793a754,reset queue row to pending
queue-ghost,artist-stub,FRSH,,bb7b6338-c241-4333-8f9c-a020bc55db3e,reset queue row to pending
queue-ghost,artist-missing,Between Friends,,c75b90f7-7a70-471c-85f1-5aa861badda3,reset queue row to pending
queue-ghost,artist-missing,izna,,3a771a1d-1a2f-4446-b695-4c9d21a1fd6f,reset queue row to pending
queue-ghost,artist-stub,Erin,,2c51bfa8-377f-4046-adf8-de0d95c188b5,reset queue row to pending
queue-ghost,artist-missing,ITHAN NY,,87b4a66e-b597-40a2-a1b5-07d2ef33e517,reset queue row to pending
queue-ghost,artist-missing,Sports,,b03bbf4e-4c7a-4acc-8d30-71c360d95b4b,reset queue row to pending
queue-ghost,artist-stub,Papa V,,3b0b67f8-54b1-4cd7-9451-0eeb6e0bce67,reset queue row to pending
queue-ghost,artist-missing,Galee Galee,,18774f1a-130d-4480-96c0-6e2ce279cdc1,reset queue row to pending
queue-ghost,artist-missing,Take Care,,3beae394-1b0e-4fce-9c1d-e2827754e4e3,reset queue row to pending
queue-ghost,artist-missing,Chivas,,a6c288db-9015-43fe-b5cf-7200cf4464b6,reset queue row to pending
queue-ghost,artist-missing,Hot Freaks,,7137722f-14e1-4084-9baa-37e20251ca47,reset queue row to pending
queue-ghost,artist-missing,El Arkeologo,,075b8cbe-5061-468c-9dde-3bdfcfde0639,reset queue row to pending
queue-ghost,artist-missing,Bedoes 2115,,92506130-a483-403f-a89e-7d24f2d2ae03,reset queue row to pending
queue-ghost,artist-missing,Demi,,0a8602ca-2066-4cfd-aa1a-13fa5588f442,reset queue row to pending
queue-ghost,artist-missing,Puterrier,,5e521662-a31a-45a2-bf42-26427246e888,reset queue row to pending
queue-ghost,artist-missing,2115,,ce55b8f5-e5eb-4ac3-80b0-f6138a7983a8,reset queue row to pending
queue-ghost,artist-missing,Tana,,d433ac55-8571-4677-bb5c-01abc46a5fc5,reset queue row to pending
queue-ghost,artist-missing,Olly,,b16f8b0c-b00a-4bbc-b0dc-318fc61ab179,reset queue row to pending
queue-ghost,artist-missing,Feng,,78ed2202-c6d2-4d66-a637-df378d1c4d10,reset queue row to pending
queue-ghost,artist-missing,Lil Naay,,fed41fa8-edcf-4f40-bcba-fcfda72101f8,reset queue row to pending
queue-ghost,artist-missing,SLF,,304e1d3b-05fa-4450-90d5-4000554c35c0,reset queue row to pending
queue-ghost,artist-stub,ayase,,3f49ae70-dd0d-4674-a10f-6b562ff52fdd,reset queue row to pending
queue-ghost,artist-missing,KÖK$VL,,955e5f20-b362-4d9f-9562-13ce121ba16c,reset queue row to pending
queue-ghost,artist-missing,Ahiyan,,e91d7ab8-31bd-4fca-8b0e-dadb0ebfee74,reset queue row to pending
queue-ghost,artist-stub,Mirella,,b27fdee4-0970-4245-ba7b-9e4df7cdc701,reset queue row to pending
queue-ghost,artist-missing,Piero 47,,a325deec-36e6-494d-8f75-3b298b473333,reset queue row to pending
queue-ghost,artist-missing,Glare,,6825e929-5564-4981-bb0a-85dc272e2de3,reset queue row to pending
queue-ghost,artist-missing,Martinwhite,,279b23ca-0a7a-42b9-adfd-40e0bb2ff0a1,reset queue row to pending
queue-ghost,artist-missing,Skapova,,3c1aa29e-e363-4919-b9a2-7cd8229b9e4d,reset queue row to pending
queue-ghost,artist-missing,Radikal,,dde4f643-866b-418e-be59-4c7c32e1d528,reset queue row to pending
queue-ghost,artist-missing,Bixi Blake,,07620656-b2a4-48dc-bea1-1f3f39719d33,reset queue row to pending
queue-ghost,artist-missing,Tury,,4c0bb4ea-3636-46c7-a00c-f8675e49d4b4,reset queue row to pending
queue-ghost,artist-missing,Peipper,,cfbe9e22-58e9-4687-bcdb-db0460aea389,reset queue row to pending
queue-ghost,artist-missing,Djo,,83cedfd0-a118-48eb-ad71-72f4c2f95fd2,reset queue row to pending
queue-ghost,artist-missing,Untitled,,f755f3d4-3e67-4c60-a906-ff3174504069,reset queue row to pending
queue-ghost,artist-missing,Shako,,8c4b7718-0e6f-450e-a555-fa3a5077e827,reset queue row to pending
queue-ghost,artist-missing,Shelly,,03d561c0-b4e1-49df-bd72-24dfeaf245e7,reset queue row to pending
queue-ghost,artist-missing,After,,21d75f88-7567-4c31-8171-7d8d2490f9b2,reset queue row to pending
queue-ghost,artist-missing,Rebe,,064e5848-8385-4e85-b2ee-170ad1c8e393,reset queue row to pending
queue-ghost,artist-missing,Tobal Mj,,dab2a327-1128-4f67-b488-7eb67f0d1eae,reset queue row to pending
queue-ghost,artist-missing,Kler,,c1e5909b-1a50-40c3-83e6-d600588f67e0,reset queue row to pending
queue-ghost,artist-missing,pz',,32887890-2f94-492c-9487-9ed23c24e19b,reset queue row to pending
queue-ghost,artist-stub,Watson,,02f37bcb-b827-4645-b3e7-0607b06b516d,reset queue row to pending
queue-ghost,artist-missing,MDA,,0af16abf-aff4-421d-8b1d-868d0fd6ca43,reset queue row to pending
queue-ghost,artist-missing,CaSh Flow,,1787ed0d-c83c-4adc-8f1e-6bd856d0f829,reset queue row to pending
queue-ghost,artist-missing,Ankara Echoes,,97a69904-4a13-4d24-a38a-f489ff80f58a,reset queue row to pending
queue-ghost,artist-missing,Baby cute,,bc3100f1-3edb-4e1a-9922-6774f5a6f84c,reset queue row to pending
queue-ghost,artist-missing,vkie,,271f213a-b709-488d-ab5e-7a61b19a17b4,reset queue row to pending
queue-ghost,artist-stub,Saimaa,,1bcb7aab-0606-489e-b9e1-4b1c37057c00,reset queue row to pending
queue-ghost,artist-missing,Bryartz,,45e6980b-809f-4d63-96af-0eacc63d9029,reset queue row to pending
queue-ghost,artist-missing,KUM,,72f71262-efec-4602-be99-c16fcc1b3b0b,reset queue row to pending
queue-ghost,artist-missing,Shamrock,,13fce073-a9df-4e07-933e-abda3b4630ed,reset queue row to pending
queue-ghost,artist-missing,Sugarcane,,43c0899a-6fb9-4f9a-8572-be0964aa3c1d,reset queue row to pending
queue-ghost,artist-missing,benjitalkapone,,071140bc-7ed4-4dff-9793-5313cbd26b91,reset queue row to pending
queue-ghost,artist-missing,Majki,,00753303-a9b5-43a2-82c6-09e1bd877b54,reset queue row to pending
queue-ghost,artist-missing,Aqua VS,,25dd5d4f-2ad2-4abf-97ca-0d955a8b50ff,reset queue row to pending
queue-ghost,artist-missing,Mamta Sharma,,981a7f8b-170c-4e78-abda-d32bae9e0734,reset queue row to pending
queue-ghost,artist-missing,юпи,,02346d78-94eb-4c99-a246-32074f5b1c19,reset queue row to pending
queue-ghost,artist-missing,Tuana,,83f266f1-4a95-4bdb-8d5a-9577214d2cf0,reset queue row to pending
queue-ghost,artist-missing,Bob Newhart,,14abda46-7ed4-4cf6-b4c6-f694166cd5f0,reset queue row to pending
queue-ghost,artist-missing,ALESHEN,,fc91b52e-f937-42c2-bd23-6a72730e64b1,reset queue row to pending
queue-ghost,artist-missing,roomtrash6,,fa85d059-e9b4-4e23-8124-dd1ba89434a1,reset queue row to pending
queue-ghost,artist-stub,Jão,,27717b72-90bc-4f4f-9d0e-13a69bdfe00e,reset queue row to pending
queue-ghost,artist-missing,Naomi Scott,,3d5c1383-dc4a-4ee9-8fca-a23b78d36f33,reset queue row to pending
queue-ghost,artist-missing,Bouncy Boys Band,,045d3f30-8ee1-4838-b5b1-59e92516fdc9,reset queue row to pending
queue-ghost,artist-missing,Doly Flackko,,78b1895b-dd60-4f63-a877-bd2b4aed7dc1,reset queue row to pending
queue-ghost,artist-missing,SVM!R,,77c026ae-e265-45a9-a840-cb64546a518f,reset queue row to pending
queue-ghost,artist-missing,Dipinto,,693d7e4d-437c-4c8f-bb3f-4af7c43b7582,reset queue row to pending
queue-ghost,artist-missing,Okekel,,8c764186-539b-4c12-948c-f09b0ded3fe9,reset queue row to pending
queue-ghost,artist-missing,Cean Jr.,,41413d95-f917-4090-ad88-52709dc82512,reset queue row to pending
queue-ghost,artist-missing,enzocerobulto,,14376242-c564-46f4-a711-28c47e4a979e,reset queue row to pending
queue-ghost,artist-missing,Shisosaloud,,87220a1c-fc22-4af3-93fd-94d2ea455337,reset queue row to pending
queue-ghost,artist-missing,axel kala,,7770265f-ccd4-44de-b49a-33cf97068d57,reset queue row to pending
queue-ghost,artist-stub,Sara Bee,,46e84284-9769-4946-bc86-a8a804a54f46,reset queue row to pending
queue-ghost,artist-missing,guxo,,55326367-18fc-416c-bb61-46132026150e,reset queue row to pending
queue-ghost,artist-missing,Ida-Lova,,5352cd5c-4ab1-47d2-bba2-36259aaeadb1,reset queue row to pending
queue-ghost,artist-missing,Robe,,4f67d427-9b11-4d8f-80ac-ba32bea6ebab,reset queue row to pending
queue-ghost,artist-missing,Pyrythekid,,28559765-e142-4bc3-816b-fd09223dfc29,reset queue row to pending
queue-ghost,artist-stub,PLK,,120df9bb-6660-4e11-80b2-7ec9adaafa80,reset queue row to pending
queue-ghost,artist-missing,Uncle Dags,,ce27b2d5-84a2-442d-ad62-a584d8a0421c,reset queue row to pending
queue-ghost,artist-missing,Minttu,,3764d859-446e-45d3-af0e-3be7f00cbad7,reset queue row to pending
queue-ghost,artist-missing,Wane,,e2956d0d-5ed9-43a1-9a5e-8d0a99354dca,reset queue row to pending
queue-ghost,artist-missing,Młody West,,34caa98f-e8c3-41ff-8b07-dca97f3c8b99,reset queue row to pending
queue-ghost,artist-missing,Eryk Moczko,,7e19b130-34e7-4c8a-9725-3a07b3216d72,reset queue row to pending
queue-ghost,artist-stub,Dhanji,,62e44e25-b7b4-4a30-bd0d-88cecea8105b,reset queue row to pending
queue-ghost,artist-missing,Jclef,,57d3c03e-bb76-425f-816e-c7ea11f6f964,reset queue row to pending
queue-ghost,artist-missing,DOG HUSTLERS,,c9d2d4c4-896b-460c-b577-93a0faf0b169,reset queue row to pending
queue-ghost,artist-missing,Toigo,,5d68d4c8-5ed7-4657-b572-ef914d5da280,reset queue row to pending
queue-ghost,artist-missing,Gat Putch,,e10846f2-b5da-46a1-865e-6a530a6d3535,reset queue row to pending
queue-ghost,artist-stub,Aymen,,a6083a6d-5b02-4ab5-9d40-49657bc96510,reset queue row to pending
queue-ghost,artist-missing,Jungle Jack,,1b6b215d-9d35-4f3f-99fb-4f2b98f168a9,reset queue row to pending
queue-ghost,artist-missing,YD Frost,,66bccade-e7c4-4168-acd0-1aacdf991f4c,reset queue row to pending
queue-ghost,artist-stub,Samia,,b7d3f8a0-b7b1-4036-bd02-ed6b56e8e31f,reset queue row to pending
queue-ghost,artist-stub,Roxie,,aa609443-1d78-4582-ae3b-a08efba4f5ed,reset queue row to pending
queue-ghost,artist-missing,Ryannah J,,dece922d-4db1-4ab6-bbf0-cca6a187c3f0,reset queue row to pending
queue-ghost,artist-stub,Nimo,,e3aa66c6-ae29-4f83-b1fd-2dc475786d1a,reset queue row to pending
queue-ghost,artist-missing,Marino,,20254075-793f-4c97-9658-a2b3575be7dc,reset queue row to pending
queue-ghost,artist-missing,El Manu,,912d531e-8fc7-40f2-9fe5-4f76373d0af5,reset queue row to pending
queue-ghost,artist-missing,Bini,,f32c18bd-34b4-4c52-8d40-4ccdd937086e,reset queue row to pending
queue-ghost,artist-missing,Jefe,,72e5ad37-4572-43ec-b12b-973c71b83ea0,reset queue row to pending
queue-ghost,artist-missing,LoveT,,bb76adb1-01ec-4877-852e-292b74a1153b,reset queue row to pending
queue-ghost,artist-stub,Alok,,2179a878-6762-4797-a18e-b4276a4c6d60,reset queue row to pending
queue-ghost,artist-missing,CBW,,7c65de08-ab60-434a-a723-8944c0b6d352,reset queue row to pending
queue-ghost,artist-missing,Bambi,,9dff905a-2d46-4c36-8361-e6e9e322298c,reset queue row to pending
queue-ghost,artist-stub,Hamza,,051816e7-d4e8-4aa5-88e4-f404d3994096,reset queue row to pending
queue-ghost,artist-stub,David Kushner,,39b67b8b-d237-4df9-b1a6-7cf4cf749b36,reset queue row to pending
queue-ghost,artist-missing,Marcell,,da8d7f3c-9152-4743-9b90-ca14ef6e88bf,reset queue row to pending
queue-ghost,artist-stub,Miki,,619deb6e-2bee-439a-8de2-348c8178ec42,reset queue row to pending
queue-ghost,artist-missing,Sila,,32e01e1a-3871-45ee-96a3-b115187f441d,reset queue row to pending
queue-ghost,artist-missing,Paky,,18d087eb-bef5-4025-8575-ebcf7ab99dfa,reset queue row to pending
queue-ghost,artist-stub,Lida,,cb39d35c-dcb4-4105-a9fb-e86b1150b91e,reset queue row to pending
queue-ghost,artist-missing,Kayra,,70e58b59-b040-4ffb-9164-3acaa4754566,reset queue row to pending
queue-ghost,artist-stub,Pouya,,6604167b-3d45-4a38-9371-712703175cb1,reset queue row to pending
queue-ghost,artist-missing,Harmless,,0a972cdd-507c-4152-9422-460ad2949939,reset queue row to pending
queue-ghost,artist-missing,Clúster,,6726f707-71c8-4e1d-9668-34d831a932bb,reset queue row to pending
queue-ghost,artist-missing,Vierra,,51652b1c-ece0-4107-b81a-91be33587f98,reset queue row to pending
queue-ghost,artist-missing,John Pollõn,,ca241708-c6a5-4bdd-9912-af8de5ac640d,reset queue row to pending
queue-heavily-featured,artist-stub,Anton Bruckner,,,raise MAX_INGEST_RGS or album/EP-only ingest
queue-heavily-featured,artist-stub,Bartók,,,raise MAX_INGEST_RGS or album/EP-only ingest
queue-heavily-featured,artist-stub,Berliner Philharmoniker,,,raise MAX_INGEST_RGS or album/EP-only ingest
queue-heavily-featured,artist-stub,Duke Ellington And His Orchestra,,,raise MAX_INGEST_RGS or album/EP-only ingest
queue-heavily-featured,artist-stub,Dvořák,,,raise MAX_INGEST_RGS or album/EP-only ingest
queue-heavily-featured,artist-stub,Ennio Morricone,,,raise MAX_INGEST_RGS or album/EP-only ingest
queue-heavily-featured,artist-stub,Frank Sinatra,,,raise MAX_INGEST_RGS or album/EP-only ingest
queue-heavily-featured,artist-stub,Grateful Dead,,,raise MAX_INGEST_RGS or album/EP-only ingest
queue-heavily-featured,artist-stub,Handel,,,raise MAX_INGEST_RGS or album/EP-only ingest
queue-heavily-featured,artist-stub,Herbert von Karajan,,,raise MAX_INGEST_RGS or album/EP-only ingest
queue-heavily-featured,artist-stub,Igor Stravinsky,,,raise MAX_INGEST_RGS or album/EP-only ingest
queue-heavily-featured,artist-stub,Johnny Cash,,,raise MAX_INGEST_RGS or album/EP-only ingest
queue-heavily-featured,artist-stub,Joseph Haydn,,,raise MAX_INGEST_RGS or album/EP-only ingest
queue-heavily-featured,artist-stub,London Philharmonic Orchestra,,,raise MAX_INGEST_RGS or album/EP-only ingest
queue-heavily-featured,artist-stub,Mahler,,,raise MAX_INGEST_RGS or album/EP-only ingest
queue-heavily-featured,artist-stub,Mendelssohn,,,raise MAX_INGEST_RGS or album/EP-only ingest
queue-heavily-featured,artist-stub,Philharmonia Orchestra,,,raise MAX_INGEST_RGS or album/EP-only ingest
queue-heavily-featured,artist-stub,Prokofiev,,,raise MAX_INGEST_RGS or album/EP-only ingest
queue-heavily-featured,artist-stub,Ravel,,,raise MAX_INGEST_RGS or album/EP-only ingest
queue-heavily-featured,artist-stub,Robert Schumann,,,raise MAX_INGEST_RGS or album/EP-only ingest
queue-heavily-featured,artist-stub,Royal Philharmonic Orchestra,,,raise MAX_INGEST_RGS or album/EP-only ingest
queue-heavily-featured,artist-stub,Schubert,,,raise MAX_INGEST_RGS or album/EP-only ingest
queue-heavily-featured,artist-stub,Shostakovich,,,raise MAX_INGEST_RGS or album/EP-only ingest
queue-heavily-featured,artist-stub,Sibelius,,,raise MAX_INGEST_RGS or album/EP-only ingest
queue-heavily-featured,artist-stub,Tchaïkovsky,,,raise MAX_INGEST_RGS or album/EP-only ingest
queue-heavily-featured,artist-stub,The E Street Band,,,raise MAX_INGEST_RGS or album/EP-only ingest
queue-heavily-featured,artist-stub,The London Symphony Orchestra,,,raise MAX_INGEST_RGS or album/EP-only ingest
queue-heavily-featured,artist-stub,Verdi,,,raise MAX_INGEST_RGS or album/EP-only ingest
queue-heavily-featured,artist-stub,Wiener Philharmoniker,,,raise MAX_INGEST_RGS or album/EP-only ingest
queue-heavily-featured,artist-stub,Bob Dylan,,,raise MAX_INGEST_RGS or album/EP-only ingest
queue-heavily-featured,artist-stub,Bruce Springsteen,,,raise MAX_INGEST_RGS or album/EP-only ingest
queue-heavily-featured,artist-stub,Elvis Presley,,,raise MAX_INGEST_RGS or album/EP-only ingest
queue-heavily-featured,artist-stub,Robert,,,raise MAX_INGEST_RGS or album/EP-only ingest
queue-heavily-featured,artist-stub,Sergei Rachmaninov,,,raise MAX_INGEST_RGS or album/EP-only ingest
queue-heavily-featured,artist-stub,The Beatles,,,raise MAX_INGEST_RGS or album/EP-only ingest
queue-heavily-featured,artist-stub,The Rolling Stones,,,raise MAX_INGEST_RGS or album/EP-only ingest
queue-heavily-featured,artist-stub,U2,,,raise MAX_INGEST_RGS or album/EP-only ingest
queue-skipped-seed:wikipedia_japan,artist-missing-not-on-deezer,Rina Kawaguchi,,no_match,Deezer seed after identity check
queue-skipped-seed:wikipedia_latin,artist-missing-not-on-deezer,Raulito Carbonell,,no_match,Deezer seed after identity check
queue-skipped-seed:wikipedia_korea,artist-missing-on-deezer,원종혁,,no_match,Deezer seed after identity check
queue-skipped-seed:wikipedia_korea,artist-missing-not-on-deezer,김소원,,no_match,Deezer seed after identity check
queue-skipped-seed:wikipedia_korea,artist-missing-not-on-deezer,이광석,,no_match,Deezer seed after identity check
queue-skipped-seed:wikipedia_korea,artist-missing-not-on-deezer,연지은,,no_match,Deezer seed after identity check
queue-skipped-seed:wikipedia_greater_china,artist-missing-not-on-deezer,Windy Zhan,,no_match,Deezer seed after identity check
queue-skipped-seed:wikipedia_greater_china,artist-missing-on-deezer,Sam Hui,,needs_review,Deezer seed after identity check
queue-skipped-seed:wikipedia_korea,artist-missing-not-on-deezer,손효종,,no_match,Deezer seed after identity check
queue-skipped-seed:wikipedia_south_asia,artist-missing-not-on-deezer,Kaithapram Viswanathan Namboothiri,,no_match,Deezer seed after identity check
queue-skipped-seed:wikipedia_sea,artist-missing-not-on-deezer,Passawish Thamasungkeeti,,no_match,Deezer seed after identity check
queue-skipped-seed:wikipedia_korea,artist-missing-on-deezer,유자,,no_match,Deezer seed after identity check
queue-skipped-seed:wikipedia_korea,artist-missing-on-deezer,곽지은,,no_match,Deezer seed after identity check
queue-skipped-seed:wikipedia_south_asia,artist-missing-on-deezer,Harcharan Garewal,,no_match,Deezer seed after identity check
queue-skipped-seed:wikipedia_africa,artist-missing-not-on-deezer,Barbara Soky,,no_match,Deezer seed after identity check
queue-skipped-seed:wikipedia_africa,artist-missing-on-deezer,Ejyk Nwamba,,no_match,Deezer seed after identity check
queue-skipped-seed:wikipedia_korea,artist-missing-not-on-deezer,클라우디베이,,no_match,Deezer seed after identity check
queue-skipped-seed:wikipedia_korea,artist-missing-deezer-no-albums,문소연,,no_match,Deezer seed after identity check
queue-skipped-seed:wikipedia_korea,artist-missing-on-deezer,나건필,,no_match,Deezer seed after identity check
queue-skipped-seed:wikipedia_korea,artist-missing-on-deezer,공서영,,no_match,Deezer seed after identity check
queue-skipped-seed:wikipedia_europe_world,artist-missing-not-on-deezer,Sindy Auvity,,no_match,Deezer seed after identity check
queue-skipped-seed:wikipedia_korea,artist-missing-not-on-deezer,조은세,,no_match,Deezer seed after identity check
queue-skipped-seed:wikipedia_japan,artist-missing-on-deezer,Yoshiko Tanaka,,no_match,Deezer seed after identity check
queue-skipped-seed:wikipedia_korea,artist-missing-not-on-deezer,우주안,,no_match,Deezer seed after identity check
queue-skipped-seed:wikipedia_korea,artist-missing-not-on-deezer,니다,,no_match,Deezer seed after identity check
queue-skipped-seed:wikipedia_korea,artist-missing-on-deezer,서젬마,,no_match,Deezer seed after identity check
queue-skipped-seed:wikipedia_japan,artist-missing-not-on-deezer,Akari Suda,,no_match,Deezer seed after identity check
queue-skipped-seed:wikipedia_korea,artist-missing-deezer-no-albums,정오차,,no_match,Deezer seed after identity check
queue-skipped-seed:wikipedia_japan,artist-missing-not-on-deezer,Yuna Ego,,no_match,Deezer seed after identity check
queue-skipped-seed:wikipedia_korea,artist-missing-not-on-deezer,우은,,no_match,Deezer seed after identity check
queue-skipped-seed:wikipedia_korea,artist-missing-not-on-deezer,반도키드,,no_match,Deezer seed after identity check
queue-skipped-seed:wikipedia_japan,artist-missing-not-on-deezer,Anna Murashige,,no_match,Deezer seed after identity check
queue-skipped-seed:wikipedia_south_asia,artist-missing-not-on-deezer,Tamancha Jan,,no_match,Deezer seed after identity check
queue-skipped-seed:wikipedia_korea,artist-missing-on-deezer,오승국,,no_match,Deezer seed after identity check
queue-skipped-seed:wikipedia_korea,artist-missing-not-on-deezer,지진석,,no_match,Deezer seed after identity check
queue-skipped-seed:wikipedia_korea,artist-missing-not-on-deezer,이세훈,,no_match,Deezer seed after identity check
queue-skipped-seed:wikipedia_korea,artist-missing-deezer-no-albums,루디밀러,,no_match,Deezer seed after identity check
queue-skipped-seed:wikipedia_greater_china,artist-missing-not-on-deezer,Hwa Hwa,,no_match,Deezer seed after identity check
queue-skipped-seed:wikipedia_south_asia,artist-missing-not-on-deezer,Basil C J,,no_match,Deezer seed after identity check
queue-skipped-seed:wikipedia_japan,artist-missing-not-on-deezer,Sayaka Kaneko,,no_match,Deezer seed after identity check
queue-skipped-seed:wikipedia_korea,artist-missing-not-on-deezer,연승희,,no_match,Deezer seed after identity check
queue-skipped-seed:wikipedia_greater_china,artist-missing-on-deezer,Tzuyu,,needs_review,Deezer seed after identity check
queue-skipped-seed:wikipedia_korea,artist-missing-not-on-deezer,안젤라 서,,no_match,Deezer seed after identity check
queue-skipped-seed:wikipedia_africa,artist-missing-not-on-deezer,Koo Kumi,,no_match,Deezer seed after identity check
queue-skipped-seed:wikipedia_korea,artist-missing-on-deezer,J.YOU,,no_match,Deezer seed after identity check
queue-skipped-seed:wikipedia_korea,artist-missing-not-on-deezer,김태웅,,no_match,Deezer seed after identity check
queue-skipped-seed:wikipedia_korea,artist-missing-not-on-deezer,나스카 리,,no_match,Deezer seed after identity check
queue-skipped-seed:wikipedia_korea,artist-missing-on-deezer,예림,,no_match,Deezer seed after identity check
queue-skipped-seed:wikipedia_south_asia,artist-missing-on-deezer,Fazal Hussain,,no_match,Deezer seed after identity check
queue-skipped-seed:wikipedia_korea,artist-missing-on-deezer,신의진,,no_match,Deezer seed after identity check
queue-skipped-seed:wikipedia_japan,artist-missing-not-on-deezer,M Three,,no_match,Deezer seed after identity check
queue-skipped-seed:wikipedia_korea,artist-missing-not-on-deezer,세온,,no_match,Deezer seed after identity check
queue-skipped-seed:wikipedia_korea,artist-missing-not-on-deezer,애프리,,no_match,Deezer seed after identity check
queue-skipped-seed:wikipedia_korea,artist-missing-not-on-deezer,릴 썬더11,,no_match,Deezer seed after identity check
queue-skipped-seed:wikipedia_korea,artist-missing-deezer-no-albums,배연정,,no_match,Deezer seed after identity check
queue-skipped-seed:wikipedia_europe_world,artist-missing-not-on-deezer,Yvonne Constant,,no_match,Deezer seed after identity check
queue-skipped-seed:wikipedia_greater_china,artist-missing-not-on-deezer,Myth Or,,no_match,Deezer seed after identity check
queue-skipped-seed:wikipedia_greater_china,artist-missing-on-deezer,Kandy Wong,,needs_review,Deezer seed after identity check
queue-skipped-seed:wikipedia_south_asia,artist-missing-on-deezer,Rabi Pirzada,,no_match,Deezer seed after identity check
queue-skipped-seed:wikipedia_greater_china,artist-missing-on-deezer,Leon Lai,,needs_review,Deezer seed after identity check
queue-skipped-seed:wikipedia_korea,artist-missing-on-deezer,남궁옥분,,no_match,Deezer seed after identity check
queue-skipped-seed:wikipedia_japan,artist-missing-deezer-no-albums,Atsuko Inaba,,no_match,Deezer seed after identity check
queue-skipped-seed:wikipedia_korea,artist-missing-not-on-deezer,아우릴고트,,no_match,Deezer seed after identity check
queue-skipped-seed:wikipedia_korea,artist-missing-not-on-deezer,김혜영,,no_match,Deezer seed after identity check
queue-skipped-seed:wikipedia_korea,artist-missing-not-on-deezer,릴 키득,,no_match,Deezer seed after identity check
queue-skipped-seed:wikipedia_japan,artist-missing-on-deezer,Aya Sugimoto,,no_match,Deezer seed after identity check
queue-skipped-seed:wikipedia_korea,artist-missing-not-on-deezer,정이찬,,no_match,Deezer seed after identity check
queue-skipped-seed:wikipedia_south_asia,artist-missing-on-deezer,Shehzad Roy,,needs_review,Deezer seed after identity check
queue-skipped-seed:wikipedia_greater_china,artist-missing-on-deezer,Leo Ku,,needs_review,Deezer seed after identity check
queue-skipped-seed:wikipedia_south_asia,artist-missing-on-deezer,Rahim Shah,,needs_review,Deezer seed after identity check
queue-skipped-seed:wikipedia_greater_china,artist-missing-not-on-deezer,Leila Tong,,no_match,Deezer seed after identity check
queue-skipped-seed:wikipedia_africa,artist-missing-on-deezer,Knii Lante,,no_match,Deezer seed after identity check
queue-skipped-seed:wikipedia_japan,artist-missing-not-on-deezer,Hotch Potchi,,no_match,Deezer seed after identity check
queue-skipped-seed:wikipedia_japan,artist-missing-not-on-deezer,Tegomass,,no_match,Deezer seed after identity check
queue-skipped-seed:wikipedia_korea,artist-missing-on-deezer,설하윤,,no_match,Deezer seed after identity check
queue-skipped-seed:wikipedia_korea,artist-missing-not-on-deezer,서지수,,no_match,Deezer seed after identity check
queue-skipped-seed:wikipedia_japan,artist-missing-on-deezer,Tomomi Itano,,no_match,Deezer seed after identity check
queue-skipped-seed:wikipedia_korea,artist-missing-deezer-no-albums,수성,,no_match,Deezer seed after identity check
queue-skipped-seed:wikipedia_japan,artist-missing-not-on-deezer,Takako Katō,,no_match,Deezer seed after identity check
queue-skipped-seed:wikipedia_korea,artist-missing-deezer-no-albums,김빛나라,,no_match,Deezer seed after identity check
queue-skipped-seed:wikipedia_greater_china,artist-missing-deezer-no-albums,Astor Fong,,needs_review,Deezer seed after identity check
queue-skipped-seed:wikipedia_japan,artist-missing-on-deezer,Sakiko Matsui,,no_match,Deezer seed after identity check
queue-skipped-seed:wikipedia_korea,artist-missing-not-on-deezer,김주왕,,no_match,Deezer seed after identity check
queue-skipped-seed:wikipedia_south_asia,artist-missing-not-on-deezer,Mian Ghulam Nabi Shori,,no_match,Deezer seed after identity check
queue-skipped-seed:wikipedia_korea,artist-missing-not-on-deezer,새고,,no_match,Deezer seed after identity check
queue-skipped-seed:wikipedia_korea,artist-missing-not-on-deezer,DU,,needs_review,Deezer seed after identity check
queue-skipped-seed:wikipedia_korea,artist-missing-not-on-deezer,오하늘,,no_match,Deezer seed after identity check
queue-skipped-seed:wikipedia_korea,artist-missing-not-on-deezer,조민욱,,no_match,Deezer seed after identity check
queue-skipped-seed:wikipedia_greater_china,artist-missing-not-on-deezer,Qin Fen,,no_match,Deezer seed after identity check
queue-skipped-seed:wikipedia_korea,artist-missing-not-on-deezer,도빛,,no_match,Deezer seed after identity check
queue-skipped-seed:wikipedia_korea,artist-missing-on-deezer,엄지애,,no_match,Deezer seed after identity check
queue-skipped-seed:wikipedia_south_asia,artist-missing-on-deezer,Anita Lerche,,needs_review,Deezer seed after identity check
queue-skipped-seed:wikipedia_korea,artist-missing-not-on-deezer,알비,,no_match,Deezer seed after identity check
queue-skipped-seed:wikipedia_korea,artist-missing-on-deezer,강세정,,no_match,Deezer seed after identity check
queue-skipped-seed:wikipedia_korea,artist-missing-not-on-deezer,산희,,needs_review,Deezer seed after identity check
queue-skipped-seed:wikipedia_korea,artist-missing-on-deezer,리화,,no_match,Deezer seed after identity check
queue-skipped-seed:wikipedia_korea,artist-missing-on-deezer,산유라,,no_match,Deezer seed after identity check
queue-skipped-seed:wikipedia_korea,artist-missing-on-deezer,진광,,no_match,Deezer seed after identity check
queue-skipped-seed:wikipedia_sea,artist-missing-not-on-deezer,Kantapon Jindataweephol,,no_match,Deezer seed after identity check
queue-skipped-seed:wikipedia_korea,artist-missing-not-on-deezer,시가에이,,no_match,Deezer seed after identity check
queue-skipped-seed:wikipedia_africa,artist-missing-on-deezer,Kingzkid,,no_match,Deezer seed after identity check
queue-skipped-seed:wikipedia_japan,artist-missing-on-deezer,Yui Ichikawa,,no_match,Deezer seed after identity check
queue-skipped-seed:wikipedia_south_asia,artist-missing-on-deezer,Shireen Jawad,,needs_review,Deezer seed after identity check
queue-skipped-seed:wikipedia_korea,artist-missing-not-on-deezer,메이첼,,no_match,Deezer seed after identity check
queue-skipped-seed:wikipedia_greater_china,artist-missing-on-deezer,Joe Junior,,needs_review,Deezer seed after identity check
queue-skipped-seed:wikipedia_japan,artist-missing-not-on-deezer,Miho Shinoda,,no_match,Deezer seed after identity check
queue-skipped-seed:wikipedia_africa,artist-missing-on-deezer,Keche,,no_match,Deezer seed after identity check
queue-skipped-seed:wikipedia_korea,artist-missing-not-on-deezer,사현진,,no_match,Deezer seed after identity check
queue-skipped-seed:wikipedia_korea,artist-missing-deezer-no-albums,안울림,,no_match,Deezer seed after identity check
queue-skipped-seed:wikipedia_korea,artist-missing-not-on-deezer,최윤영,,no_match,Deezer seed after identity check
queue-skipped-seed:wikipedia_korea,artist-missing-not-on-deezer,이형근,,no_match,Deezer seed after identity check
queue-skipped-seed:wikipedia_south_asia,artist-missing-on-deezer,Nazia Hassan,,needs_review,Deezer seed after identity check
queue-skipped-seed:wikipedia_korea,artist-missing-on-deezer,주기훈,,no_match,Deezer seed after identity check
queue-skipped-seed:wikipedia_korea,artist-missing-not-on-deezer,박은경,,no_match,Deezer seed after identity check
queue-skipped-seed:wikipedia_korea,artist-missing-on-deezer,정호,,no_match,Deezer seed after identity check
queue-skipped-seed:wikipedia_japan,artist-missing-not-on-deezer,Kotono Shibuya,,no_match,Deezer seed after identity check
queue-skipped-seed:wikipedia_korea,artist-missing-deezer-no-albums,상상이상이상길,,no_match,Deezer seed after identity check
queue-skipped-seed:wikipedia_korea,artist-missing-on-deezer,나희경,,no_match,Deezer seed after identity check
queue-skipped-seed:wikipedia_sea,artist-missing-not-on-deezer,Savitree Suttichanond,,no_match,Deezer seed after identity check
queue-skipped-seed:wikipedia_korea,artist-missing-not-on-deezer,틈,,no_match,Deezer seed after identity check
queue-skipped-seed:wikipedia_japan,artist-missing-not-on-deezer,Nanami Hashimoto,,no_match,Deezer seed after identity check
queue-skipped-seed:wikipedia_greater_china,artist-missing-on-deezer,Pan An-bang,,no_match,Deezer seed after identity check
queue-skipped-seed:wikipedia_japan,artist-missing-on-deezer,Shuchishin,,no_match,Deezer seed after identity check
queue-skipped-seed:wikipedia_korea,artist-missing-not-on-deezer,박현서,,no_match,Deezer seed after identity check
queue-skipped-seed:wikipedia_korea,artist-missing-deezer-no-albums,조주,,no_match,Deezer seed after identity check
queue-skipped-seed:wikipedia_south_asia,artist-missing-not-on-deezer,Humaira Ali,,no_match,Deezer seed after identity check
queue-skipped-seed:wikipedia_japan,artist-missing-not-on-deezer,Girls Band Cry,,no_match,Deezer seed after identity check
queue-skipped-seed:wikipedia_sea,artist-missing-not-on-deezer,Christopher Edgar,,no_match,Deezer seed after identity check
queue-skipped-seed:wikipedia_korea,artist-missing-not-on-deezer,정계은,,no_match,Deezer seed after identity check
queue-skipped-seed:wikipedia_korea,artist-missing-not-on-deezer,정하음,,no_match,Deezer seed after identity check
queue-skipped-seed:wikipedia_south_asia,artist-missing-not-on-deezer,Ritwik Ghatak,,no_match,Deezer seed after identity check
queue-skipped-seed:wikipedia_latin,artist-missing-not-on-deezer,Jimmy González y Grupo Mazz,,no_match,Deezer seed after identity check
queue-skipped-seed:wikipedia_south_asia,artist-missing-not-on-deezer,Shajith Koyeri,,no_match,Deezer seed after identity check
queue-skipped-seed:wikipedia_korea,artist-missing-on-deezer,신장미,,no_match,Deezer seed after identity check
queue-skipped-seed:wikipedia_sea,artist-missing-not-on-deezer,Saharat Sangkapreecha,,no_match,Deezer seed after identity check
queue-skipped-seed:wikipedia_japan,artist-missing-not-on-deezer,Yoomi Tamai,,no_match,Deezer seed after identity check
queue-skipped-seed:wikipedia_south_asia,artist-missing-on-deezer,Prabha Bharti,,no_match,Deezer seed after identity check
queue-skipped-seed:wikipedia_korea,artist-missing-on-deezer,양중은,,no_match,Deezer seed after identity check
queue-skipped-seed:wikipedia_south_asia,artist-missing-on-deezer,Dilbagh Singh,,no_match,Deezer seed after identity check
queue-skipped-seed:wikipedia_latin,artist-missing-deezer-no-albums,Tadeu Patolla,,no_match,Deezer seed after identity check
queue-skipped-seed:wikipedia_south_asia,artist-missing-on-deezer,Ali Azmat,,needs_review,Deezer seed after identity check
queue-skipped-seed:wikipedia_europe_world,artist-missing-on-deezer,Jonathan C. Gambela,,no_match,Deezer seed after identity check
queue-skipped-seed:wikipedia_korea,artist-missing-not-on-deezer,라다,,no_match,Deezer seed after identity check
queue-skipped-seed:wikipedia_korea,artist-missing-not-on-deezer,오정선,,no_match,Deezer seed after identity check
queue-skipped-seed:wikipedia_korea,artist-missing-not-on-deezer,예임,,no_match,Deezer seed after identity check
queue-skipped-seed:wikipedia_latin,artist-missing-not-on-deezer,Mike Kogel,,no_match,Deezer seed after identity check
queue-skipped-seed:wikipedia_japan,artist-missing-on-deezer,Mami Kingetsu,,no_match,Deezer seed after identity check
queue-skipped-seed:wikipedia_korea,artist-missing-not-on-deezer,박장희,,no_match,Deezer seed after identity check
queue-skipped-seed:wikipedia_latin,artist-missing-not-on-deezer,Berenice Chávez,,no_match,Deezer seed after identity check
queue-skipped-seed:wikipedia_korea,artist-missing-not-on-deezer,김우린,,no_match,Deezer seed after identity check
queue-skipped-seed:wikipedia_greater_china,artist-missing-not-on-deezer,Estrella Lin,,no_match,Deezer seed after identity check
queue-skipped-seed:wikipedia_japan,artist-missing-not-on-deezer,Kanon Kimoto,,no_match,Deezer seed after identity check
queue-skipped-seed:wikipedia_korea,artist-missing-on-deezer,윤희,,no_match,Deezer seed after identity check
queue-skipped-seed:wikipedia_south_asia,artist-missing-not-on-deezer,Akmal Khan,,needs_review,Deezer seed after identity check
queue-skipped-seed:wikipedia_japan,artist-missing-on-deezer,Nozomi Sasaki,,no_match,Deezer seed after identity check
queue-skipped-seed:wikipedia_korea,artist-missing-on-deezer,서경덕,,no_match,Deezer seed after identity check
queue-skipped-seed:wikipedia_korea,artist-missing-on-deezer,호별,,no_match,Deezer seed after identity check
queue-skipped-seed:wikipedia_latin,artist-missing-not-on-deezer,KeyLiza,,no_match,Deezer seed after identity check
queue-skipped-seed:wikipedia_korea,artist-missing-not-on-deezer,도하린,,no_match,Deezer seed after identity check
queue-skipped-seed:wikipedia_korea,artist-missing-on-deezer,윤태경,,no_match,Deezer seed after identity check
queue-skipped-seed:wikipedia_latin,artist-missing-not-on-deezer,Rita Fernández Padilla,,no_match,Deezer seed after identity check
queue-skipped-seed:wikipedia_europe_world,artist-missing-deezer-no-albums,Vanessa Cailhol,,no_match,Deezer seed after identity check
queue-skipped-seed:wikipedia_korea,artist-missing-not-on-deezer,라늬,,no_match,Deezer seed after identity check
queue-skipped-seed:wikipedia_korea,artist-missing-not-on-deezer,이윤오,,no_match,Deezer seed after identity check
queue-skipped-seed:wikipedia_korea,artist-missing-deezer-no-albums,레반,,no_match,Deezer seed after identity check
queue-skipped-seed:wikipedia_greater_china,artist-missing-not-on-deezer,Charlene Choi,,needs_review,Deezer seed after identity check
queue-skipped-seed:wikipedia_japan,artist-missing-not-on-deezer,Princess Tenko,,no_match,Deezer seed after identity check
queue-skipped-seed:wikipedia_africa,artist-missing-on-deezer,David Oscar Dogbe,,no_match,Deezer seed after identity check
queue-skipped-seed:wikipedia_korea,artist-missing-not-on-deezer,고은미,,no_match,Deezer seed after identity check
queue-skipped-seed:wikipedia_latin,artist-missing-on-deezer,Alon De Loco,,no_match,Deezer seed after identity check
queue-skipped-seed:wikipedia_south_asia,artist-missing-on-deezer,Ahmed Jahanzeb,,needs_review,Deezer seed after identity check
queue-skipped-seed:wikipedia_korea,artist-missing-not-on-deezer,임요한,,no_match,Deezer seed after identity check
queue-skipped-seed:wikipedia_korea,artist-missing-not-on-deezer,강재수,,no_match,Deezer seed after identity check
queue-skipped-seed:wikipedia_sea,artist-missing-not-on-deezer,Lapat Ngamchaweng,,no_match,Deezer seed after identity check
queue-skipped-seed:wikipedia_korea,artist-missing-on-deezer,박태양,,no_match,Deezer seed after identity check
queue-skipped-seed:wikipedia_western_canon,artist-missing-not-on-deezer,Jo Walker-Meador,,no_match,Deezer seed after identity check
queue-skipped-seed:wikipedia_africa,artist-missing-not-on-deezer,TY Shaban,,no_match,Deezer seed after identity check
queue-skipped-seed:wikipedia_japan,artist-missing-on-deezer,Nagisa Aoyama,,no_match,Deezer seed after identity check
queue-skipped-seed:wikipedia_japan,artist-missing-not-on-deezer,Miuna Saito,,no_match,Deezer seed after identity check
queue-skipped-seed:wikipedia_japan,artist-missing-not-on-deezer,Yuna Ogata,,no_match,Deezer seed after identity check
queue-skipped-seed:wikipedia_south_asia,artist-missing-on-deezer,Umair Jaswal,,needs_review,Deezer seed after identity check
queue-skipped-seed:wikipedia_africa,artist-missing-on-deezer,King Steve Benjamin,,no_match,Deezer seed after identity check
queue-skipped-seed:wikipedia_greater_china,artist-missing-on-deezer,Louis Koo,,needs_review,Deezer seed after identity check
queue-skipped-seed:wikipedia_korea,artist-missing-not-on-deezer,고가은,,no_match,Deezer seed after identity check
queue-skipped-seed:wikipedia_sea,artist-missing-on-deezer,Haruka Nakagawa,,no_match,Deezer seed after identity check
queue-skipped-seed:wikipedia_sea,artist-missing-not-on-deezer,Waruntorn Paonil,,no_match,Deezer seed after identity check
queue-skipped-seed:wikipedia_latin,artist-missing-not-on-deezer,List of Brazilian singers and bands of Christian music,,no_match,Deezer seed after identity check
queue-skipped-seed:wikipedia_korea,artist-missing-not-on-deezer,강민수,,no_match,Deezer seed after identity check
queue-skipped-seed:wikipedia_japan,artist-missing-not-on-deezer,Yūka Kato,,no_match,Deezer seed after identity check
queue-skipped-seed:wikipedia_south_asia,artist-missing-on-deezer,Munir Hussain,,needs_review,Deezer seed after identity check
queue-skipped-seed:wikipedia_africa,artist-missing-not-on-deezer,Elivava,,no_match,Deezer seed after identity check
queue-skipped-seed:wikipedia_greater_china,artist-missing-on-deezer,Bowie Lam,,needs_review,Deezer seed after identity check
queue-skipped-seed:wikipedia_africa,artist-missing-not-on-deezer,Patience Ozokwor,,no_match,Deezer seed after identity check
queue-skipped-seed:wikipedia_south_asia,artist-missing-on-deezer,Mala Begum,,no_match,Deezer seed after identity check
queue-skipped-seed:wikipedia_japan,artist-missing-not-on-deezer,Juri Takahashi,,no_match,Deezer seed after identity check
queue-skipped-seed:wikipedia_korea,artist-missing-not-on-deezer,다이노티,,no_match,Deezer seed after identity check
queue-skipped-seed:wikipedia_korea,artist-missing-not-on-deezer,강진아,,no_match,Deezer seed after identity check
queue-skipped-seed:wikipedia_europe_world,artist-missing-not-on-deezer,Louis Compain,,no_match,Deezer seed after identity check
queue-skipped-seed:wikipedia_africa,artist-missing-not-on-deezer,Fidelis Uchenna Okoro,,no_match,Deezer seed after identity check
queue-skipped-seed:wikipedia_japan,artist-missing-not-on-deezer,Rika Hayashi,,no_match,Deezer seed after identity check
queue-skipped-seed:wikipedia_africa,artist-missing-on-deezer,James Varrick Armaah,,no_match,Deezer seed after identity check
queue-skipped-seed:wikipedia_sea,artist-missing-not-on-deezer,Muanpair Panaboot,,no_match,Deezer seed after identity check
queue-skipped-seed:wikipedia_sea,artist-missing-not-on-deezer,Epy Kusnandar,,no_match,Deezer seed after identity check
queue-skipped-seed:wikipedia_sea,artist-missing-not-on-deezer,Pruk Panich,,no_match,Deezer seed after identity check
queue-skipped-seed:wikipedia_korea,artist-missing-not-on-deezer,아쉬루,,no_match,Deezer seed after identity check
queue-skipped-seed:wikipedia_sea,artist-missing-not-on-deezer,Somchai Kemglad,,no_match,Deezer seed after identity check
queue-skipped-seed:wikipedia_korea,artist-missing-not-on-deezer,노디시카,,no_match,Deezer seed after identity check
queue-skipped-seed:wikipedia_korea,artist-missing-not-on-deezer,이미령,,no_match,Deezer seed after identity check
queue-skipped-seed:wikipedia_korea,artist-missing-not-on-deezer,썸머케익,,no_match,Deezer seed after identity check
queue-skipped-seed:wikipedia_europe_world,artist-missing-deezer-no-albums,Flo Ankah,,no_match,Deezer seed after identity check
queue-skipped-seed:wikipedia_south_asia,artist-missing-on-deezer,Tarannum Naz,,no_match,Deezer seed after identity check
queue-skipped-seed:wikipedia_korea,artist-missing-not-on-deezer,손소영,,no_match,Deezer seed after identity check
queue-skipped-seed:wikipedia_latin,artist-missing-on-deezer,Pol Calvo,,no_match,Deezer seed after identity check
queue-skipped-seed:wikipedia_greater_china,artist-missing-not-on-deezer,Owodog,,no_match,Deezer seed after identity check
queue-skipped-seed:wikipedia_korea,artist-missing-not-on-deezer,전지연,,no_match,Deezer seed after identity check
queue-skipped-seed:wikipedia_korea,artist-missing-on-deezer,유숙,,no_match,Deezer seed after identity check
queue-skipped-seed:wikipedia_korea,artist-missing-on-deezer,두각,,no_match,Deezer seed after identity check
queue-skipped-seed:wikipedia_korea,artist-missing-not-on-deezer,김성아,,no_match,Deezer seed after identity check
queue-skipped-seed:wikipedia_japan,artist-missing-not-on-deezer,Trippple Nippples,,no_match,Deezer seed after identity check
queue-skipped-seed:wikipedia_korea,artist-missing-on-deezer,안희준,,no_match,Deezer seed after identity check
queue-skipped-seed:wikipedia_korea,artist-missing-not-on-deezer,박영심,,no_match,Deezer seed after identity check
queue-skipped-seed:wikipedia_sea,artist-missing-not-on-deezer,Rose Marielle Mamaclay,,no_match,Deezer seed after identity check
queue-skipped-seed:wikipedia_africa,artist-missing-not-on-deezer,Kwabena Onyina,,no_match,Deezer seed after identity check
queue-skipped-seed:wikipedia_africa,artist-missing-not-on-deezer,Bullgod,,no_match,Deezer seed after identity check
queue-skipped-seed:wikipedia_korea,artist-missing-not-on-deezer,안소정,,no_match,Deezer seed after identity check
queue-skipped-seed:wikipedia_europe_world,artist-missing-on-deezer,Nadel Paris,,no_match,Deezer seed after identity check
queue-skipped-seed:wikipedia_korea,artist-missing-on-deezer,금홍이,,no_match,Deezer seed after identity check
queue-skipped-seed:wikipedia_korea,artist-missing-not-on-deezer,남새라,,no_match,Deezer seed after identity check
queue-skipped-seed:wikipedia_greater_china,artist-missing-not-on-deezer,Choc7,,no_match,Deezer seed after identity check
queue-skipped-seed:wikipedia_greater_china,artist-missing-on-deezer,Stephanie Cheng,,needs_review,Deezer seed after identity check
queue-skipped-seed:wikipedia_korea,artist-missing-on-deezer,하태하,,no_match,Deezer seed after identity check
queue-skipped-seed:wikipedia_japan,artist-missing-not-on-deezer,Anju Suzuki,,no_match,Deezer seed after identity check
queue-skipped-seed:wikipedia_greater_china,artist-missing-not-on-deezer,Ram Chiang,,needs_review,Deezer seed after identity check
queue-skipped-seed:wikipedia_greater_china,artist-missing-deezer-no-albums,Julian Cheung,,needs_review,Deezer seed after identity check
queue-skipped-seed:wikipedia_korea,artist-missing-not-on-deezer,배정혜,,no_match,Deezer seed after identity check
queue-skipped-seed:wikipedia_korea,artist-missing-on-deezer,정길,,no_match,Deezer seed after identity check
queue-skipped-seed:wikipedia_greater_china,artist-missing-not-on-deezer,Chow Chung,,no_match,Deezer seed after identity check
queue-skipped-seed:wikipedia_korea,artist-missing-not-on-deezer,슬로울리,,no_match,Deezer seed after identity check
queue-skipped-seed:wikipedia_sea,artist-missing-not-on-deezer,List of Filipino singers,,no_match,Deezer seed after identity check
queue-skipped-seed:wikipedia_korea,artist-missing-deezer-no-albums,라이브유빈,,no_match,Deezer seed after identity check
queue-skipped-seed:wikipedia_africa,artist-missing-on-deezer,Juliet Ibrahim,,no_match,Deezer seed after identity check
queue-skipped-seed:wikipedia_korea,artist-missing-not-on-deezer,윤익희,,no_match,Deezer seed after identity check
queue-skipped-seed:wikipedia_south_asia,artist-missing-on-deezer,Masood Rana,,needs_review,Deezer seed after identity check
queue-skipped-seed:wikipedia_korea,artist-missing-not-on-deezer,류필립,,no_match,Deezer seed after identity check
queue-skipped-seed:wikipedia_japan,artist-missing-not-on-deezer,Mayu Mineda,,no_match,Deezer seed after identity check
queue-skipped-seed:wikipedia_korea,artist-missing-not-on-deezer,씬,,no_match,Deezer seed after identity check
queue-skipped-seed:wikipedia_korea,artist-missing-not-on-deezer,설주영,,no_match,Deezer seed after identity check
queue-skipped-seed:wikipedia_greater_china,artist-missing-on-deezer,Kiri T,,needs_review,Deezer seed after identity check
queue-skipped-seed:wikipedia_korea,artist-missing-not-on-deezer,렌,,no_match,Deezer seed after identity check
queue-skipped-seed:wikipedia_europe_world,artist-missing-not-on-deezer,Dora de Phillippe,,no_match,Deezer seed after identity check
queue-skipped-seed:wikipedia_korea,artist-missing-on-deezer,윤윤서,,no_match,Deezer seed after identity check
queue-skipped-seed:wikipedia_korea,artist-missing-on-deezer,수잔,,no_match,Deezer seed after identity check
queue-skipped-seed:wikipedia_korea,artist-missing-on-deezer,연오,,no_match,Deezer seed after identity check
queue-skipped-seed:wikipedia_japan,artist-missing-not-on-deezer,Ryoka Oshima,,no_match,Deezer seed after identity check
queue-skipped-seed:wikipedia_korea,artist-missing-not-on-deezer,김복유,,no_match,Deezer seed after identity check
queue-skipped-seed:wikipedia_korea,artist-missing-not-on-deezer,고홍석,,no_match,Deezer seed after identity check
queue-skipped-seed:wikipedia_korea,artist-missing-not-on-deezer,신주원,,no_match,Deezer seed after identity check
queue-skipped-seed:wikipedia_korea,artist-missing-not-on-deezer,손예지,,no_match,Deezer seed after identity check
queue-skipped-seed:wikipedia_greater_china,artist-missing-not-on-deezer,Toby Leung,,no_match,Deezer seed after identity check
queue-skipped-seed:wikipedia_japan,artist-missing-not-on-deezer,Tanokin Trio,,no_match,Deezer seed after identity check
queue-skipped-seed:wikipedia_greater_china,artist-missing-not-on-deezer,Hawick Lau,,no_match,Deezer seed after identity check
queue-skipped-seed:wikipedia_japan,artist-missing-not-on-deezer,Morning Musume Tanjō 10nen Kinentai,,no_match,Deezer seed after identity check
queue-skipped-seed:wikipedia_japan,artist-missing-not-on-deezer,Hikaru Iida,,no_match,Deezer seed after identity check
queue-skipped-seed:wikipedia_korea,artist-missing-not-on-deezer,소주보이,,no_match,Deezer seed after identity check
queue-skipped-seed:wikipedia_korea,artist-missing-not-on-deezer,이찬성,,no_match,Deezer seed after identity check
queue-skipped-seed:wikipedia_south_asia,artist-missing-not-on-deezer,Agradoot,,no_match,Deezer seed after identity check
queue-skipped-seed:wikipedia_japan,artist-missing-not-on-deezer,Iroha Okuda,,no_match,Deezer seed after identity check
queue-skipped-seed:wikipedia_korea,artist-missing-deezer-no-albums,신고은,,no_match,Deezer seed after identity check
queue-skipped-seed:wikipedia_latin,artist-missing-deezer-no-albums,Yotuel Romero,,no_match,Deezer seed after identity check
queue-skipped-seed:wikipedia_sea,artist-missing-not-on-deezer,Pitthaya Boonyarattaphan,,no_match,Deezer seed after identity check
queue-skipped-seed:wikipedia_greater_china,artist-missing-on-deezer,Eman Lam,,needs_review,Deezer seed after identity check
queue-skipped-seed:wikipedia_korea,artist-missing-on-deezer,권미나,,no_match,Deezer seed after identity check
queue-skipped-seed:wikipedia_korea,artist-missing-on-deezer,채지혜,,no_match,Deezer seed after identity check
queue-skipped-seed:wikipedia_greater_china,artist-missing-on-deezer,Raymond Lam,,needs_review,Deezer seed after identity check
queue-skipped-seed:wikipedia_south_asia,artist-missing-on-deezer,Malkit Singh,,needs_review,Deezer seed after identity check
queue-skipped-seed:wikipedia_korea,artist-missing-not-on-deezer,새드랩퍼,,no_match,Deezer seed after identity check
queue-skipped-seed:wikipedia_korea,artist-missing-not-on-deezer,임다애,,no_match,Deezer seed after identity check
queue-skipped-seed:wikipedia_korea,artist-missing-not-on-deezer,장정한,,no_match,Deezer seed after identity check
queue-skipped-seed:wikipedia_europe_world,artist-missing-not-on-deezer,Emayla,,no_match,Deezer seed after identity check
queue-skipped-seed:wikipedia_south_asia,artist-missing-on-deezer,Shrawan Ghimire,,no_match,Deezer seed after identity check
queue-skipped-seed:wikipedia_africa,artist-missing-not-on-deezer,Caroline Sampson,,no_match,Deezer seed after identity check
queue-skipped-seed:wikipedia_korea,artist-missing-not-on-deezer,바이스벌사,,no_match,Deezer seed after identity check
queue-skipped-seed:wikipedia_korea,artist-missing-not-on-deezer,해창이,,no_match,Deezer seed after identity check
queue-skipped-seed:wikipedia_japan,artist-missing-on-deezer,Yuki Chikudate,,needs_review,Deezer seed after identity check
queue-skipped-seed:wikipedia_south_asia,artist-missing-on-deezer,Shamim Bano,,no_match,Deezer seed after identity check
queue-skipped-seed:wikipedia_japan,artist-missing-not-on-deezer,Kie Kitano,,no_match,Deezer seed after identity check
queue-skipped-seed:listenbrainz,artist-missing-not-on-deezer,[unknown],,refusing,Deezer seed after identity check
queue-skipped-seed:wikipedia_japan,artist-missing-not-on-deezer,College Cosmos,,no_match,Deezer seed after identity check
queue-skipped-seed:wikipedia_africa,artist-missing-not-on-deezer,Samuel Kwesi Oppong,,no_match,Deezer seed after identity check
queue-skipped-seed:wikipedia_africa,artist-missing-on-deezer,Jetu,,no_match,Deezer seed after identity check
queue-skipped-seed:wikipedia_japan,artist-missing-on-deezer,Atsuko Maeda,,no_match,Deezer seed after identity check
queue-skipped-seed:wikipedia_europe_world,artist-missing-not-on-deezer,Jean-Étienne Despréaux,,no_match,Deezer seed after identity check
queue-skipped-seed:wikipedia_korea,artist-missing-not-on-deezer,더나은,,no_match,Deezer seed after identity check
queue-skipped-seed:wikipedia_south_asia,artist-missing-on-deezer,Farhad Darya,,needs_review,Deezer seed after identity check
queue-skipped-seed:wikipedia_korea,artist-missing-not-on-deezer,김성중,,no_match,Deezer seed after identity check
queue-skipped-seed:wikipedia_south_asia,artist-missing-not-on-deezer,Dabbu,,no_match,Deezer seed after identity check
queue-skipped-seed:wikipedia_korea,artist-missing-not-on-deezer,안혜지,,no_match,Deezer seed after identity check
queue-skipped-seed:wikipedia_latin,artist-missing-on-deezer,Luis Pescetti,,no_match,Deezer seed after identity check
queue-skipped-seed:wikipedia_korea,artist-missing-deezer-no-albums,서의철,,no_match,Deezer seed after identity check
queue-skipped-seed:wikipedia_korea,artist-missing-not-on-deezer,방경란,,no_match,Deezer seed after identity check
queue-skipped-seed:wikipedia_south_asia,artist-missing-on-deezer,Parvez Mehdi,,no_match,Deezer seed after identity check
queue-skipped-seed:wikipedia_south_asia,artist-missing-not-on-deezer,Saru Maini,,no_match,Deezer seed after identity check
queue-skipped-seed:wikipedia_korea,artist-missing-on-deezer,송정미,,no_match,Deezer seed after identity check
queue-skipped-seed:wikipedia_korea,artist-missing-on-deezer,복지은,,no_match,Deezer seed after identity check
queue-skipped-seed:wikipedia_korea,artist-missing-not-on-deezer,김거지,,no_match,Deezer seed after identity check
queue-skipped-seed:wikipedia_korea,artist-missing-not-on-deezer,오드럼프,,no_match,Deezer seed after identity check
queue-skipped-seed:wikipedia_south_asia,artist-missing-on-deezer,Mamta Joshi,,no_match,Deezer seed after identity check
queue-skipped-seed:wikipedia_latin,artist-missing-not-on-deezer,Ángel Espada,,no_match,Deezer seed after identity check
queue-skipped-seed:wikipedia_africa,artist-missing-on-deezer,Zanefa Ngidi,,no_match,Deezer seed after identity check
queue-skipped-seed:wikipedia_korea,artist-missing-on-deezer,니은,,no_match,Deezer seed after identity check
queue-skipped-seed:wikipedia_japan,artist-missing-not-on-deezer,Ayaka Nishiwaki,,no_match,Deezer seed after identity check
queue-skipped-seed:wikipedia_korea,artist-missing-on-deezer,문희옥,,no_match,Deezer seed after identity check
queue-skipped-seed:wikipedia_korea,artist-missing-on-deezer,전원석,,no_match,Deezer seed after identity check
queue-skipped-seed:wikipedia_korea,artist-missing-not-on-deezer,김보리,,no_match,Deezer seed after identity check
queue-skipped-seed:wikipedia_korea,artist-missing-on-deezer,길동현,,no_match,Deezer seed after identity check
queue-skipped-seed:wikipedia_korea,artist-missing-not-on-deezer,고재숙,,no_match,Deezer seed after identity check
queue-skipped-seed:wikipedia_japan,artist-missing-not-on-deezer,Hello! Project Shuffle Unit,,no_match,Deezer seed after identity check
queue-skipped-seed:wikipedia_western_canon,artist-missing-not-on-deezer,The Poindexter Brothers,,no_match,Deezer seed after identity check
queue-skipped-seed:wikipedia_sea,artist-missing-on-deezer,Davina Karamoy,,no_match,Deezer seed after identity check
queue-skipped-seed:wikipedia_korea,artist-missing-not-on-deezer,예예빈,,no_match,Deezer seed after identity check
queue-skipped-seed:wikipedia_south_asia,artist-missing-on-deezer,Malkoo,,no_match,Deezer seed after identity check
queue-skipped-seed:wikipedia_japan,artist-missing-not-on-deezer,Mako Miyata,,no_match,Deezer seed after identity check
queue-skipped-seed:wikipedia_korea,artist-missing-on-deezer,위은총,,no_match,Deezer seed after identity check
queue-skipped-seed:wikipedia_korea,artist-missing-not-on-deezer,성민지,,no_match,Deezer seed after identity check
queue-skipped-seed:wikipedia_korea,artist-missing-not-on-deezer,크로스비트,,no_match,Deezer seed after identity check
queue-skipped-seed:wikipedia_korea,artist-missing-on-deezer,임연,,no_match,Deezer seed after identity check
queue-skipped-seed:wikipedia_korea,artist-missing-on-deezer,재아,,no_match,Deezer seed after identity check
queue-skipped-seed:wikipedia_greater_china,artist-missing-on-deezer,Fiona Fung,,needs_review,Deezer seed after identity check
queue-skipped-seed:wikipedia_japan,artist-missing-not-on-deezer,Runa Narumi,,no_match,Deezer seed after identity check
queue-skipped-seed:wikipedia_korea,artist-missing-not-on-deezer,채건,,no_match,Deezer seed after identity check
queue-skipped-seed:wikipedia_korea,artist-missing-on-deezer,반니,,no_match,Deezer seed after identity check
queue-skipped-seed:wikipedia_korea,artist-missing-not-on-deezer,고정숙,,no_match,Deezer seed after identity check
queue-skipped-seed:wikipedia_korea,artist-missing-on-deezer,리라,,no_match,Deezer seed after identity check
queue-skipped-seed:wikipedia_korea,artist-missing-not-on-deezer,손상미,,no_match,Deezer seed after identity check
queue-skipped-seed:wikipedia_africa,artist-missing-not-on-deezer,Nofinishi Dywili,,no_match,Deezer seed after identity check
queue-skipped-seed:wikipedia_sea,artist-missing-deezer-no-albums,Ruangsak Loychusak,,no_match,Deezer seed after identity check
queue-skipped-seed:wikipedia_korea,artist-missing-deezer-no-albums,서민석,,no_match,Deezer seed after identity check
queue-skipped-seed:wikipedia_korea,artist-missing-not-on-deezer,박서연,,no_match,Deezer seed after identity check
queue-skipped-seed:wikipedia_korea,artist-missing-on-deezer,홍소리,,no_match,Deezer seed after identity check
queue-skipped-seed:wikipedia_korea,artist-missing-on-deezer,송고은,,no_match,Deezer seed after identity check
queue-skipped-seed:wikipedia_japan,artist-missing-on-deezer,Country Girls,,no_match,Deezer seed after identity check
queue-skipped-seed:wikipedia_greater_china,artist-missing-on-deezer,Jan Lamb,,needs_review,Deezer seed after identity check
queue-skipped-seed:wikipedia_latin,artist-missing-not-on-deezer,Luis Miguel Leal,,no_match,Deezer seed after identity check
queue-skipped-seed:wikipedia_korea,artist-missing-not-on-deezer,이혁진,,no_match,Deezer seed after identity check
queue-skipped-seed:wikipedia_korea,artist-missing-not-on-deezer,송인효,,no_match,Deezer seed after identity check
queue-skipped-seed:wikipedia_south_asia,artist-missing-deezer-no-albums,Madan Gopal Singh,,no_match,Deezer seed after identity check
queue-skipped-seed:wikipedia_japan,artist-missing-on-deezer,Houkago Princess,,no_match,Deezer seed after identity check
queue-skipped-seed:wikipedia_greater_china,artist-missing-not-on-deezer,Deric Wan,,no_match,Deezer seed after identity check
queue-skipped-seed:wikipedia_greater_china,artist-missing-on-deezer,Slater Rhea,,no_match,Deezer seed after identity check
queue-skipped-seed:wikipedia_korea,artist-missing-on-deezer,박칼린,,no_match,Deezer seed after identity check
queue-skipped-seed:wikipedia_south_asia,artist-missing-on-deezer,Parveen Nazar,,no_match,Deezer seed after identity check
queue-skipped-seed:wikipedia_korea,artist-missing-not-on-deezer,온희정,,no_match,Deezer seed after identity check
queue-skipped-seed:wikipedia_japan,artist-missing-not-on-deezer,Chieko Ochi,,no_match,Deezer seed after identity check
queue-skipped-seed:wikipedia_korea,artist-missing-not-on-deezer,배인순,,no_match,Deezer seed after identity check
queue-skipped-seed:wikipedia_korea,artist-missing-on-deezer,효성,,no_match,Deezer seed after identity check
queue-skipped-seed:wikipedia_greater_china,artist-missing-not-on-deezer,Marife Yau,,needs_review,Deezer seed after identity check
queue-skipped-seed:wikipedia_korea,artist-missing-on-deezer,오병길,,no_match,Deezer seed after identity check
queue-skipped-seed:wikipedia_south_asia,artist-missing-on-deezer,Raageshwari Loomba,,needs_review,Deezer seed after identity check
queue-skipped-seed:wikipedia_japan,artist-missing-not-on-deezer,Deka Moni,,no_match,Deezer seed after identity check
queue-skipped-seed:wikipedia_korea,artist-missing-not-on-deezer,한승,,no_match,Deezer seed after identity check
queue-skipped-seed:wikipedia_korea,artist-missing-not-on-deezer,김주니,,no_match,Deezer seed after identity check
queue-skipped-seed:wikipedia_western_canon,artist-missing-not-on-deezer,Junior Cottonmouth,,no_match,Deezer seed after identity check
queue-skipped-seed:wikipedia_korea,artist-missing-not-on-deezer,송민준,,no_match,Deezer seed after identity check
queue-skipped-seed:wikipedia_japan,artist-missing-not-on-deezer,Days no mo,,no_match,Deezer seed after identity check
queue-skipped-seed:wikipedia_korea,artist-missing-not-on-deezer,노주,,no_match,Deezer seed after identity check
queue-skipped-seed:wikipedia_korea,artist-missing-not-on-deezer,김홍영,,no_match,Deezer seed after identity check
queue-skipped-seed:wikipedia_korea,artist-missing-on-deezer,송미진,,no_match,Deezer seed after identity check
queue-skipped-seed:wikipedia_korea,artist-missing-on-deezer,박한얼,,no_match,Deezer seed after identity check
queue-skipped-seed:wikipedia_south_asia,artist-missing-on-deezer,Alam Lohar,,needs_review,Deezer seed after identity check
queue-skipped-seed:wikipedia_korea,artist-missing-deezer-no-albums,수연이,,no_match,Deezer seed after identity check
queue-skipped-seed:wikipedia_japan,artist-missing-not-on-deezer,Airi Matsui,,no_match,Deezer seed after identity check
queue-skipped-seed:wikipedia_africa,artist-missing-deezer-no-albums,Ethel Kamwendo Banda,,no_match,Deezer seed after identity check
queue-skipped-seed:wikipedia_korea,artist-missing-not-on-deezer,전여여정,,no_match,Deezer seed after identity check
queue-skipped-seed:wikipedia_korea,artist-missing-not-on-deezer,오예린,,no_match,Deezer seed after identity check
queue-skipped-seed:wikipedia_korea,artist-missing-not-on-deezer,이경현,,no_match,Deezer seed after identity check
queue-skipped-seed:wikipedia_korea,artist-missing-not-on-deezer,김소이,,no_match,Deezer seed after identity check
queue-skipped-seed:wikipedia_korea,artist-missing-on-deezer,김이삭,,no_match,Deezer seed after identity check
queue-skipped-seed:wikipedia_japan,artist-missing-on-deezer,Mie Sonozaki,,no_match,Deezer seed after identity check
queue-skipped-seed:wikipedia_korea,artist-missing-not-on-deezer,서인아,,no_match,Deezer seed after identity check
queue-skipped-seed:wikipedia_korea,artist-missing-not-on-deezer,방소정,,no_match,Deezer seed after identity check
queue-skipped-seed:wikipedia_korea,artist-missing-not-on-deezer,조선영,,no_match,Deezer seed after identity check
queue-skipped-seed:wikipedia_korea,artist-missing-on-deezer,문건희,,no_match,Deezer seed after identity check
queue-skipped-seed:wikipedia_japan,artist-missing-on-deezer,Tomoko Soryo,,no_match,Deezer seed after identity check
queue-skipped-seed:wikipedia_korea,artist-missing-not-on-deezer,다냐,,no_match,Deezer seed after identity check
queue-skipped-seed:wikipedia_latin,artist-missing-on-deezer,Faraón Love Shady,,no_match,Deezer seed after identity check
queue-skipped-seed:wikipedia_latin,artist-missing-on-deezer,Javvi Elias,,no_match,Deezer seed after identity check
queue-skipped-seed:wikipedia_africa,artist-missing-on-deezer,Mike Tuney,,no_match,Deezer seed after identity check
queue-skipped-seed:wikipedia_korea,artist-missing-not-on-deezer,토케이,,no_match,Deezer seed after identity check
queue-skipped-seed:wikipedia_korea,artist-missing-on-deezer,오열,,no_match,Deezer seed after identity check
queue-skipped-seed:wikipedia_africa,artist-missing-on-deezer,Capasta,,no_match,Deezer seed after identity check
queue-skipped-seed:wikipedia_korea,artist-missing-not-on-deezer,오하이오래빗,,no_match,Deezer seed after identity check
queue-skipped-seed:wikipedia_korea,artist-missing-not-on-deezer,전혜성,,no_match,Deezer seed after identity check
queue-skipped-seed:wikipedia_greater_china,artist-missing-not-on-deezer,Ron Ng,,needs_review,Deezer seed after identity check
queue-skipped-seed:wikipedia_japan,artist-missing-on-deezer,Rabbit,,needs_review,Deezer seed after identity check
queue-skipped-seed:wikipedia_latin,artist-missing-on-deezer,Nanda Loren,,no_match,Deezer seed after identity check
queue-skipped-seed:wikipedia_greater_china,artist-missing-not-on-deezer,List of G.E.M. live performances,,no_match,Deezer seed after identity check
queue-skipped-seed:wikipedia_korea,artist-missing-not-on-deezer,임현서,,no_match,Deezer seed after identity check
queue-skipped-seed:wikipedia_africa,artist-missing-on-deezer,Kweku Darlington,,no_match,Deezer seed after identity check
queue-skipped-seed:wikipedia_korea,artist-missing-not-on-deezer,노영호,,no_match,Deezer seed after identity check
queue-skipped-seed:wikipedia_japan,artist-missing-not-on-deezer,Busaikumura no Watto! Odoroku! Dai 1 Show,,no_match,Deezer seed after identity check
queue-skipped-seed:wikipedia_sea,artist-missing-not-on-deezer,Wachirawit Wattanaphakdipaisan,,no_match,Deezer seed after identity check
queue-skipped-seed:wikipedia_korea,artist-missing-not-on-deezer,김승아,,no_match,Deezer seed after identity check
queue-skipped-seed:wikipedia_korea,artist-missing-not-on-deezer,벤티,,no_match,Deezer seed after identity check
queue-skipped-seed:wikipedia_korea,artist-missing-not-on-deezer,성용하,,no_match,Deezer seed after identity check
queue-skipped-seed:wikipedia_greater_china,artist-missing-not-on-deezer,List of C-pop artists,,no_match,Deezer seed after identity check
queue-skipped-seed:wikipedia_korea,artist-missing-not-on-deezer,이상택,,no_match,Deezer seed after identity check
queue-skipped-seed:wikipedia_korea,artist-missing-not-on-deezer,라이프 오브 하지,,no_match,Deezer seed after identity check
queue-skipped-seed:wikipedia_korea,artist-missing-not-on-deezer,황준,,no_match,Deezer seed after identity check
queue-skipped-seed:wikipedia_korea,artist-missing-on-deezer,나일수록 좋아,,no_match,Deezer seed after identity check
queue-skipped-seed:wikipedia_sea,artist-missing-not-on-deezer,List of Indonesian singers,,no_match,Deezer seed after identity check
queue-skipped-seed:wikipedia_korea,artist-missing-not-on-deezer,강설민,,no_match,Deezer seed after identity check
queue-skipped-seed:wikipedia_korea,artist-missing-not-on-deezer,고아리,,no_match,Deezer seed after identity check
queue-skipped-seed:wikipedia_korea,artist-missing-not-on-deezer,나휘,,no_match,Deezer seed after identity check
queue-skipped-seed:wikipedia_africa,artist-missing-on-deezer,Kwame Baah,,no_match,Deezer seed after identity check
queue-skipped-seed:wikipedia_korea,artist-missing-not-on-deezer,정예진,,no_match,Deezer seed after identity check
queue-skipped-seed:wikipedia_korea,artist-missing-not-on-deezer,그린베이지,,no_match,Deezer seed after identity check
queue-skipped-seed:wikipedia_korea,artist-missing-not-on-deezer,블루디,,no_match,Deezer seed after identity check
queue-skipped-seed:wikipedia_korea,artist-missing-not-on-deezer,웬,,no_match,Deezer seed after identity check
queue-skipped-seed:wikipedia_korea,artist-missing-not-on-deezer,도화진,,no_match,Deezer seed after identity check
queue-skipped-seed:wikipedia_korea,artist-missing-not-on-deezer,폴 송,,no_match,Deezer seed after identity check
queue-skipped-seed:wikipedia_japan,artist-missing-not-on-deezer,Hiromi Matsuura,,no_match,Deezer seed after identity check
queue-skipped-seed:wikipedia_korea,artist-missing-not-on-deezer,이수웅,,no_match,Deezer seed after identity check
queue-skipped-seed:wikipedia_japan,artist-missing-not-on-deezer,7 Men Samurai,,no_match,Deezer seed after identity check
queue-skipped-seed:wikipedia_korea,artist-missing-not-on-deezer,엄소영,,no_match,Deezer seed after identity check
queue-skipped-seed:wikipedia_africa,artist-missing-on-deezer,DJ Vyrusky,,no_match,Deezer seed after identity check
queue-skipped-seed:wikipedia_japan,artist-missing-not-on-deezer,Karin Nanami,,no_match,Deezer seed after identity check
queue-skipped-seed:wikipedia_korea,artist-missing-not-on-deezer,김명철,,no_match,Deezer seed after identity check
queue-skipped-seed:wikipedia_korea,artist-missing-not-on-deezer,임시원,,no_match,Deezer seed after identity check
queue-skipped-seed:wikipedia_korea,artist-missing-deezer-no-albums,남주희,,no_match,Deezer seed after identity check
queue-skipped-seed:wikipedia_korea,artist-missing-not-on-deezer,나도경,,no_match,Deezer seed after identity check
queue-skipped-seed:wikipedia_korea,artist-missing-not-on-deezer,우연수,,no_match,Deezer seed after identity check
queue-skipped-seed:wikipedia_korea,artist-missing-not-on-deezer,뷰즈 인 아이,,no_match,Deezer seed after identity check
queue-skipped-seed:wikipedia_korea,artist-missing-on-deezer,정성보,,no_match,Deezer seed after identity check
queue-skipped-seed:wikipedia_greater_china,artist-missing-not-on-deezer,Mavis Hee,,needs_review,Deezer seed after identity check
queue-skipped-seed:wikipedia_greater_china,artist-missing-not-on-deezer,Candy Chen,,no_match,Deezer seed after identity check
queue-skipped-seed:wikipedia_south_asia,artist-missing-on-deezer,Mansoor Malangi,,no_match,Deezer seed after identity check
queue-skipped-seed:wikipedia_japan,artist-missing-on-deezer,Otome Shinto,,no_match,Deezer seed after identity check
queue-skipped-seed:wikipedia_korea,artist-missing-not-on-deezer,허케,,no_match,Deezer seed after identity check
queue-skipped-seed:wikipedia_latin,artist-missing-not-on-deezer,Radka Pavlovčinová,,no_match,Deezer seed after identity check
queue-skipped-seed:wikipedia_japan,artist-missing-not-on-deezer,Hashimero,,no_match,Deezer seed after identity check
queue-skipped-seed:wikipedia_western_canon,artist-missing-deezer-no-albums,Neal Matthews Jr.,,no_match,Deezer seed after identity check
queue-skipped-seed:wikipedia_korea,artist-missing-not-on-deezer,신동재,,no_match,Deezer seed after identity check
queue-skipped-seed:wikipedia_korea,artist-missing-not-on-deezer,하다솜,,no_match,Deezer seed after identity check
queue-skipped-seed:wikipedia_south_asia,artist-missing-deezer-no-albums,Madhukar Toradmal,,no_match,Deezer seed after identity check
queue-skipped-seed:wikipedia_korea,artist-missing-not-on-deezer,김희,,no_match,Deezer seed after identity check
queue-skipped-seed:wikipedia_korea,artist-missing-not-on-deezer,정가희,,no_match,Deezer seed after identity check
queue-skipped-seed:wikipedia_africa,artist-missing-on-deezer,Nura M Inuwa,,no_match,Deezer seed after identity check
queue-skipped-seed:wikipedia_korea,artist-missing-not-on-deezer,김영웅,,no_match,Deezer seed after identity check
queue-skipped-seed:wikipedia_korea,artist-missing-not-on-deezer,윤립,,no_match,Deezer seed after identity check
queue-skipped-seed:wikipedia_korea,artist-missing-on-deezer,샤크라마,,no_match,Deezer seed after identity check
queue-skipped-seed:wikipedia_korea,artist-missing-not-on-deezer,이승조,,no_match,Deezer seed after identity check
queue-skipped-seed:wikipedia_japan,artist-missing-not-on-deezer,Maria Makino,,no_match,Deezer seed after identity check
queue-skipped-seed:wikipedia_korea,artist-missing-on-deezer,세아,,no_match,Deezer seed after identity check
queue-skipped-seed:wikipedia_korea,artist-missing-not-on-deezer,저미,,no_match,Deezer seed after identity check
queue-skipped-seed:wikipedia_korea,artist-missing-on-deezer,미소라,,no_match,Deezer seed after identity check
queue-skipped-seed:wikipedia_korea,artist-missing-not-on-deezer,김범준,,no_match,Deezer seed after identity check
queue-skipped-seed:wikipedia_korea,artist-missing-not-on-deezer,인유,,no_match,Deezer seed after identity check
queue-skipped-seed:wikipedia_japan,artist-missing-not-on-deezer,Maasa Sudo,,no_match,Deezer seed after identity check
queue-skipped-seed:wikipedia_greater_china,artist-missing-on-deezer,Xu Wei,,needs_review,Deezer seed after identity check
queue-skipped-seed:wikipedia_sea,artist-missing-not-on-deezer,Wanpichit Nimitparkpoom,,no_match,Deezer seed after identity check
queue-skipped-seed:wikipedia_south_asia,artist-missing-on-deezer,Nilkamal Singh,,no_match,Deezer seed after identity check
queue-skipped-seed:wikipedia_europe_world,artist-missing-not-on-deezer,Anne Le Guernec,,no_match,Deezer seed after identity check
queue-skipped-seed:wikipedia_sea,artist-missing-on-deezer,Toni Rakkaen,,no_match,Deezer seed after identity check
queue-skipped-seed:wikipedia_korea,artist-missing-deezer-no-albums,아이세이,,no_match,Deezer seed after identity check
queue-skipped-seed:wikipedia_sea,artist-missing-not-on-deezer,Becky Armstrong,,no_match,Deezer seed after identity check
queue-skipped-seed:wikipedia_greater_china,artist-missing-on-deezer,Jeffrey Ngai,,needs_review,Deezer seed after identity check
queue-skipped-seed:wikipedia_africa,artist-missing-not-on-deezer,Jay Jay Cee,,no_match,Deezer seed after identity check
queue-skipped-seed:wikipedia_korea,artist-missing-not-on-deezer,윤영아,,no_match,Deezer seed after identity check
queue-skipped-seed:wikipedia_sea,artist-missing-on-deezer,Denny Caknan,,no_match,Deezer seed after identity check
queue-skipped-seed:wikipedia_japan,artist-missing-not-on-deezer,Chihiro Anai,,no_match,Deezer seed after identity check
queue-skipped-seed:wikipedia_korea,artist-missing-not-on-deezer,박우철,,no_match,Deezer seed after identity check
queue-skipped-seed:wikipedia_korea,artist-missing-not-on-deezer,박유민,,no_match,Deezer seed after identity check
queue-skipped-seed:wikipedia_africa,artist-missing-on-deezer,Benny Mayengani,,no_match,Deezer seed after identity check
queue-skipped-seed:wikipedia_korea,artist-missing-not-on-deezer,벨라가르텐,,no_match,Deezer seed after identity check
queue-skipped-seed:wikipedia_western_canon,artist-missing-not-on-deezer,List of Country Music Hall of Fame inductees,,no_match,Deezer seed after identity check
queue-skipped-seed:wikipedia_europe_world,artist-missing-not-on-deezer,Fausto Cannone,,no_match,Deezer seed after identity check
queue-skipped-seed:wikipedia_korea,artist-missing-deezer-no-albums,김모노,,no_match,Deezer seed after identity check
queue-skipped-seed:wikipedia_japan,artist-missing-not-on-deezer,Mika Hase,,no_match,Deezer seed after identity check
queue-skipped-seed:wikipedia_latin,artist-missing-not-on-deezer,List of entertainers in Mexico,,no_match,Deezer seed after identity check
queue-skipped-seed:wikipedia_sea,artist-missing-not-on-deezer,Irma Pane,,no_match,Deezer seed after identity check
queue-skipped-seed:wikipedia_japan,artist-missing-on-deezer,Nako Misaki,,no_match,Deezer seed after identity check
queue-skipped-seed:wikipedia_korea,artist-missing-not-on-deezer,폴로다레드,,no_match,Deezer seed after identity check
queue-skipped-seed:wikipedia_africa,artist-missing-not-on-deezer,Eso Dike,,no_match,Deezer seed after identity check
queue-skipped-seed:wikipedia_south_asia,artist-missing-on-deezer,Humaira Channa,,needs_review,Deezer seed after identity check
queue-skipped-seed:wikipedia_latin,artist-missing-not-on-deezer,Gabriel Coss,,no_match,Deezer seed after identity check
queue-skipped-seed:wikipedia_japan,artist-missing-not-on-deezer,Mion Mukaichi,,no_match,Deezer seed after identity check
queue-skipped-seed:wikipedia_africa,artist-missing-on-deezer,Tokollo 'Magesh' Tshabalala,,no_match,Deezer seed after identity check
queue-skipped-seed:wikipedia_korea,artist-missing-not-on-deezer,나비드,,no_match,Deezer seed after identity check
queue-skipped-seed:wikipedia_greater_china,artist-missing-on-deezer,Chinese American Bear,,needs_review,Deezer seed after identity check
queue-skipped-seed:wikipedia_korea,artist-missing-not-on-deezer,에일린,,no_match,Deezer seed after identity check
queue-skipped-seed:wikipedia_south_asia,artist-missing-not-on-deezer,T. V. Kumuthini,,no_match,Deezer seed after identity check
queue-skipped-seed:wikipedia_africa,artist-missing-on-deezer,Piesie Esther,,no_match,Deezer seed after identity check
queue-skipped-seed:wikipedia_south_asia,artist-missing-not-on-deezer,List of Indian film music directors,,no_match,Deezer seed after identity check
queue-skipped-seed:wikipedia_korea,artist-missing-not-on-deezer,최초이,,no_match,Deezer seed after identity check
queue-skipped-seed:wikipedia_africa,artist-missing-not-on-deezer,Moses Kweku Oppong,,no_match,Deezer seed after identity check
queue-skipped-seed:wikipedia_korea,artist-missing-not-on-deezer,다언,,no_match,Deezer seed after identity check
queue-skipped-seed:wikipedia_japan,artist-missing-not-on-deezer,Mai Kanno,,no_match,Deezer seed after identity check
queue-skipped-seed:wikipedia_korea,artist-missing-not-on-deezer,대포,,no_match,Deezer seed after identity check
queue-skipped-seed:wikipedia_sea,artist-missing-not-on-deezer,Sarocha Chankimha,,no_match,Deezer seed after identity check
queue-skipped-seed:wikipedia_japan,artist-missing-on-deezer,Nao Furuhata,,no_match,Deezer seed after identity check
queue-skipped-seed:wikipedia_korea,artist-missing-not-on-deezer,오뮤오,,no_match,Deezer seed after identity check
queue-skipped-seed:wikipedia_africa,artist-missing-deezer-no-albums,Che Wikise,,no_match,Deezer seed after identity check
queue-skipped-seed:wikipedia_africa,artist-missing-not-on-deezer,Princess Chitsulo,,no_match,Deezer seed after identity check
queue-skipped-seed:wikipedia_korea,artist-missing-on-deezer,희호,,no_match,Deezer seed after identity check
queue-skipped-seed:wikipedia_korea,artist-missing-not-on-deezer,마코토,,no_match,Deezer seed after identity check
queue-skipped-seed:wikipedia_greater_china,artist-missing-on-deezer,Eric Kwok,,needs_review,Deezer seed after identity check
queue-skipped-seed:wikipedia_korea,artist-missing-on-deezer,신이,,no_match,Deezer seed after identity check
queue-skipped-seed:wikipedia_korea,artist-missing-not-on-deezer,김만희,,no_match,Deezer seed after identity check
queue-skipped-seed:wikipedia_korea,artist-missing-not-on-deezer,마누,,no_match,Deezer seed after identity check
queue-skipped-seed:wikipedia_sea,artist-missing-not-on-deezer,Januarisman,,no_match,Deezer seed after identity check
queue-skipped-seed:wikipedia_greater_china,artist-missing-deezer-no-albums,Aarif Rahman,,no_match,Deezer seed after identity check
queue-skipped-seed:wikipedia_latin,artist-missing-on-deezer,Matthew Kaminski,,no_match,Deezer seed after identity check
queue-skipped-seed:wikipedia_korea,artist-missing-not-on-deezer,서이연,,no_match,Deezer seed after identity check
queue-skipped-seed:wikipedia_korea,artist-missing-not-on-deezer,청슬,,no_match,Deezer seed after identity check
queue-skipped-seed:wikipedia_korea,artist-missing-not-on-deezer,박강한,,no_match,Deezer seed after identity check
queue-skipped-seed:wikipedia_korea,artist-missing-not-on-deezer,아유미,,needs_review,Deezer seed after identity check
queue-skipped-seed:wikipedia_korea,artist-missing-not-on-deezer,신진주,,no_match,Deezer seed after identity check
queue-skipped-seed:wikipedia_korea,artist-missing-not-on-deezer,신규현,,no_match,Deezer seed after identity check
queue-skipped-seed:wikipedia_japan,artist-missing-not-on-deezer,Yu Hasebe,,no_match,Deezer seed after identity check
queue-skipped-seed:wikipedia_korea,artist-missing-not-on-deezer,이승운,,no_match,Deezer seed after identity check
queue-skipped-seed:wikipedia_south_asia,artist-missing-on-deezer,Karnail Gill,,no_match,Deezer seed after identity check
queue-skipped-seed:wikipedia_japan,artist-missing-not-on-deezer,Kanako Ogata,,no_match,Deezer seed after identity check
queue-skipped-seed:wikipedia_greater_china,artist-missing-on-deezer,Winnie Lau,,needs_review,Deezer seed after identity check
queue-skipped-seed:wikipedia_korea,artist-missing-on-deezer,시아지우,,no_match,Deezer seed after identity check
queue-skipped-seed:wikipedia_greater_china,artist-missing-not-on-deezer,Kenny Kwan,,needs_review,Deezer seed after identity check
queue-skipped-seed:wikipedia_korea,artist-missing-on-deezer,이윤찬,,no_match,Deezer seed after identity check
queue-skipped-seed:wikipedia_south_asia,artist-missing-on-deezer,Alaur Rahman,,needs_review,Deezer seed after identity check
queue-skipped-seed:wikipedia_japan,artist-missing-on-deezer,Mimi Meme Mimi,,no_match,Deezer seed after identity check
queue-skipped-seed:wikipedia_korea,artist-missing-not-on-deezer,마테오,,no_match,Deezer seed after identity check
queue-skipped-seed:wikipedia_greater_china,artist-missing-on-deezer,Gin Lee,,needs_review,Deezer seed after identity check
queue-skipped-seed:wikipedia_korea,artist-missing-on-deezer,양송희,,no_match,Deezer seed after identity check
queue-skipped-seed:wikipedia_korea,artist-missing-not-on-deezer,쌤,,no_match,Deezer seed after identity check
queue-skipped-seed:wikipedia_korea,artist-missing-not-on-deezer,크리스 리,,no_match,Deezer seed after identity check
queue-skipped-seed:wikipedia_greater_china,artist-missing-deezer-no-albums,Cherrie Choi,,no_match,Deezer seed after identity check
queue-skipped-seed:wikipedia_greater_china,artist-missing-not-on-deezer,Yue Chi-ming,,no_match,Deezer seed after identity check
queue-skipped-seed:wikipedia_greater_china,artist-missing-on-deezer,Nancy Kwai,,needs_review,Deezer seed after identity check
queue-skipped-seed:wikipedia_south_asia,artist-missing-on-deezer,Chirrantan Bhatt,,no_match,Deezer seed after identity check
queue-skipped-seed:wikipedia_korea,artist-missing-not-on-deezer,박세욱,,no_match,Deezer seed after identity check
queue-skipped-seed:prestige,artist-missing-on-deezer,나희경,,no_match,Deezer seed after identity check
queue-skipped-seed:wikipedia_korea,artist-missing-not-on-deezer,유지아,,no_match,Deezer seed after identity check
queue-skipped-seed:wikipedia_korea,artist-missing-on-deezer,농수로,,no_match,Deezer seed after identity check
queue-skipped-seed:wikipedia_greater_china,artist-missing-not-on-deezer,Ricky Shen,,no_match,Deezer seed after identity check
queue-skipped-seed:wikipedia_korea,artist-missing-not-on-deezer,백수정,,no_match,Deezer seed after identity check
queue-skipped-seed:wikipedia_japan,artist-missing-not-on-deezer,Yuuka Morishima,,no_match,Deezer seed after identity check
queue-skipped-seed:wikipedia_greater_china,artist-missing-on-deezer,Wong Cho-lam,,no_match,Deezer seed after identity check
queue-skipped-seed:wikipedia_korea,artist-missing-not-on-deezer,희루,,no_match,Deezer seed after identity check
queue-skipped-seed:wikipedia_europe_world,artist-missing-not-on-deezer,Annibale Giannarelli,,no_match,Deezer seed after identity check
queue-skipped-seed:wikipedia_korea,artist-missing-not-on-deezer,윤예원,,no_match,Deezer seed after identity check
queue-skipped-seed:wikipedia_korea,artist-missing-deezer-no-albums,민은경,,no_match,Deezer seed after identity check
queue-skipped-seed:wikipedia_korea,artist-missing-deezer-no-albums,파사딕,,no_match,Deezer seed after identity check
queue-skipped-seed:wikipedia_korea,artist-missing-on-deezer,마망,,no_match,Deezer seed after identity check
queue-skipped-seed:wikipedia_south_asia,artist-missing-on-deezer,Rani Indrani Sharma,,no_match,Deezer seed after identity check
queue-skipped-seed:wikipedia_korea,artist-missing-deezer-no-albums,노아주다,,no_match,Deezer seed after identity check
queue-skipped-seed:wikipedia_south_asia,artist-missing-on-deezer,Pushpa Hans,,no_match,Deezer seed after identity check
queue-skipped-seed:wikipedia_japan,artist-missing-not-on-deezer,Ayano Ōmoto,,no_match,Deezer seed after identity check
queue-skipped-seed:wikipedia_latin,artist-missing-on-deezer,Xavier Zazueta,,no_match,Deezer seed after identity check
queue-skipped-seed:wikipedia_greater_china,artist-missing-not-on-deezer,Wong He,,no_match,Deezer seed after identity check
queue-skipped-seed:wikipedia_latin,artist-missing-not-on-deezer,Ivette Cintron,,no_match,Deezer seed after identity check
queue-skipped-seed:wikipedia_korea,artist-missing-not-on-deezer,성선임,,no_match,Deezer seed after identity check
queue-skipped-seed:wikipedia_korea,artist-missing-not-on-deezer,스니키 송,,no_match,Deezer seed after identity check
queue-skipped-seed:wikipedia_korea,artist-missing-not-on-deezer,마리아 킴,,no_match,Deezer seed after identity check
queue-skipped-seed:wikipedia_korea,artist-missing-not-on-deezer,목장주인,,no_match,Deezer seed after identity check
queue-skipped-seed:wikipedia_korea,artist-missing-deezer-no-albums,세오,,no_match,Deezer seed after identity check
queue-skipped-seed:wikipedia_latin,artist-missing-on-deezer,Regina Voce,,no_match,Deezer seed after identity check
queue-skipped-seed:wikipedia_sea,artist-missing-not-on-deezer,Napat Injaiuea,,no_match,Deezer seed after identity check
queue-skipped-seed:wikipedia_korea,artist-missing-not-on-deezer,이진실,,no_match,Deezer seed after identity check
queue-skipped-seed:wikipedia_korea,artist-missing-not-on-deezer,유하주,,no_match,Deezer seed after identity check
queue-skipped-seed:wikipedia_south_asia,artist-missing-not-on-deezer,Imran Muhammad Akhoond,,no_match,Deezer seed after identity check
queue-skipped-seed:wikipedia_korea,artist-missing-not-on-deezer,김루아,,no_match,Deezer seed after identity check
queue-skipped-seed:wikipedia_south_asia,artist-missing-not-on-deezer,List of Pakistani pop singers,,no_match,Deezer seed after identity check
queue-skipped-seed:wikipedia_africa,artist-missing-not-on-deezer,Beattie Casely-Hayford,,no_match,Deezer seed after identity check
queue-skipped-seed:wikipedia_japan,artist-missing-deezer-no-albums,Hiroko Shimabukuro,,no_match,Deezer seed after identity check
queue-skipped-seed:wikipedia_korea,artist-missing-on-deezer,도이,,no_match,Deezer seed after identity check
queue-skipped-seed:wikipedia_greater_china,artist-missing-not-on-deezer,Tang Kee-chan,,needs_review,Deezer seed after identity check
queue-skipped-seed:wikipedia_japan,artist-missing-not-on-deezer,Yuri Ichii,,no_match,Deezer seed after identity check
queue-skipped-seed:wikipedia_korea,artist-missing-on-deezer,래미,,no_match,Deezer seed after identity check
queue-skipped-seed:wikipedia_korea,artist-missing-not-on-deezer,김승기,,no_match,Deezer seed after identity check
queue-skipped-seed:wikipedia_latin,artist-missing-not-on-deezer,Julio Bagué,,no_match,Deezer seed after identity check
queue-skipped-seed:wikipedia_korea,artist-missing-not-on-deezer,NYOU,,needs_review,Deezer seed after identity check
queue-skipped-seed:wikipedia_korea,artist-missing-not-on-deezer,선덕,,no_match,Deezer seed after identity check
queue-skipped-seed:wikipedia_korea,artist-missing-not-on-deezer,서리,,no_match,Deezer seed after identity check
queue-skipped-seed:wikipedia_korea,artist-missing-not-on-deezer,김능자,,no_match,Deezer seed after identity check
queue-skipped-seed:wikipedia_korea,artist-missing-on-deezer,시언,,no_match,Deezer seed after identity check
queue-skipped-seed:wikipedia_africa,artist-missing-on-deezer,Abdul Khoza,,no_match,Deezer seed after identity check
queue-skipped-seed:wikipedia_korea,artist-missing-not-on-deezer,아라지오,,no_match,Deezer seed after identity check
queue-skipped-seed:wikipedia_korea,artist-missing-not-on-deezer,손동제,,no_match,Deezer seed after identity check
queue-skipped-seed:wikipedia_korea,artist-missing-deezer-no-albums,정향란,,no_match,Deezer seed after identity check
queue-skipped-seed:wikipedia_korea,artist-missing-on-deezer,김찬,,no_match,Deezer seed after identity check
queue-skipped-seed:wikipedia_korea,artist-missing-deezer-no-albums,장유경,,no_match,Deezer seed after identity check
queue-skipped-seed:wikipedia_greater_china,artist-missing-on-deezer,Coco Lee,,needs_review,Deezer seed after identity check
queue-skipped-seed:wikipedia_south_asia,artist-missing-on-deezer,Prakash Kaur,,no_match,Deezer seed after identity check
queue-skipped-seed:wikipedia_south_asia,artist-missing-on-deezer,Faisal Kapadia,,needs_review,Deezer seed after identity check
queue-skipped-seed:wikipedia_korea,artist-missing-not-on-deezer,은림,,no_match,Deezer seed after identity check
queue-skipped-seed:wikipedia_korea,artist-missing-not-on-deezer,전찬영,,no_match,Deezer seed after identity check
queue-skipped-seed:wikipedia_korea,artist-missing-on-deezer,홍서현,,no_match,Deezer seed after identity check
queue-skipped-seed:wikipedia_korea,artist-missing-not-on-deezer,사용자:App010100111,,no_match,Deezer seed after identity check
queue-skipped-seed:wikipedia_korea,artist-missing-not-on-deezer,김태오,,no_match,Deezer seed after identity check
queue-skipped-seed:wikipedia_korea,artist-missing-on-deezer,백시온,,no_match,Deezer seed after identity check
queue-skipped-seed:wikipedia_korea,artist-missing-on-deezer,송우주,,no_match,Deezer seed after identity check
queue-skipped-seed:wikipedia_korea,artist-missing-not-on-deezer,임상현,,no_match,Deezer seed after identity check
queue-skipped-seed:wikipedia_japan,artist-missing-on-deezer,Manatsu Murakami,,no_match,Deezer seed after identity check
queue-skipped-seed:wikipedia_greater_china,artist-missing-not-on-deezer,Chang Chen-yue,,no_match,Deezer seed after identity check
queue-skipped-seed:wikipedia_korea,artist-missing-not-on-deezer,민진주,,no_match,Deezer seed after identity check
queue-skipped-seed:wikipedia_korea,artist-missing-on-deezer,동방현주,,no_match,Deezer seed after identity check
queue-skipped-seed:wikipedia_korea,artist-missing-not-on-deezer,한결후,,no_match,Deezer seed after identity check
queue-skipped-seed:wikipedia_korea,artist-missing-not-on-deezer,듀티,,no_match,Deezer seed after identity check
queue-skipped-seed:wikipedia_korea,artist-missing-not-on-deezer,김대완,,no_match,Deezer seed after identity check
queue-skipped-seed:wikipedia_sea,artist-missing-not-on-deezer,Nawaphat Thannamongkhonsawat,,no_match,Deezer seed after identity check
queue-skipped-seed:wikipedia_japan,artist-missing-not-on-deezer,Chiharu Muto,,no_match,Deezer seed after identity check
queue-skipped-seed:wikipedia_greater_china,artist-missing-on-deezer,Dicky Cheung,,needs_review,Deezer seed after identity check
queue-skipped-seed:wikipedia_korea,artist-missing-on-deezer,방서희,,no_match,Deezer seed after identity check
queue-skipped-seed:wikipedia_south_asia,artist-missing-on-deezer,Iqbal Bahu,,no_match,Deezer seed after identity check
queue-skipped-seed:wikipedia_greater_china,artist-missing-not-on-deezer,Ming Jie,,no_match,Deezer seed after identity check
queue-skipped-seed:wikipedia_africa,artist-missing-on-deezer,Zhus Jdo,,no_match,Deezer seed after identity check
queue-skipped-seed:wikipedia_sea,artist-missing-not-on-deezer,Achiraya Nitibhon,,no_match,Deezer seed after identity check
queue-skipped-seed:wikipedia_korea,artist-missing-deezer-no-albums,윤세연,,no_match,Deezer seed after identity check
queue-skipped-seed:wikipedia_korea,artist-missing-not-on-deezer,김은규,,no_match,Deezer seed after identity check
queue-skipped-seed:wikipedia_europe_world,artist-missing-not-on-deezer,Marie Dihau,,no_match,Deezer seed after identity check
queue-skipped-seed:wikipedia_south_asia,artist-missing-on-deezer,Waqar Ali,,needs_review,Deezer seed after identity check
queue-skipped-seed:wikipedia_latin,artist-missing-not-on-deezer,Mattatracks,,no_match,Deezer seed after identity check
queue-skipped-seed:wikipedia_korea,artist-missing-not-on-deezer,정나현,,no_match,Deezer seed after identity check
queue-skipped-seed:wikipedia_korea,artist-missing-not-on-deezer,이민관,,no_match,Deezer seed after identity check
queue-skipped-seed:wikipedia_japan,artist-missing-not-on-deezer,Nonami Takizawa,,no_match,Deezer seed after identity check
queue-skipped-seed:wikipedia_latin,artist-missing-not-on-deezer,Juan Andres Otalora,,no_match,Deezer seed after identity check
queue-skipped-seed:wikipedia_korea,artist-missing-not-on-deezer,차우리,,no_match,Deezer seed after identity check
queue-skipped-seed:wikipedia_western_canon,artist-missing-deezer-no-albums,Akagündüz Kutbay,,no_match,Deezer seed after identity check
queue-skipped-seed:wikipedia_greater_china,artist-missing-not-on-deezer,Wu Chun,,needs_review,Deezer seed after identity check
queue-skipped-seed:wikipedia_korea,artist-missing-not-on-deezer,한상일,,no_match,Deezer seed after identity check
queue-skipped-seed:wikipedia_korea,artist-missing-not-on-deezer,유카,,needs_review,Deezer seed after identity check
queue-skipped-seed:wikipedia_korea,artist-missing-not-on-deezer,이제빈,,no_match,Deezer seed after identity check
queue-skipped-seed:wikipedia_korea,artist-missing-not-on-deezer,MF Miho,,no_match,Deezer seed after identity check
queue-skipped-seed:wikipedia_south_asia,artist-missing-on-deezer,Bhubaneswar Mishra,,no_match,Deezer seed after identity check
queue-skipped-seed:wikipedia_western_canon,artist-missing-not-on-deezer,Finis Henderson III,,no_match,Deezer seed after identity check
queue-skipped-seed:wikipedia_korea,artist-missing-deezer-no-albums,에이미리,,no_match,Deezer seed after identity check
queue-skipped-seed:wikipedia_korea,artist-missing-not-on-deezer,노브,,no_match,Deezer seed after identity check
queue-skipped-seed:wikipedia_south_asia,artist-missing-on-deezer,Foji Gill,,no_match,Deezer seed after identity check
queue-skipped-seed:wikipedia_latin,artist-missing-on-deezer,Mariana Massiel,,no_match,Deezer seed after identity check
queue-skipped-seed:wikipedia_korea,artist-missing-not-on-deezer,백합,,no_match,Deezer seed after identity check
queue-skipped-seed:wikipedia_korea,artist-missing-not-on-deezer,킹스시,,no_match,Deezer seed after identity check
queue-skipped-seed:wikipedia_korea,artist-missing-not-on-deezer,김희라,,no_match,Deezer seed after identity check
queue-skipped-seed:wikipedia_korea,artist-missing-not-on-deezer,강민재,,no_match,Deezer seed after identity check
queue-skipped-seed:wikipedia_japan,artist-missing-not-on-deezer,Tipsy night,,no_match,Deezer seed after identity check
queue-skipped-seed:wikipedia_korea,artist-missing-on-deezer,최상,,no_match,Deezer seed after identity check
queue-skipped-seed:wikipedia_korea,artist-missing-on-deezer,다함,,no_match,Deezer seed after identity check
queue-skipped-seed:wikipedia_korea,artist-missing-not-on-deezer,고은채,,no_match,Deezer seed after identity check
queue-skipped-seed:wikipedia_europe_world,artist-missing-not-on-deezer,Cloé Vidiane,,no_match,Deezer seed after identity check
queue-skipped-seed:wikipedia_japan,artist-missing-on-deezer,Boysgroup,,no_match,Deezer seed after identity check
queue-skipped-seed:wikipedia_south_asia,artist-missing-not-on-deezer,Umasashi,,no_match,Deezer seed after identity check
queue-skipped-seed:wikipedia_korea,artist-missing-not-on-deezer,김보연,,no_match,Deezer seed after identity check
queue-skipped-seed:wikipedia_south_asia,artist-missing-on-deezer,Swaran Lata,,no_match,Deezer seed after identity check
queue-skipped-seed:wikipedia_korea,artist-missing-deezer-no-albums,빅윌,,no_match,Deezer seed after identity check
queue-skipped-seed:wikipedia_south_asia,artist-missing-on-deezer,Sara Haider,,needs_review,Deezer seed after identity check
queue-skipped-seed:wikipedia_korea,artist-missing-on-deezer,서예안,,no_match,Deezer seed after identity check
queue-skipped-seed:wikipedia_korea,artist-missing-on-deezer,권의빈,,no_match,Deezer seed after identity check
queue-skipped-seed:wikipedia_korea,artist-missing-not-on-deezer,박부심,,no_match,Deezer seed after identity check
queue-skipped-seed:wikipedia_korea,artist-missing-on-deezer,키츠요지,,no_match,Deezer seed after identity check
queue-skipped-seed:wikipedia_korea,artist-missing-not-on-deezer,록스 펑크맨,,no_match,Deezer seed after identity check
queue-skipped-seed:wikipedia_korea,artist-missing-on-deezer,산하,,no_match,Deezer seed after identity check
queue-skipped-seed:wikipedia_korea,artist-missing-not-on-deezer,한상귀,,no_match,Deezer seed after identity check
queue-skipped-seed:wikipedia_south_asia,artist-missing-not-on-deezer,Prem Anand,,no_match,Deezer seed after identity check
queue-skipped-seed:wikipedia_korea,artist-missing-not-on-deezer,이유카,,no_match,Deezer seed after identity check
queue-skipped-seed:wikipedia_korea,artist-missing-not-on-deezer,제임스 안,,no_match,Deezer seed after identity check
queue-skipped-seed:wikipedia_japan,artist-missing-on-deezer,Rey,,needs_review,Deezer seed after identity check
queue-skipped-seed:wikipedia_greater_china,artist-missing-on-deezer,XTIE,,needs_review,Deezer seed after identity check
queue-skipped-seed:wikipedia_korea,artist-missing-not-on-deezer,베이테이,,no_match,Deezer seed after identity check
queue-skipped-seed:wikipedia_korea,artist-missing-not-on-deezer,세음,,no_match,Deezer seed after identity check
queue-skipped-seed:wikipedia_korea,artist-missing-not-on-deezer,신수아,,no_match,Deezer seed after identity check
queue-skipped-seed:wikipedia_korea,artist-missing-not-on-deezer,시라성,,no_match,Deezer seed after identity check
queue-skipped-seed:wikipedia_korea,artist-missing-not-on-deezer,한진희,,no_match,Deezer seed after identity check
queue-skipped-seed:wikipedia_greater_china,artist-missing-deezer-no-albums,Anthony Wong Yiu-ming,,no_match,Deezer seed after identity check
queue-skipped-seed:wikipedia_latin,artist-missing-not-on-deezer,Àlex Casademunt,,no_match,Deezer seed after identity check
queue-skipped-seed:wikipedia_korea,artist-missing-not-on-deezer,송단비,,no_match,Deezer seed after identity check
queue-skipped-seed:wikipedia_korea,artist-missing-not-on-deezer,홍정오,,no_match,Deezer seed after identity check
queue-skipped-seed:wikipedia_korea,artist-missing-on-deezer,차여울,,no_match,Deezer seed after identity check
queue-skipped-seed:wikipedia_korea,artist-missing-on-deezer,정석,,no_match,Deezer seed after identity check
queue-skipped-seed:wikipedia_korea,artist-missing-on-deezer,진수경,,no_match,Deezer seed after identity check
queue-skipped-seed:wikipedia_japan,artist-missing-not-on-deezer,Cocoa Otoko,,no_match,Deezer seed after identity check
queue-skipped-seed:wikipedia_korea,artist-missing-not-on-deezer,권언정,,no_match,Deezer seed after identity check
queue-skipped-seed:wikipedia_greater_china,artist-missing-on-deezer,Michael Kwan,,needs_review,Deezer seed after identity check
queue-skipped-seed:wikipedia_korea,artist-missing-not-on-deezer,오산하,,no_match,Deezer seed after identity check
queue-skipped-seed:wikipedia_korea,artist-missing-on-deezer,강득만,,no_match,Deezer seed after identity check
queue-skipped-seed:wikipedia_africa,artist-missing-on-deezer,Jasën Blu,,no_match,Deezer seed after identity check
queue-skipped-seed:wikipedia_japan,artist-missing-not-on-deezer,Sayuki Takagi,,no_match,Deezer seed after identity check
queue-skipped-seed:wikipedia_south_asia,artist-missing-on-deezer,Damia Farooq,,needs_review,Deezer seed after identity check
queue-skipped-seed:wikipedia_greater_china,artist-missing-not-on-deezer,Ricky Hui,,needs_review,Deezer seed after identity check
queue-skipped-seed:wikipedia_latin,artist-missing-on-deezer,Daniel Sarcos,,no_match,Deezer seed after identity check
queue-skipped-seed:wikipedia_greater_china,artist-missing-on-deezer,Edison Chen,,needs_review,Deezer seed after identity check
queue-skipped-seed:wikipedia_sea,artist-missing-not-on-deezer,Ratchanon Ruenpech,,no_match,Deezer seed after identity check
queue-skipped-seed:wikipedia_korea,artist-missing-not-on-deezer,황현준,,no_match,Deezer seed after identity check
queue-skipped-seed:wikipedia_korea,artist-missing-on-deezer,명진,,no_match,Deezer seed after identity check
queue-skipped-seed:wikipedia_greater_china,artist-missing-deezer-no-albums,Aisa Senda,,needs_review,Deezer seed after identity check
queue-skipped-seed:wikipedia_south_asia,artist-missing-on-deezer,Tufail Niazi,,no_match,Deezer seed after identity check
queue-skipped-seed:wikipedia_korea,artist-missing-not-on-deezer,소현아,,no_match,Deezer seed after identity check
queue-skipped-seed:wikipedia_greater_china,artist-missing-not-on-deezer,Lin Mo,,no_match,Deezer seed after identity check
queue-skipped-seed:wikipedia_korea,artist-missing-on-deezer,덕구,,no_match,Deezer seed after identity check
queue-skipped-seed:wikipedia_korea,artist-missing-not-on-deezer,소울리스트,,no_match,Deezer seed after identity check
queue-skipped-seed:wikipedia_korea,artist-missing-on-deezer,은원,,no_match,Deezer seed after identity check
queue-skipped-seed:wikipedia_korea,artist-missing-not-on-deezer,왕영은,,no_match,Deezer seed after identity check
queue-skipped-seed:wikipedia_korea,artist-missing-not-on-deezer,박종수,,no_match,Deezer seed after identity check
queue-skipped-seed:wikipedia_korea,artist-missing-on-deezer,성빈,,no_match,Deezer seed after identity check
queue-skipped-seed:wikipedia_korea,artist-missing-not-on-deezer,아이리제,,no_match,Deezer seed after identity check
queue-skipped-seed:wikipedia_japan,artist-missing-not-on-deezer,Kyoko Hinami,,no_match,Deezer seed after identity check
queue-skipped-seed:wikipedia_korea,artist-missing-not-on-deezer,조니 쿼니,,no_match,Deezer seed after identity check
queue-skipped-seed:wikipedia_korea,artist-missing-not-on-deezer,최진솔,,no_match,Deezer seed after identity check
queue-skipped-seed:wikipedia_korea,artist-missing-not-on-deezer,케렌,,no_match,Deezer seed after identity check
queue-skipped-seed:wikipedia_korea,artist-missing-not-on-deezer,최대성,,no_match,Deezer seed after identity check
queue-skipped-seed:wikipedia_korea,artist-missing-not-on-deezer,조아영,,no_match,Deezer seed after identity check
queue-skipped-seed:wikipedia_korea,artist-missing-not-on-deezer,허니케이골드,,no_match,Deezer seed after identity check
queue-skipped-seed:wikipedia_korea,artist-missing-on-deezer,노경희,,no_match,Deezer seed after identity check
queue-skipped-seed:wikipedia_japan,artist-missing-not-on-deezer,Ami Miyamae,,no_match,Deezer seed after identity check
queue-skipped-seed:wikipedia_korea,artist-missing-on-deezer,솔림,,no_match,Deezer seed after identity check
queue-skipped-seed:wikipedia_africa,artist-missing-on-deezer,Chris Delvan Gwamna,,no_match,Deezer seed after identity check
queue-skipped-seed:wikipedia_western_canon,artist-missing-deezer-no-albums,Ellis Marsalis Jr.,,no_match,Deezer seed after identity check
queue-skipped-seed:wikipedia_korea,artist-missing-not-on-deezer,임지안,,no_match,Deezer seed after identity check
queue-skipped-seed:wikipedia_japan,artist-missing-on-deezer,Yuki Koyanagi,,no_match,Deezer seed after identity check
queue-skipped-seed:wikipedia_south_asia,artist-missing-not-on-deezer,Savvy Gupta,,no_match,Deezer seed after identity check
queue-skipped-seed:wikipedia_latin,artist-missing-on-deezer,Rafael Serrallet,,no_match,Deezer seed after identity check
queue-skipped-seed:wikipedia_korea,artist-missing-not-on-deezer,이동길,,no_match,Deezer seed after identity check
queue-skipped-seed:wikipedia_korea,artist-missing-not-on-deezer,스윗빈,,no_match,Deezer seed after identity check
queue-skipped-seed:wikipedia_korea,artist-missing-not-on-deezer,콜린 딘,,no_match,Deezer seed after identity check
queue-skipped-seed:wikipedia_south_asia,artist-missing-on-deezer,Buddhadeb Dasgupta,,no_match,Deezer seed after identity check
queue-skipped-seed:wikipedia_japan,artist-missing-on-deezer,Meru Tashima,,no_match,Deezer seed after identity check
queue-skipped-seed:wikipedia_korea,artist-missing-on-deezer,설희,,no_match,Deezer seed after identity check
queue-skipped-seed:wikipedia_japan,artist-missing-on-deezer,Haruka Nakagawa,,no_match,Deezer seed after identity check
queue-skipped-seed:wikipedia_sea,artist-missing-not-on-deezer,Gian Bernardino,,no_match,Deezer seed after identity check
queue-skipped-seed:wikipedia_korea,artist-missing-not-on-deezer,태일찬,,no_match,Deezer seed after identity check
queue-skipped-seed:wikipedia_japan,artist-missing-on-deezer,Juri Nagatsuma,,no_match,Deezer seed after identity check
queue-skipped-seed:wikipedia_africa,artist-missing-on-deezer,Hubert Ogunde,,no_match,Deezer seed after identity check
queue-skipped-seed:wikipedia_korea,artist-missing-not-on-deezer,서진수,,no_match,Deezer seed after identity check
queue-skipped-seed:wikipedia_japan,artist-missing-not-on-deezer,Ayaka Komatsu,,no_match,Deezer seed after identity check
queue-skipped-seed:wikipedia_korea,artist-missing-on-deezer,명희,,no_match,Deezer seed after identity check
queue-skipped-seed:wikipedia_korea,artist-missing-deezer-no-albums,황바울,,no_match,Deezer seed after identity check
queue-skipped-seed:wikipedia_greater_china,artist-missing-on-deezer,Patrick Tang,,needs_review,Deezer seed after identity check
queue-skipped-seed:wikipedia_south_asia,artist-missing-not-on-deezer,Durdana Rehman,,no_match,Deezer seed after identity check
queue-skipped-seed:wikipedia_europe_world,artist-missing-not-on-deezer,Jean-Michel Portal,,no_match,Deezer seed after identity check
queue-skipped-seed:wikipedia_japan,artist-missing-not-on-deezer,Mameshiba no Taigun Tonai Bousho a.k.a. MonsterIdol,,no_match,Deezer seed after identity check
queue-skipped-seed:wikipedia_korea,artist-missing-on-deezer,연예진,,no_match,Deezer seed after identity check
queue-skipped-seed:wikipedia_korea,artist-missing-not-on-deezer,깽세,,no_match,Deezer seed after identity check
queue-skipped-seed:wikipedia_japan,artist-missing-not-on-deezer,Kei Jonishi,,no_match,Deezer seed after identity check
queue-skipped-seed:wikipedia_korea,artist-missing-on-deezer,오슬기,,no_match,Deezer seed after identity check
queue-skipped-seed:wikipedia_western_canon,artist-missing-not-on-deezer,Jobete Music,,no_match,Deezer seed after identity check
queue-skipped-seed:wikipedia_korea,artist-missing-not-on-deezer,김민형,,no_match,Deezer seed after identity check
queue-skipped-seed:wikipedia_sea,artist-missing-on-deezer,Yuka Kharisma,,no_match,Deezer seed after identity check
queue-skipped-seed:wikipedia_south_asia,artist-missing-not-on-deezer,Arsh Muneer,,no_match,Deezer seed after identity check
queue-skipped-seed:wikipedia_korea,artist-missing-not-on-deezer,김여정,,no_match,Deezer seed after identity check
queue-skipped-seed:wikipedia_south_asia,artist-missing-on-deezer,J. P. Kaushik,,no_match,Deezer seed after identity check
queue-skipped-seed:wikipedia_korea,artist-missing-not-on-deezer,메이비,,no_match,Deezer seed after identity check
queue-skipped-seed:wikipedia_korea,artist-missing-not-on-deezer,권나무,,no_match,Deezer seed after identity check
queue-skipped-seed:wikipedia_greater_china,artist-missing-on-deezer,Andy Lau,,needs_review,Deezer seed after identity check
queue-skipped-seed:wikipedia_korea,artist-missing-deezer-no-albums,장향희,,no_match,Deezer seed after identity check
queue-skipped-seed:wikipedia_korea,artist-missing-on-deezer,단칸방로맨스,,no_match,Deezer seed after identity check
queue-skipped-seed:wikipedia_korea,artist-missing-not-on-deezer,박수아,,no_match,Deezer seed after identity check
queue-skipped-seed:wikipedia_korea,artist-missing-on-deezer,랩퍼성큰,,no_match,Deezer seed after identity check
queue-skipped-seed:wikipedia_korea,artist-missing-not-on-deezer,릴 비모,,no_match,Deezer seed after identity check
queue-skipped-seed:wikipedia_korea,artist-missing-not-on-deezer,세진이,,no_match,Deezer seed after identity check
queue-skipped-seed:wikipedia_japan,artist-missing-deezer-no-albums,Satomi Takasugi,,no_match,Deezer seed after identity check
queue-skipped-seed:wikipedia_western_canon,artist-missing-not-on-deezer,Laila Bagge Wahlgren,,no_match,Deezer seed after identity check
queue-skipped-seed:wikipedia_korea,artist-missing-on-deezer,류계영,,no_match,Deezer seed after identity check
queue-skipped-seed:wikipedia_korea,artist-missing-not-on-deezer,서정은,,no_match,Deezer seed after identity check
queue-skipped-seed:wikipedia_sea,artist-missing-not-on-deezer,Jakrapatr Kaewpanpong,,no_match,Deezer seed after identity check
queue-skipped-seed:wikipedia_korea,artist-missing-not-on-deezer,정홍,,no_match,Deezer seed after identity check
queue-skipped-seed:wikipedia_africa,artist-missing-deezer-no-albums,Tamera Foster,,no_match,Deezer seed after identity check
queue-skipped-seed:wikipedia_japan,artist-missing-on-deezer,Bakusute Sotokanda Icchome,,no_match,Deezer seed after identity check
queue-skipped-seed:wikipedia_korea,artist-missing-on-deezer,나혜진,,no_match,Deezer seed after identity check
queue-skipped-seed:wikipedia_korea,artist-missing-not-on-deezer,난연,,no_match,Deezer seed after identity check
queue-skipped-seed:wikipedia_korea,artist-missing-on-deezer,노현희,,no_match,Deezer seed after identity check
queue-skipped-seed:wikipedia_korea,artist-missing-not-on-deezer,김명식,,no_match,Deezer seed after identity check
queue-skipped-seed:wikipedia_korea,artist-missing-not-on-deezer,아이비,,no_match,Deezer seed after identity check
queue-skipped-seed:wikipedia_korea,artist-missing-not-on-deezer,김두한,,no_match,Deezer seed after identity check
queue-skipped-seed:wikipedia_japan,artist-missing-on-deezer,Nanase Hoshii,,no_match,Deezer seed after identity check
queue-skipped-seed:wikipedia_korea,artist-missing-not-on-deezer,백자,,no_match,Deezer seed after identity check
queue-skipped-seed:wikipedia_africa,artist-missing-not-on-deezer,Robert Sithole,,no_match,Deezer seed after identity check
queue-skipped-seed:wikipedia_greater_china,artist-missing-not-on-deezer,Ben Chiu,,needs_review,Deezer seed after identity check
queue-skipped-seed:wikipedia_korea,artist-missing-on-deezer,딜라,,no_match,Deezer seed after identity check
queue-skipped-seed:wikipedia_japan,artist-missing-on-deezer,Ai Shinozaki,,no_match,Deezer seed after identity check
queue-skipped-seed:wikipedia_sea,artist-missing-not-on-deezer,Shireen Sungkar,,no_match,Deezer seed after identity check
queue-skipped-seed:wikipedia_south_asia,artist-missing-on-deezer,Rubayyat Jahan,,needs_review,Deezer seed after identity check
queue-skipped-seed:wikipedia_korea,artist-missing-on-deezer,디핵,,no_match,Deezer seed after identity check
queue-skipped-seed:wikipedia_japan,artist-missing-not-on-deezer,Yui Kondo,,no_match,Deezer seed after identity check
queue-skipped-seed:wikipedia_greater_china,artist-missing-on-deezer,Endy Chow,,needs_review,Deezer seed after identity check
queue-skipped-seed:wikipedia_korea,artist-missing-not-on-deezer,멜로디,,needs_review,Deezer seed after identity check
queue-skipped-seed:wikipedia_korea,artist-missing-on-deezer,강소연,,no_match,Deezer seed after identity check
queue-skipped-seed:wikipedia_japan,artist-missing-deezer-no-albums,Erika Ishitobi,,no_match,Deezer seed after identity check
queue-skipped-seed:wikipedia_korea,artist-missing-not-on-deezer,나모,,no_match,Deezer seed after identity check
queue-skipped-seed:wikipedia_greater_china,artist-missing-not-on-deezer,Tony Leung Chiu-wai,,needs_review,Deezer seed after identity check
queue-skipped-seed:wikipedia_africa,artist-missing-on-deezer,Ajofé,,no_match,Deezer seed after identity check
queue-skipped-seed:wikipedia_korea,artist-missing-on-deezer,자스민,,no_match,Deezer seed after identity check
queue-skipped-seed:wikipedia_korea,artist-missing-not-on-deezer,이서준,,no_match,Deezer seed after identity check
queue-skipped-seed:wikipedia_korea,artist-missing-not-on-deezer,예이나,,no_match,Deezer seed after identity check
queue-skipped-seed:wikipedia_korea,artist-missing-on-deezer,차지혜,,no_match,Deezer seed after identity check
queue-skipped-seed:wikipedia_africa,artist-missing-not-on-deezer,Piet de Villiers,,no_match,Deezer seed after identity check
queue-skipped-seed:wikipedia_korea,artist-missing-not-on-deezer,고현해,,no_match,Deezer seed after identity check
queue-skipped-seed:wikipedia_korea,artist-missing-not-on-deezer,박상운,,no_match,Deezer seed after identity check
queue-skipped-seed:wikipedia_japan,artist-missing-not-on-deezer,YuiKaori,,no_match,Deezer seed after identity check
queue-skipped-seed:wikipedia_greater_china,artist-missing-on-deezer,Nick Cheung,,needs_review,Deezer seed after identity check
queue-skipped-seed:wikipedia_korea,artist-missing-on-deezer,명성희,,no_match,Deezer seed after identity check
queue-skipped-seed:wikipedia_korea,artist-missing-not-on-deezer,박진선,,no_match,Deezer seed after identity check
queue-skipped-seed:wikipedia_korea,artist-missing-deezer-no-albums,아스트랄 스웨기,,no_match,Deezer seed after identity check
queue-skipped-seed:wikipedia_korea,artist-missing-deezer-no-albums,한성일,,no_match,Deezer seed after identity check
queue-skipped-seed:wikipedia_korea,artist-missing-not-on-deezer,염해인,,no_match,Deezer seed after identity check
queue-skipped-seed:wikipedia_japan,artist-missing-not-on-deezer,Ai-Girls,,no_match,Deezer seed after identity check
queue-skipped-seed:wikipedia_western_canon,artist-missing-deezer-no-albums,Cholly Atkins,,no_match,Deezer seed after identity check
queue-skipped-seed:wikipedia_korea,artist-missing-not-on-deezer,송희라,,no_match,Deezer seed after identity check
queue-skipped-seed:wikipedia_korea,artist-missing-not-on-deezer,영둥이,,no_match,Deezer seed after identity check
queue-skipped-seed:wikipedia_japan,artist-missing-on-deezer,Kumiko Goto,,no_match,Deezer seed after identity check
queue-skipped-seed:wikipedia_korea,artist-missing-not-on-deezer,다즈비,,needs_review,Deezer seed after identity check
queue-skipped-seed:wikipedia_japan,artist-missing-not-on-deezer,Hiroko Kurumizawa,,no_match,Deezer seed after identity check
queue-skipped-seed:wikipedia_sea,artist-missing-not-on-deezer,Kannarun Wongkajornklai,,no_match,Deezer seed after identity check
queue-skipped-seed:wikipedia_korea,artist-missing-not-on-deezer,이신주,,no_match,Deezer seed after identity check
queue-skipped-seed:wikipedia_korea,artist-missing-not-on-deezer,제이봄,,no_match,Deezer seed after identity check
queue-skipped-seed:wikipedia_latin,artist-missing-on-deezer,JC Gonzalez,,no_match,Deezer seed after identity check
queue-skipped-seed:wikipedia_korea,artist-missing-not-on-deezer,박수정,,no_match,Deezer seed after identity check
queue-skipped-seed:wikipedia_korea,artist-missing-deezer-no-albums,최세연,,no_match,Deezer seed after identity check
queue-skipped-seed:wikipedia_korea,artist-missing-not-on-deezer,줄라이 세븐,,no_match,Deezer seed after identity check
queue-skipped-seed:wikipedia_korea,artist-missing-not-on-deezer,허나래,,no_match,Deezer seed after identity check
queue-skipped-seed:wikipedia_japan,artist-missing-not-on-deezer,Aiko Kayō,,no_match,Deezer seed after identity check
queue-skipped-seed:wikipedia_korea,artist-missing-on-deezer,이사벨라,,no_match,Deezer seed after identity check
queue-skipped-seed:wikipedia_greater_china,artist-missing-deezer-no-albums,Hoffman Cheng,,needs_review,Deezer seed after identity check
queue-skipped-seed:wikipedia_greater_china,artist-missing-not-on-deezer,Xu Ziyin,,needs_review,Deezer seed after identity check
queue-skipped-seed:wikipedia_south_asia,artist-missing-on-deezer,Banashree Sengupta,,no_match,Deezer seed after identity check
queue-skipped-seed:wikipedia_korea,artist-missing-not-on-deezer,오엘,,no_match,Deezer seed after identity check
queue-skipped-seed:wikipedia_korea,artist-missing-not-on-deezer,민효린,,no_match,Deezer seed after identity check
queue-skipped-seed:wikipedia_korea,artist-missing-on-deezer,유건,,no_match,Deezer seed after identity check
queue-skipped-seed:wikipedia_japan,artist-missing-on-deezer,Cent Chihiro Chittiii,,no_match,Deezer seed after identity check
queue-skipped-seed:wikipedia_japan,artist-missing-not-on-deezer,Karin Fujiyoshi,,no_match,Deezer seed after identity check
queue-skipped-seed:wikipedia_greater_china,artist-missing-on-deezer,Cathy Leung,,no_match,Deezer seed after identity check
queue-skipped-seed:wikipedia_korea,artist-missing-not-on-deezer,더레이,,no_match,Deezer seed after identity check
queue-skipped-seed:wikipedia_greater_china,artist-missing-not-on-deezer,Paisley Wu,,no_match,Deezer seed after identity check
queue-skipped-seed:wikipedia_greater_china,artist-missing-on-deezer,Wallace Chung,,needs_review,Deezer seed after identity check
queue-skipped-seed:wikipedia_korea,artist-missing-on-deezer,이금,,no_match,Deezer seed after identity check
queue-skipped-seed:wikipedia_sea,artist-missing-on-deezer,Worrawech Danuwong,,no_match,Deezer seed after identity check
queue-skipped-seed:wikipedia_korea,artist-missing-not-on-deezer,심진화,,no_match,Deezer seed after identity check
queue-skipped-seed:wikipedia_latin,artist-missing-on-deezer,Eric Fukusaki,,no_match,Deezer seed after identity check
queue-skipped-seed:wikipedia_korea,artist-missing-on-deezer,신혜,,no_match,Deezer seed after identity check
queue-skipped-seed:wikipedia_korea,artist-missing-not-on-deezer,디미너,,no_match,Deezer seed after identity check
queue-skipped-seed:wikipedia_europe_world,artist-missing-on-deezer,LiLi Roquelin,,no_match,Deezer seed after identity check
queue-skipped-seed:wikipedia_africa,artist-missing-on-deezer,Buffalo Souljah,,no_match,Deezer seed after identity check
queue-skipped-seed:wikipedia_korea,artist-missing-not-on-deezer,사용자:VeritasNode/연습장,,no_match,Deezer seed after identity check
queue-skipped-seed:wikipedia_japan,artist-missing-not-on-deezer,Haruka Ayase,,no_match,Deezer seed after identity check
queue-skipped-seed:wikipedia_south_asia,artist-missing-on-deezer,Zahida Parveen,,no_match,Deezer seed after identity check
queue-skipped-seed:wikipedia_korea,artist-missing-on-deezer,김미려,,no_match,Deezer seed after identity check
queue-skipped-seed:wikipedia_japan,artist-missing-on-deezer,Nanaka Suwa,,no_match,Deezer seed after identity check
queue-skipped-seed:wikipedia_korea,artist-missing-not-on-deezer,성은채,,no_match,Deezer seed after identity check
queue-skipped-seed:wikipedia_korea,artist-missing-on-deezer,여정인,,no_match,Deezer seed after identity check
queue-skipped-seed:wikipedia_south_asia,artist-missing-on-deezer,Jasmin Walia,,needs_review,Deezer seed after identity check
queue-skipped-seed:wikipedia_japan,artist-missing-on-deezer,Fuyumi Abe,,no_match,Deezer seed after identity check
queue-skipped-seed:wikipedia_korea,artist-missing-not-on-deezer,전범선,,no_match,Deezer seed after identity check
queue-skipped-seed:wikipedia_korea,artist-missing-not-on-deezer,유가을,,no_match,Deezer seed after identity check
queue-skipped-seed:wikipedia_japan,artist-missing-on-deezer,Kaori Moritani,,no_match,Deezer seed after identity check
queue-skipped-seed:wikipedia_south_asia,artist-missing-on-deezer,U. K. Murali,,no_match,Deezer seed after identity check
queue-skipped-seed:wikipedia_korea,artist-missing-not-on-deezer,김정애,,no_match,Deezer seed after identity check
queue-skipped-seed:wikipedia_europe_world,artist-missing-not-on-deezer,Jean Sinoël,,no_match,Deezer seed after identity check
queue-skipped-seed:wikipedia_korea,artist-missing-on-deezer,모란,,no_match,Deezer seed after identity check
queue-skipped-seed:wikipedia_japan,artist-missing-not-on-deezer,Wakana Maruoka,,no_match,Deezer seed after identity check
queue-skipped-seed:wikipedia_korea,artist-missing-not-on-deezer,로보베르디,,no_match,Deezer seed after identity check
queue-skipped-seed:wikipedia_sea,artist-missing-not-on-deezer,Victoria Kosasie,,no_match,Deezer seed after identity check
queue-skipped-seed:wikipedia_korea,artist-missing-not-on-deezer,송승민,,no_match,Deezer seed after identity check
queue-skipped-seed:wikipedia_korea,artist-missing-on-deezer,조기흠,,no_match,Deezer seed after identity check
queue-skipped-seed:wikipedia_korea,artist-missing-not-on-deezer,최재흠,,no_match,Deezer seed after identity check
queue-skipped-seed:wikipedia_korea,artist-missing-deezer-no-albums,외동아들 김승기,,no_match,Deezer seed after identity check
queue-skipped-seed:wikipedia_korea,artist-missing-on-deezer,민영아,,no_match,Deezer seed after identity check
queue-skipped-seed:wikipedia_korea,artist-missing-not-on-deezer,오클라후카,,no_match,Deezer seed after identity check
queue-skipped-seed:wikipedia_korea,artist-missing-not-on-deezer,씨스웩,,no_match,Deezer seed after identity check
queue-skipped-seed:wikipedia_greater_china,artist-missing-on-deezer,Alex To,,needs_review,Deezer seed after identity check
queue-skipped-seed:wikipedia_south_asia,artist-missing-on-deezer,Rupam Sarmah,,no_match,Deezer seed after identity check
queue-skipped-seed:wikipedia_japan,artist-missing-not-on-deezer,Miki Matsuhashi,,no_match,Deezer seed after identity check
queue-skipped-seed:wikipedia_korea,artist-missing-not-on-deezer,신애,,no_match,Deezer seed after identity check
queue-skipped-seed:wikipedia_korea,artist-missing-not-on-deezer,장계현,,no_match,Deezer seed after identity check
queue-skipped-seed:wikipedia_south_asia,artist-missing-deezer-no-albums,Tani Begum,,no_match,Deezer seed after identity check
queue-skipped-seed:wikipedia_korea,artist-missing-on-deezer,안이숙,,no_match,Deezer seed after identity check
queue-skipped-seed:wikipedia_south_asia,artist-missing-on-deezer,Rizwan Hussain,,no_match,Deezer seed after identity check
queue-skipped-seed:wikipedia_japan,artist-missing-on-deezer,Chie Kobayashi,,no_match,Deezer seed after identity check
queue-skipped-seed:wikipedia_korea,artist-missing-not-on-deezer,양화,,no_match,Deezer seed after identity check
queue-skipped-seed:wikipedia_korea,artist-missing-on-deezer,전솔미,,no_match,Deezer seed after identity check
queue-skipped-seed:wikipedia_korea,artist-missing-not-on-deezer,바바라,,no_match,Deezer seed after identity check
queue-skipped-seed:wikipedia_korea,artist-missing-not-on-deezer,권아영,,no_match,Deezer seed after identity check
queue-skipped-seed:wikipedia_greater_china,artist-missing-on-deezer,Jinny Ng,,needs_review,Deezer seed after identity check
queue-skipped-seed:wikipedia_japan,artist-missing-not-on-deezer,Kalen Anzai,,no_match,Deezer seed after identity check
queue-skipped-seed:wikipedia_japan,artist-missing-on-deezer,Urashimasakatasen,,no_match,Deezer seed after identity check
queue-skipped-seed:wikipedia_korea,artist-missing-not-on-deezer,윤현숙,,no_match,Deezer seed after identity check
queue-skipped-seed:wikipedia_greater_china,artist-missing-on-deezer,Zang Tianshuo,,no_match,Deezer seed after identity check
queue-skipped-seed:wikipedia_korea,artist-missing-on-deezer,권준현,,no_match,Deezer seed after identity check
queue-skipped-seed:wikipedia_korea,artist-missing-on-deezer,문재영,,no_match,Deezer seed after identity check
queue-skipped-seed:wikipedia_korea,artist-missing-not-on-deezer,윤예슬이,,no_match,Deezer seed after identity check
queue-skipped-seed:wikipedia_greater_china,artist-missing-on-deezer,Jordan Chan,,needs_review,Deezer seed after identity check
queue-skipped-seed:wikipedia_korea,artist-missing-on-deezer,신세령,,no_match,Deezer seed after identity check
queue-skipped-seed:wikipedia_south_asia,artist-missing-on-deezer,Ghulam Ahmed Chishti,,no_match,Deezer seed after identity check
queue-skipped-seed:wikipedia_japan,artist-missing-not-on-deezer,Ruka Fukagawa,,no_match,Deezer seed after identity check
queue-skipped-seed:wikipedia_korea,artist-missing-on-deezer,설하수,,no_match,Deezer seed after identity check
queue-skipped-seed:wikipedia_africa,artist-missing-on-deezer,Ken Erics,,no_match,Deezer seed after identity check
queue-skipped-seed:wikipedia_korea,artist-missing-not-on-deezer,문보라,,no_match,Deezer seed after identity check
queue-skipped-seed:wikipedia_south_asia,artist-missing-not-on-deezer,The Benjamin Sisters,,no_match,Deezer seed after identity check
queue-skipped-seed:wikipedia_japan,artist-missing-not-on-deezer,Ryōko Shinohara,,no_match,Deezer seed after identity check
queue-skipped-seed:wikipedia_korea,artist-missing-not-on-deezer,이세벽,,no_match,Deezer seed after identity check
queue-skipped-seed:wikipedia_korea,artist-missing-not-on-deezer,솜혜빈,,no_match,Deezer seed after identity check
queue-skipped-seed:wikipedia_japan,artist-missing-on-deezer,Qumali Depart,,no_match,Deezer seed after identity check
queue-skipped-seed:wikipedia_korea,artist-missing-not-on-deezer,정이재,,no_match,Deezer seed after identity check
queue-skipped-seed:wikipedia_south_asia,artist-missing-on-deezer,Zoheb Hassan,,needs_review,Deezer seed after identity check
queue-skipped-seed:wikipedia_south_asia,artist-missing-on-deezer,Mayookh Bhaumik,,no_match,Deezer seed after identity check
queue-skipped-seed:wikipedia_japan,artist-missing-on-deezer,Idol Renaissance,,no_match,Deezer seed after identity check
queue-skipped-seed:wikipedia_japan,artist-missing-not-on-deezer,Jessica Kizaki,,no_match,Deezer seed after identity check
queue-skipped-seed:wikipedia_korea,artist-missing-on-deezer,류하늘,,no_match,Deezer seed after identity check
queue-skipped-seed:wikipedia_japan,artist-missing-deezer-no-albums,Tamaki Nakanishi,,no_match,Deezer seed after identity check
queue-skipped-seed:wikipedia_japan,artist-missing-not-on-deezer,Haruna Ikezawa,,no_match,Deezer seed after identity check
queue-skipped-seed:wikipedia_japan,artist-missing-on-deezer,Masami Mitsuoka,,no_match,Deezer seed after identity check
queue-skipped-seed:wikipedia_japan,artist-missing-on-deezer,Watarirouka Hashiritai 7,,no_match,Deezer seed after identity check
queue-skipped-seed:wikipedia_greater_china,artist-missing-not-on-deezer,Pai Bing-bing,,no_match,Deezer seed after identity check
queue-skipped-seed:wikipedia_south_asia,artist-missing-on-deezer,Shapla Salique,,needs_review,Deezer seed after identity check
queue-skipped-seed:wikipedia_korea,artist-missing-not-on-deezer,오드 리,,no_match,Deezer seed after identity check
queue-skipped-seed:wikipedia_korea,artist-missing-not-on-deezer,문정숙,,no_match,Deezer seed after identity check
queue-skipped-seed:wikipedia_japan,artist-missing-not-on-deezer,Riko Koike,,no_match,Deezer seed after identity check
queue-skipped-seed:wikipedia_korea,artist-missing-not-on-deezer,김초이,,no_match,Deezer seed after identity check
queue-skipped-seed:wikipedia_korea,artist-missing-not-on-deezer,신텍스 에러,,no_match,Deezer seed after identity check
queue-skipped-seed:wikipedia_korea,artist-missing-not-on-deezer,지우진,,no_match,Deezer seed after identity check
queue-skipped-seed:wikipedia_korea,artist-missing-not-on-deezer,김선준,,no_match,Deezer seed after identity check
queue-skipped-seed:wikipedia_africa,artist-missing-on-deezer,Klint da Drunk,,no_match,Deezer seed after identity check
queue-skipped-seed:wikipedia_korea,artist-missing-on-deezer,안순현,,no_match,Deezer seed after identity check
queue-skipped-seed:wikipedia_africa,artist-missing-on-deezer,Khanyi Mbau,,no_match,Deezer seed after identity check
queue-skipped-seed:wikipedia_korea,artist-missing-not-on-deezer,박도해,,no_match,Deezer seed after identity check
queue-skipped-seed:wikipedia_greater_china,artist-missing-not-on-deezer,Kevin Cheng,,needs_review,Deezer seed after identity check
queue-skipped-seed:wikipedia_korea,artist-missing-deezer-no-albums,허지애,,no_match,Deezer seed after identity check
queue-skipped-seed:wikipedia_korea,artist-missing-not-on-deezer,마리아,,no_match,Deezer seed after identity check
queue-skipped-seed:wikipedia_korea,artist-missing-not-on-deezer,박길라,,no_match,Deezer seed after identity check
queue-skipped-seed:wikipedia_korea,artist-missing-not-on-deezer,펠레스,,no_match,Deezer seed after identity check
queue-skipped-seed:wikipedia_south_asia,artist-missing-not-on-deezer,Seeta Devi,,no_match,Deezer seed after identity check
queue-skipped-seed:wikipedia_europe_world,artist-missing-not-on-deezer,Tim Leberecht,,no_match,Deezer seed after identity check
queue-skipped-seed:wikipedia_korea,artist-missing-not-on-deezer,미애,,no_match,Deezer seed after identity check
queue-skipped-seed:wikipedia_korea,artist-missing-not-on-deezer,까망고양이 비비,,no_match,Deezer seed after identity check
queue-skipped-seed:wikipedia_korea,artist-missing-not-on-deezer,이향유,,no_match,Deezer seed after identity check
queue-skipped-seed:wikipedia_korea,artist-missing-on-deezer,은희,,no_match,Deezer seed after identity check
queue-skipped-seed:wikipedia_greater_china,artist-missing-not-on-deezer,Long Qianyu,,no_match,Deezer seed after identity check
queue-skipped-seed:wikipedia_japan,artist-missing-not-on-deezer,Tonai Bousho,,no_match,Deezer seed after identity check
queue-skipped-seed:wikipedia_greater_china,artist-missing-on-deezer,Wang Yibo,,needs_review,Deezer seed after identity check
queue-skipped-seed:wikipedia_sea,artist-missing-not-on-deezer,Pensri Poomchoosri,,no_match,Deezer seed after identity check
queue-skipped-seed:wikipedia_greater_china,artist-missing-not-on-deezer,Sun Sheng Xi,,no_match,Deezer seed after identity check
queue-skipped-seed:wikipedia_korea,artist-missing-on-deezer,조엘라,,no_match,Deezer seed after identity check
queue-skipped-seed:wikipedia_korea,artist-missing-on-deezer,빛나,,no_match,Deezer seed after identity check
queue-skipped-seed:wikipedia_korea,artist-missing-on-deezer,베키,,no_match,Deezer seed after identity check
queue-skipped-seed:wikipedia_latin,artist-missing-not-on-deezer,Carlos López Estrada,,no_match,Deezer seed after identity check
queue-skipped-seed:wikipedia_korea,artist-missing-on-deezer,최솔지,,no_match,Deezer seed after identity check
queue-skipped-seed:wikipedia_korea,artist-missing-not-on-deezer,코웨이,,no_match,Deezer seed after identity check
queue-skipped-seed:wikipedia_korea,artist-missing-not-on-deezer,김선양,,no_match,Deezer seed after identity check
queue-skipped-seed:wikipedia_greater_china,artist-missing-on-deezer,Ada Zhuang,,needs_review,Deezer seed after identity check
queue-skipped-seed:wikipedia_korea,artist-missing-not-on-deezer,주미연,,no_match,Deezer seed after identity check
queue-skipped-seed:wikipedia_korea,artist-missing-not-on-deezer,오세웅,,no_match,Deezer seed after identity check
queue-skipped-seed:wikipedia_korea,artist-missing-not-on-deezer,윤준협,,no_match,Deezer seed after identity check
queue-skipped-seed:wikipedia_korea,artist-missing-not-on-deezer,김완준,,no_match,Deezer seed after identity check
queue-skipped-seed:wikipedia_south_asia,artist-missing-on-deezer,Bina Mistry,,needs_review,Deezer seed after identity check
queue-skipped-seed:wikipedia_japan,artist-missing-deezer-no-albums,Mayumi Horikawa,,no_match,Deezer seed after identity check
queue-skipped-seed:wikipedia_korea,artist-missing-not-on-deezer,이성신,,no_match,Deezer seed after identity check
queue-skipped-seed:wikipedia_japan,artist-missing-on-deezer,Luna Takamura,,no_match,Deezer seed after identity check
queue-skipped-seed:wikipedia_korea,artist-missing-not-on-deezer,성미리,,no_match,Deezer seed after identity check
queue-skipped-seed:wikipedia_south_asia,artist-missing-on-deezer,Ishmeet Singh,,no_match,Deezer seed after identity check
queue-skipped-seed:wikipedia_greater_china,artist-missing-not-on-deezer,Miki Yeung,,needs_review,Deezer seed after identity check
queue-skipped-seed:wikipedia_korea,artist-missing-not-on-deezer,김빛찬,,no_match,Deezer seed after identity check
queue-skipped-seed:wikipedia_korea,artist-missing-not-on-deezer,김윤희,,no_match,Deezer seed after identity check
queue-skipped-seed:wikipedia_korea,artist-missing-not-on-deezer,이다현,,no_match,Deezer seed after identity check
queue-skipped-seed:wikipedia_japan,artist-missing-not-on-deezer,Riho Miaki,,no_match,Deezer seed after identity check
queue-skipped-seed:wikipedia_korea,artist-missing-not-on-deezer,신명화,,no_match,Deezer seed after identity check
queue-skipped-seed:wikipedia_south_asia,artist-missing-not-on-deezer,Venmani Haridas,,no_match,Deezer seed after identity check
queue-skipped-seed:wikipedia_japan,artist-missing-not-on-deezer,Sae Murase,,no_match,Deezer seed after identity check
queue-skipped-seed:wikipedia_korea,artist-missing-not-on-deezer,에이솔,,no_match,Deezer seed after identity check
queue-skipped-seed:wikipedia_korea,artist-missing-not-on-deezer,윤해승,,no_match,Deezer seed after identity check
queue-skipped-seed:wikipedia_korea,artist-missing-not-on-deezer,유민지,,no_match,Deezer seed after identity check
queue-skipped-seed:wikipedia_south_asia,artist-missing-not-on-deezer,Nav Bajwa,,no_match,Deezer seed after identity check
queue-skipped-seed:wikipedia_greater_china,artist-missing-not-on-deezer,Jaycee Chan,,no_match,Deezer seed after identity check
queue-skipped-seed:wikipedia_korea,artist-missing-not-on-deezer,쟈크,,no_match,Deezer seed after identity check
queue-skipped-seed:wikipedia_korea,artist-missing-deezer-no-albums,윤서빈,,no_match,Deezer seed after identity check
queue-skipped-seed:wikipedia_japan,artist-missing-not-on-deezer,Momo Hirai,,no_match,Deezer seed after identity check
queue-skipped-seed:wikipedia_latin,artist-missing-on-deezer,Bobby Paunetto,,no_match,Deezer seed after identity check
queue-skipped-seed:wikipedia_korea,artist-missing-not-on-deezer,명보라,,no_match,Deezer seed after identity check
queue-skipped-seed:wikipedia_japan,artist-missing-not-on-deezer,Karen Matsumoto,,no_match,Deezer seed after identity check
queue-skipped-seed:wikipedia_latin,artist-missing-on-deezer,Kimberly Loaiza,,no_match,Deezer seed after identity check
queue-skipped-seed:wikipedia_greater_china,artist-missing-not-on-deezer,Xu Song,,no_match,Deezer seed after identity check
queue-skipped-seed:wikipedia_western_canon,artist-missing-not-on-deezer,List of Atlantic Records artists,,no_match,Deezer seed after identity check
queue-skipped-seed:wikipedia_latin,artist-missing-not-on-deezer,Alejandro Santiago Ciena,,no_match,Deezer seed after identity check
queue-skipped-seed:wikipedia_korea,artist-missing-not-on-deezer,콜론디,,no_match,Deezer seed after identity check
queue-skipped-seed:wikipedia_sea,artist-missing-not-on-deezer,Nattawat Jirochtikul,,no_match,Deezer seed after identity check
queue-skipped-seed:wikipedia_korea,artist-missing-on-deezer,옥가향,,no_match,Deezer seed after identity check
queue-skipped-seed:wikipedia_japan,artist-missing-on-deezer,Umineco Sounds,,no_match,Deezer seed after identity check
queue-skipped-seed:wikipedia_korea,artist-missing-not-on-deezer,HVRIN,,no_match,Deezer seed after identity check
queue-skipped-seed:wikipedia_korea,artist-missing-not-on-deezer,앤드류 넬슨,,no_match,Deezer seed after identity check
queue-skipped-seed:wikipedia_south_asia,artist-missing-on-deezer,Barkat Sidhu,,no_match,Deezer seed after identity check
queue-skipped-seed:wikipedia_korea,artist-missing-not-on-deezer,윤오,,no_match,Deezer seed after identity check
queue-skipped-seed:wikipedia_sea,artist-missing-not-on-deezer,Theethuch Khummuang,,no_match,Deezer seed after identity check
queue-skipped-seed:wikipedia_africa,artist-missing-not-on-deezer,Paskal A. B. Rois,,no_match,Deezer seed after identity check
queue-skipped-seed:wikipedia_south_asia,artist-missing-on-deezer,Noziya Karomatullo,,needs_review,Deezer seed after identity check
queue-skipped-seed:wikipedia_latin,artist-missing-not-on-deezer,César Abreu,,no_match,Deezer seed after identity check
queue-skipped-seed:wikipedia_south_asia,artist-missing-on-deezer,Nisha Bano,,no_match,Deezer seed after identity check
queue-skipped-seed:wikipedia_korea,artist-missing-not-on-deezer,김유선,,no_match,Deezer seed after identity check
queue-skipped-seed:wikipedia_japan,artist-missing-not-on-deezer,Marika Tani,,no_match,Deezer seed after identity check
queue-skipped-seed:wikipedia_sea,artist-missing-not-on-deezer,Vasin Traiprakhong,,no_match,Deezer seed after identity check
queue-skipped-seed:wikipedia_korea,artist-missing-not-on-deezer,유소닉,,no_match,Deezer seed after identity check
queue-skipped-seed:wikipedia_korea,artist-missing-not-on-deezer,안문숙,,no_match,Deezer seed after identity check
queue-skipped-seed:wikipedia_korea,artist-missing-on-deezer,임다운,,no_match,Deezer seed after identity check
queue-skipped-seed:wikipedia_japan,artist-missing-on-deezer,Ayame Goriki,,no_match,Deezer seed after identity check
queue-skipped-seed:wikipedia_japan,artist-missing-not-on-deezer,Sumire Satō,,no_match,Deezer seed after identity check
queue-skipped-seed:wikipedia_korea,artist-missing-not-on-deezer,오찬성,,no_match,Deezer seed after identity check
queue-skipped-seed:wikipedia_japan,artist-missing-not-on-deezer,Lip's,,needs_review,Deezer seed after identity check
queue-skipped-seed:wikipedia_greater_china,artist-missing-on-deezer,Andy Hui,,needs_review,Deezer seed after identity check
queue-skipped-seed:wikipedia_korea,artist-missing-not-on-deezer,하이스코어,,no_match,Deezer seed after identity check
queue-skipped-seed:wikipedia_korea,artist-missing-on-deezer,배하은,,no_match,Deezer seed after identity check
queue-skipped-seed:wikipedia_greater_china,artist-missing-on-deezer,William So,,needs_review,Deezer seed after identity check
queue-skipped-seed:wikipedia_korea,artist-missing-not-on-deezer,임종수,,no_match,Deezer seed after identity check
queue-skipped-seed:wikipedia_greater_china,artist-missing-on-deezer,Gigi Yim,,needs_review,Deezer seed after identity check
queue-skipped-seed:wikipedia_greater_china,artist-missing-not-on-deezer,Sita Chan,,needs_review,Deezer seed after identity check
queue-skipped-seed:wikipedia_japan,artist-missing-not-on-deezer,Rin Aira,,no_match,Deezer seed after identity check
queue-skipped-seed:wikipedia_korea,artist-missing-on-deezer,황영웅,,no_match,Deezer seed after identity check
queue-skipped-seed:wikipedia_korea,artist-missing-not-on-deezer,문영미,,no_match,Deezer seed after identity check
queue-skipped-seed:wikipedia_korea,artist-missing-not-on-deezer,요보이,,no_match,Deezer seed after identity check
queue-skipped-seed:wikipedia_japan,artist-missing-not-on-deezer,Nanase Nishino,,no_match,Deezer seed after identity check
queue-skipped-seed:wikipedia_korea,artist-missing-on-deezer,료화,,no_match,Deezer seed after identity check
queue-skipped-seed:wikipedia_korea,artist-missing-not-on-deezer,람,,no_match,Deezer seed after identity check
queue-skipped-seed:wikipedia_korea,artist-missing-deezer-no-albums,백일희,,no_match,Deezer seed after identity check
queue-skipped-seed:wikipedia_greater_china,artist-missing-not-on-deezer,Patrick Tam,,needs_review,Deezer seed after identity check
queue-skipped-seed:wikipedia_korea,artist-missing-not-on-deezer,김승혜,,no_match,Deezer seed after identity check
queue-skipped-seed:wikipedia_africa,artist-missing-not-on-deezer,Teemeeysax,,no_match,Deezer seed after identity check
queue-skipped-seed:wikipedia_africa,artist-missing-on-deezer,Quarme Zaggy,,no_match,Deezer seed after identity check
queue-skipped-seed:wikipedia_japan,artist-missing-not-on-deezer,Aya Shibata,,no_match,Deezer seed after identity check
queue-skipped-seed:wikipedia_africa,artist-missing-not-on-deezer,Aminu Ala,,no_match,Deezer seed after identity check
queue-skipped-seed:wikipedia_africa,artist-missing-not-on-deezer,Luna MC,,no_match,Deezer seed after identity check
queue-skipped-seed:wikipedia_korea,artist-missing-on-deezer,문혜성,,no_match,Deezer seed after identity check
queue-skipped-seed:wikipedia_south_asia,artist-missing-on-deezer,Sameer Phaterpekar,,no_match,Deezer seed after identity check
queue-skipped-seed:wikipedia_sea,artist-missing-on-deezer,Ashley Rivera,,no_match,Deezer seed after identity check
queue-skipped-seed:wikipedia_sea,artist-missing-not-on-deezer,Rafael Landry Tanubrata,,no_match,Deezer seed after identity check
queue-skipped-seed:wikipedia_japan,artist-missing-on-deezer,Strawberry Song Orchestra,,no_match,Deezer seed after identity check
queue-skipped-seed:wikipedia_korea,artist-missing-on-deezer,보배,,no_match,Deezer seed after identity check
queue-skipped-seed:wikipedia_greater_china,artist-missing-not-on-deezer,Mini Tsai,,no_match,Deezer seed after identity check
queue-skipped-seed:wikipedia_korea,artist-missing-not-on-deezer,김추리,,no_match,Deezer seed after identity check
queue-skipped-seed:wikipedia_korea,artist-missing-not-on-deezer,쿠모,,no_match,Deezer seed after identity check
queue-skipped-seed:wikipedia_korea,artist-missing-not-on-deezer,제폴트,,no_match,Deezer seed after identity check
queue-skipped-seed:wikipedia_korea,artist-missing-on-deezer,서진,,no_match,Deezer seed after identity check
queue-skipped-seed:wikipedia_korea,artist-missing-on-deezer,미리,,no_match,Deezer seed after identity check
queue-skipped-seed:wikipedia_sea,artist-missing-on-deezer,Unnop Thongborisut,,no_match,Deezer seed after identity check
queue-skipped-seed:wikipedia_korea,artist-missing-not-on-deezer,허민지,,no_match,Deezer seed after identity check
queue-skipped-seed:wikipedia_korea,artist-missing-not-on-deezer,버스타밤,,no_match,Deezer seed after identity check
queue-skipped-seed:wikipedia_greater_china,artist-missing-on-deezer,Jade Kwan,,needs_review,Deezer seed after identity check
queue-skipped-seed:wikipedia_korea,artist-missing-not-on-deezer,도신영,,no_match,Deezer seed after identity check
queue-skipped-seed:wikipedia_korea,artist-missing-not-on-deezer,김주완,,no_match,Deezer seed after identity check
queue-skipped-seed:wikipedia_korea,artist-missing-deezer-no-albums,왈로,,no_match,Deezer seed after identity check
queue-skipped-seed:wikipedia_latin,artist-missing-on-deezer,"Julio Ernesto Estrada ""Fruko""",,no_match,Deezer seed after identity check
queue-skipped-seed:wikipedia_japan,artist-missing-on-deezer,Yoshino Kimura,,no_match,Deezer seed after identity check
queue-skipped-seed:wikipedia_korea,artist-missing-not-on-deezer,유다원,,no_match,Deezer seed after identity check
queue-skipped-seed:wikipedia_japan,artist-missing-not-on-deezer,Noriko Shibasaki,,no_match,Deezer seed after identity check
queue-skipped-seed:wikipedia_south_asia,artist-missing-on-deezer,Goodly Rath,,no_match,Deezer seed after identity check
queue-skipped-seed:wikipedia_sea,artist-missing-not-on-deezer,Mahidol Pibulsonggram,,no_match,Deezer seed after identity check
queue-skipped-seed:wikipedia_south_asia,artist-missing-on-deezer,Quratulain Balouch,,needs_review,Deezer seed after identity check
queue-skipped-seed:wikipedia_japan,artist-missing-not-on-deezer,Erisa Kuon,,no_match,Deezer seed after identity check
queue-skipped-seed:wikipedia_greater_china,artist-missing-on-deezer,Hubert Wu,,needs_review,Deezer seed after identity check
queue-skipped-seed:wikipedia_korea,artist-missing-not-on-deezer,고춘자,,no_match,Deezer seed after identity check
queue-skipped-seed:wikipedia_greater_china,artist-missing-not-on-deezer,Dong Zhen,,no_match,Deezer seed after identity check
queue-skipped-seed:wikipedia_korea,artist-missing-not-on-deezer,오제,,no_match,Deezer seed after identity check
queue-skipped-seed:wikipedia_japan,artist-missing-not-on-deezer,Saasa,,no_match,Deezer seed after identity check
queue-skipped-seed:wikipedia_korea,artist-missing-on-deezer,명지,,no_match,Deezer seed after identity check
queue-skipped-seed:wikipedia_korea,artist-missing-not-on-deezer,우유,,needs_review,Deezer seed after identity check
queue-skipped-seed:wikipedia_japan,artist-missing-on-deezer,Airi Furukawa,,no_match,Deezer seed after identity check
queue-skipped-seed:wikipedia_africa,artist-missing-on-deezer,Deon Boakye,,no_match,Deezer seed after identity check
queue-skipped-seed:wikipedia_korea,artist-missing-not-on-deezer,박윤솔,,no_match,Deezer seed after identity check
queue-skipped-seed:wikipedia_greater_china,artist-missing-not-on-deezer,Evan Ma,,no_match,Deezer seed after identity check
queue-skipped-seed:wikipedia_latin,artist-missing-on-deezer,Frankie Biggz,,no_match,Deezer seed after identity check
queue-skipped-seed:wikipedia_japan,artist-missing-not-on-deezer,Rion Azuma,,no_match,Deezer seed after identity check
queue-skipped-seed:wikipedia_south_asia,artist-missing-deezer-no-albums,Satarupa Sanyal,,no_match,Deezer seed after identity check
queue-skipped-seed:wikipedia_korea,artist-missing-on-deezer,고강민,,no_match,Deezer seed after identity check
queue-skipped-seed:wikipedia_japan,artist-missing-on-deezer,Maiko Nakamura,,no_match,Deezer seed after identity check
queue-skipped-seed:wikipedia_africa,artist-missing-not-on-deezer,Lehlogonolo Mashigo,,no_match,Deezer seed after identity check
queue-skipped-seed:wikipedia_korea,artist-missing-not-on-deezer,이길,,no_match,Deezer seed after identity check
queue-skipped-seed:wikipedia_korea,artist-missing-not-on-deezer,하이량,,no_match,Deezer seed after identity check
queue-skipped-seed:wikipedia_korea,artist-missing-on-deezer,손민채,,no_match,Deezer seed after identity check
queue-skipped-seed:wikipedia_korea,artist-missing-not-on-deezer,트릴라 갱,,no_match,Deezer seed after identity check
queue-skipped-seed:wikipedia_korea,artist-missing-not-on-deezer,플리키뱅,,no_match,Deezer seed after identity check
queue-skipped-seed:wikipedia_greater_china,artist-missing-on-deezer,Emme Wong,,needs_review,Deezer seed after identity check
queue-skipped-seed:wikipedia_korea,artist-missing-not-on-deezer,윤한비,,no_match,Deezer seed after identity check
queue-skipped-seed:wikipedia_korea,artist-missing-deezer-no-albums,나영환,,no_match,Deezer seed after identity check
queue-skipped-seed:wikipedia_korea,artist-missing-not-on-deezer,신우리,,no_match,Deezer seed after identity check
queue-skipped-seed:wikipedia_korea,artist-missing-deezer-no-albums,구현모,,no_match,Deezer seed after identity check
queue-skipped-seed:wikipedia_sea,artist-missing-deezer-no-albums,Olga Syahputra,,no_match,Deezer seed after identity check
queue-skipped-seed:wikipedia_sea,artist-missing-not-on-deezer,Freya Jayawardana,,no_match,Deezer seed after identity check
queue-skipped-seed:wikipedia_korea,artist-missing-not-on-deezer,정수환,,no_match,Deezer seed after identity check
queue-skipped-seed:wikipedia_korea,artist-missing-on-deezer,선데이브런치,,no_match,Deezer seed after identity check
queue-skipped-seed:wikipedia_japan,artist-missing-deezer-no-albums,Sayoko Izumi,,no_match,Deezer seed after identity check
queue-skipped-seed:wikipedia_korea,artist-missing-not-on-deezer,하키,,no_match,Deezer seed after identity check
queue-skipped-seed:wikipedia_japan,artist-missing-deezer-no-albums,Sayaka Nakaya,,no_match,Deezer seed after identity check
queue-skipped-seed:wikipedia_japan,artist-missing-not-on-deezer,Miki Nishino,,no_match,Deezer seed after identity check
queue-skipped-seed:wikipedia_greater_china,artist-missing-not-on-deezer,Chris Chiu,,no_match,Deezer seed after identity check
queue-skipped-seed:wikipedia_sea,artist-missing-not-on-deezer,Prarinyakorn Kansawa,,no_match,Deezer seed after identity check
queue-skipped-seed:wikipedia_greater_china,artist-missing-not-on-deezer,Xie Keyin,,no_match,Deezer seed after identity check
queue-skipped-seed:wikipedia_greater_china,artist-missing-not-on-deezer,Gua Ah-leh,,no_match,Deezer seed after identity check
queue-skipped-seed:wikipedia_korea,artist-missing-not-on-deezer,주진우,,no_match,Deezer seed after identity check
queue-skipped-seed:wikipedia_korea,artist-missing-not-on-deezer,강성미,,no_match,Deezer seed after identity check
queue-skipped-seed:wikipedia_korea,artist-missing-not-on-deezer,슈프림보이,,no_match,Deezer seed after identity check
queue-skipped-seed:wikipedia_greater_china,artist-missing-not-on-deezer,Hao Ge,,no_match,Deezer seed after identity check
queue-skipped-seed:wikipedia_korea,artist-missing-not-on-deezer,윤설하,,no_match,Deezer seed after identity check
queue-skipped-seed:wikipedia_south_asia,artist-missing-on-deezer,Salman Ahmad,,needs_review,Deezer seed after identity check
queue-skipped-seed:wikipedia_africa,artist-missing-on-deezer,Morocco Maduka,,no_match,Deezer seed after identity check
queue-skipped-seed:wikipedia_south_asia,artist-missing-not-on-deezer,Samina Syed,,no_match,Deezer seed after identity check
queue-skipped-seed:wikipedia_japan,artist-missing-not-on-deezer,Rika Mamiya,,no_match,Deezer seed after identity check
queue-skipped-seed:wikipedia_korea,artist-missing-not-on-deezer,서좋은,,no_match,Deezer seed after identity check
queue-skipped-seed:wikipedia_korea,artist-missing-not-on-deezer,윤하림,,no_match,Deezer seed after identity check
queue-skipped-seed:wikipedia_south_asia,artist-missing-on-deezer,Nancy Grewal,,no_match,Deezer seed after identity check
queue-skipped-seed:wikipedia_greater_china,artist-missing-on-deezer,Jay Fung,,needs_review,Deezer seed after identity check
queue-skipped-seed:wikipedia_south_asia,artist-missing-on-deezer,Shakeela Bano Bhopali,,no_match,Deezer seed after identity check
queue-skipped-seed:wikipedia_africa,artist-missing-on-deezer,DRB LasGidi,,no_match,Deezer seed after identity check
queue-skipped-seed:wikipedia_japan,artist-missing-not-on-deezer,Kaori Matsumura,,no_match,Deezer seed after identity check
queue-skipped-seed:wikipedia_latin,artist-missing-not-on-deezer,Selena Lee Canales,,no_match,Deezer seed after identity check
queue-skipped-seed:wikipedia_japan,artist-missing-on-deezer,Natsumi Kon,,no_match,Deezer seed after identity check
queue-skipped-seed:wikipedia_korea,artist-missing-not-on-deezer,오버플로우,,no_match,Deezer seed after identity check
queue-skipped-seed:wikipedia_africa,artist-missing-deezer-no-albums,Tunde Ednut,,no_match,Deezer seed after identity check
queue-skipped-seed:wikipedia_japan,artist-missing-deezer-no-albums,Yuka Ogino,,no_match,Deezer seed after identity check
queue-skipped-seed:wikipedia_korea,artist-missing-not-on-deezer,승국이,,no_match,Deezer seed after identity check
queue-skipped-seed:wikipedia_latin,artist-missing-on-deezer,Gerard Flores,,no_match,Deezer seed after identity check
queue-skipped-seed:wikipedia_korea,artist-missing-on-deezer,연지후,,no_match,Deezer seed after identity check
queue-skipped-seed:wikipedia_korea,artist-missing-not-on-deezer,고영태,,no_match,Deezer seed after identity check
queue-skipped-seed:wikipedia_korea,artist-missing-deezer-no-albums,백다나,,no_match,Deezer seed after identity check
queue-skipped-seed:wikipedia_japan,artist-missing-deezer-no-albums,Maki Hanatani,,no_match,Deezer seed after identity check
queue-skipped-seed:wikipedia_latin,artist-missing-not-on-deezer,List of Mexican singers,,no_match,Deezer seed after identity check
queue-skipped-seed:wikipedia_korea,artist-missing-on-deezer,연지연,,no_match,Deezer seed after identity check
queue-skipped-seed:wikipedia_western_canon,artist-missing-not-on-deezer,Charlie Nagatani,,no_match,Deezer seed after identity check
queue-skipped-seed:wikipedia_korea,artist-missing-not-on-deezer,이다온,,no_match,Deezer seed after identity check
queue-skipped-seed:wikipedia_korea,artist-missing-not-on-deezer,스티피,,no_match,Deezer seed after identity check
queue-skipped-seed:wikipedia_south_asia,artist-missing-on-deezer,Shishir Parkhie,,no_match,Deezer seed after identity check
queue-skipped-seed:wikipedia_greater_china,artist-missing-on-deezer,Lara Veronin,,needs_review,Deezer seed after identity check
queue-skipped-seed:wikipedia_korea,artist-missing-not-on-deezer,오유진,,no_match,Deezer seed after identity check
queue-skipped-seed:wikipedia_south_asia,artist-missing-on-deezer,Rahma Ali,,needs_review,Deezer seed after identity check
queue-skipped-seed:wikipedia_japan,artist-missing-not-on-deezer,Mami Ozaki,,no_match,Deezer seed after identity check
queue-skipped-seed:wikipedia_korea,artist-missing-on-deezer,로야,,no_match,Deezer seed after identity check
queue-skipped-seed:wikipedia_sea,artist-missing-not-on-deezer,Siti Mirza Nuria Arifin,,no_match,Deezer seed after identity check
queue-skipped-seed:wikipedia_japan,artist-missing-not-on-deezer,Yuuri Morishita,,no_match,Deezer seed after identity check
queue-skipped-seed:wikipedia_south_asia,artist-missing-deezer-no-albums,Viji Manuel,,no_match,Deezer seed after identity check
queue-skipped-seed:wikipedia_japan,artist-missing-on-deezer,Sakiko Tamagawa,,no_match,Deezer seed after identity check
queue-skipped-seed:wikipedia_japan,artist-missing-on-deezer,Rikako Aida,,no_match,Deezer seed after identity check
queue-skipped-seed:wikipedia_greater_china,artist-missing-not-on-deezer,Lay Zhang,,needs_review,Deezer seed after identity check
queue-skipped-seed:wikipedia_korea,artist-missing-on-deezer,류정필,,no_match,Deezer seed after identity check
queue-skipped-seed:wikipedia_korea,artist-missing-not-on-deezer,임가영,,no_match,Deezer seed after identity check
queue-skipped-seed:wikipedia_japan,artist-missing-deezer-no-albums,E.G.family,,no_match,Deezer seed after identity check
queue-skipped-seed:wikipedia_japan,artist-missing-not-on-deezer,Mary Sara,,no_match,Deezer seed after identity check
queue-skipped-seed:wikipedia_latin,artist-missing-not-on-deezer,Agustín Alberdi,,no_match,Deezer seed after identity check
queue-skipped-seed:wikipedia_korea,artist-missing-on-deezer,맹유나,,no_match,Deezer seed after identity check
queue-skipped-seed:wikipedia_sea,artist-missing-not-on-deezer,Norawit Titicharoenrak,,no_match,Deezer seed after identity check
queue-skipped-seed:wikipedia_sea,artist-missing-not-on-deezer,Bell Nuntita,,no_match,Deezer seed after identity check
queue-skipped-seed:wikipedia_greater_china,artist-missing-not-on-deezer,Jer Lau,,needs_review,Deezer seed after identity check
queue-skipped-seed:wikipedia_korea,artist-missing-not-on-deezer,박선미,,no_match,Deezer seed after identity check
queue-skipped-seed:wikipedia_africa,artist-missing-deezer-no-albums,Lucy Heavens,,no_match,Deezer seed after identity check
queue-skipped-seed:wikipedia_korea,artist-missing-not-on-deezer,프리든,,no_match,Deezer seed after identity check
queue-skipped-seed:wikipedia_korea,artist-missing-not-on-deezer,DD7,,no_match,Deezer seed after identity check
queue-skipped-seed:wikipedia_latin,artist-missing-not-on-deezer,Guillermo Martín Taboada,,no_match,Deezer seed after identity check
queue-skipped-seed:wikipedia_europe_world,artist-missing-not-on-deezer,Marie Ortal Malka,,no_match,Deezer seed after identity check
queue-skipped-seed:wikipedia_korea,artist-missing-on-deezer,가람,,no_match,Deezer seed after identity check
queue-skipped-seed:wikipedia_korea,artist-missing-not-on-deezer,용환,,no_match,Deezer seed after identity check
queue-skipped-seed:wikipedia_greater_china,artist-missing-not-on-deezer,Vangie Tang,,no_match,Deezer seed after identity check
queue-skipped-seed:wikipedia_greater_china,artist-missing-not-on-deezer,Lily Chan,,needs_review,Deezer seed after identity check
queue-skipped-seed:wikipedia_korea,artist-missing-not-on-deezer,이성걸,,no_match,Deezer seed after identity check
queue-skipped-seed:wikipedia_latin,artist-missing-on-deezer,Denissa Lopp,,no_match,Deezer seed after identity check
queue-skipped-seed:wikipedia_europe_world,artist-missing-not-on-deezer,"Louis Baron, son",,no_match,Deezer seed after identity check
queue-skipped-seed:wikipedia_korea,artist-missing-not-on-deezer,베니,,no_match,Deezer seed after identity check
queue-skipped-seed:wikipedia_south_asia,artist-missing-on-deezer,Aamir Saleem,,needs_review,Deezer seed after identity check
queue-skipped-seed:wikipedia_korea,artist-missing-not-on-deezer,소재 스캘리웨그,,no_match,Deezer seed after identity check
queue-skipped-seed:wikipedia_korea,artist-missing-not-on-deezer,오수정,,no_match,Deezer seed after identity check
queue-skipped-seed:wikipedia_latin,artist-missing-not-on-deezer,Adalberto Bravo,,no_match,Deezer seed after identity check
queue-skipped-seed:wikipedia_africa,artist-missing-not-on-deezer,Agbonayinma Ehiozuwa,,no_match,Deezer seed after identity check
queue-skipped-seed:wikipedia_africa,artist-missing-not-on-deezer,Template:Amapiano-musician-stub,,no_match,Deezer seed after identity check
queue-skipped-seed:wikipedia_korea,artist-missing-not-on-deezer,영제이,,no_match,Deezer seed after identity check
queue-skipped-seed:wikipedia_korea,artist-missing-not-on-deezer,크리스장,,no_match,Deezer seed after identity check
queue-skipped-seed:wikipedia_korea,artist-missing-not-on-deezer,케이제이,,no_match,Deezer seed after identity check
queue-skipped-seed:wikipedia_korea,artist-missing-on-deezer,김시원,,no_match,Deezer seed after identity check
queue-skipped-seed:wikipedia_south_asia,artist-missing-on-deezer,Saleem Raza,,no_match,Deezer seed after identity check
queue-skipped-seed:wikipedia_korea,artist-missing-not-on-deezer,사이아트,,no_match,Deezer seed after identity check
queue-skipped-seed:wikipedia_greater_china,artist-missing-not-on-deezer,Kelvin Kwan,,needs_review,Deezer seed after identity check
queue-skipped-seed:wikipedia_korea,artist-missing-not-on-deezer,사일런트 케이,,no_match,Deezer seed after identity check
queue-skipped-seed:wikipedia_korea,artist-missing-not-on-deezer,오아랜,,no_match,Deezer seed after identity check
queue-skipped-seed:wikipedia_latin,artist-missing-on-deezer,Chris Baietta,,no_match,Deezer seed after identity check
queue-skipped-seed:wikipedia_latin,artist-missing-not-on-deezer,Israel Lugo,,no_match,Deezer seed after identity check
queue-skipped-seed:wikipedia_greater_china,artist-missing-not-on-deezer,Timi Zhuo,,no_match,Deezer seed after identity check
queue-skipped-seed:wikipedia_korea,artist-missing-not-on-deezer,김태욱,,no_match,Deezer seed after identity check
queue-skipped-seed:wikipedia_greater_china,artist-missing-on-deezer,Ellen Joyce Loo,,needs_review,Deezer seed after identity check
queue-skipped-seed:wikipedia_greater_china,artist-missing-not-on-deezer,Jeno Liu,,no_match,Deezer seed after identity check
queue-skipped-seed:wikipedia_korea,artist-missing-not-on-deezer,문채령,,no_match,Deezer seed after identity check
queue-skipped-seed:wikipedia_korea,artist-missing-not-on-deezer,정민섭,,no_match,Deezer seed after identity check
queue-skipped-seed:wikipedia_greater_china,artist-missing-not-on-deezer,Lawrence Chou,,no_match,Deezer seed after identity check
queue-skipped-seed:wikipedia_africa,artist-missing-not-on-deezer,Sandile Mahlangu,,no_match,Deezer seed after identity check
queue-skipped-seed:wikipedia_japan,artist-missing-not-on-deezer,Hana Tamegai,,no_match,Deezer seed after identity check
queue-skipped-seed:wikipedia_korea,artist-missing-not-on-deezer,오예림,,no_match,Deezer seed after identity check
queue-skipped-seed:wikipedia_korea,artist-missing-on-deezer,민채영,,no_match,Deezer seed after identity check
queue-skipped-seed:wikipedia_korea,artist-missing-on-deezer,리코,,no_match,Deezer seed after identity check
queue-skipped-seed:wikipedia_korea,artist-missing-not-on-deezer,반가희,,no_match,Deezer seed after identity check
queue-skipped-seed:wikipedia_sea,artist-missing-not-on-deezer,Suttida Kasemsan Na Ayutthaya,,no_match,Deezer seed after identity check
queue-skipped-seed:wikipedia_africa,artist-missing-on-deezer,Elder Mireku,,no_match,Deezer seed after identity check
queue-skipped-seed:wikipedia_korea,artist-missing-not-on-deezer,김효원,,no_match,Deezer seed after identity check
queue-skipped-seed:wikipedia_sea,artist-missing-not-on-deezer,Kirati Puangmalee,,no_match,Deezer seed after identity check
queue-skipped-seed:wikipedia_korea,artist-missing-not-on-deezer,픽보이,,no_match,Deezer seed after identity check
queue-skipped-seed:wikipedia_korea,artist-missing-not-on-deezer,한혜경,,no_match,Deezer seed after identity check
queue-skipped-seed:wikipedia_africa,artist-missing-on-deezer,DopeNation,,no_match,Deezer seed after identity check
queue-skipped-seed:wikipedia_south_asia,artist-missing-not-on-deezer,Zoltán Mujahid,,no_match,Deezer seed after identity check
queue-skipped-seed:wikipedia_korea,artist-missing-not-on-deezer,송재윤,,no_match,Deezer seed after identity check
queue-skipped-seed:wikipedia_korea,artist-missing-not-on-deezer,김세화,,no_match,Deezer seed after identity check
queue-skipped-seed:wikipedia_korea,artist-missing-not-on-deezer,제이원,,no_match,Deezer seed after identity check
queue-skipped-seed:wikipedia_japan,artist-missing-not-on-deezer,Moe Kamikokuryo,,no_match,Deezer seed after identity check
queue-skipped-seed:wikipedia_japan,artist-missing-not-on-deezer,Ciao Bella Cinquetti,,no_match,Deezer seed after identity check
queue-skipped-seed:wikipedia_korea,artist-missing-on-deezer,소울레인,,no_match,Deezer seed after identity check
queue-skipped-seed:wikipedia_sea,artist-missing-not-on-deezer,Touch Na Takuatung,,no_match,Deezer seed after identity check
queue-skipped-seed:wikipedia_korea,artist-missing-not-on-deezer,이한필,,no_match,Deezer seed after identity check
queue-skipped-seed:wikipedia_africa,artist-missing-on-deezer,Ma Nala,,no_match,Deezer seed after identity check
queue-skipped-seed:wikipedia_korea,artist-missing-not-on-deezer,릴 트레어,,no_match,Deezer seed after identity check
queue-skipped-seed:wikipedia_africa,artist-missing-on-deezer,Kwesi Slay,,no_match,Deezer seed after identity check
queue-skipped-seed:wikipedia_greater_china,artist-missing-on-deezer,Stephy Tang,,needs_review,Deezer seed after identity check
queue-skipped-seed:wikipedia_south_asia,artist-missing-on-deezer,Shaukat Ali,,needs_review,Deezer seed after identity check
queue-skipped-seed:wikipedia_europe_world,artist-missing-not-on-deezer,Jean Morzadec,,no_match,Deezer seed after identity check
queue-skipped-seed:wikipedia_greater_china,artist-missing-on-deezer,AGA,,needs_review,Deezer seed after identity check
queue-skipped-seed:wikipedia_sea,artist-missing-not-on-deezer,Nat Thewphaingam,,no_match,Deezer seed after identity check
queue-skipped-seed:wikipedia_korea,artist-missing-not-on-deezer,오새봄,,no_match,Deezer seed after identity check
queue-skipped-seed:wikipedia_korea,artist-missing-not-on-deezer,썸머,,no_match,Deezer seed after identity check
queue-skipped-seed:wikipedia_greater_china,artist-missing-not-on-deezer,Vincy Chan,,needs_review,Deezer seed after identity check
queue-skipped-seed:wikipedia_greater_china,artist-missing-on-deezer,Edmond Leung,,needs_review,Deezer seed after identity check
queue-skipped-seed:wikipedia_greater_china,artist-missing-not-on-deezer,Barry Cox,,no_match,Deezer seed after identity check
queue-skipped-seed:wikipedia_south_asia,artist-missing-not-on-deezer,Khursheed Shahid,,no_match,Deezer seed after identity check
queue-skipped-seed:wikipedia_korea,artist-missing-not-on-deezer,한사라,,no_match,Deezer seed after identity check
queue-skipped-seed:wikipedia_korea,artist-missing-on-deezer,나야,,no_match,Deezer seed after identity check
queue-skipped-seed:wikipedia_europe_world,artist-missing-not-on-deezer,Suzanne Caubet,,no_match,Deezer seed after identity check
queue-skipped-seed:wikipedia_south_asia,artist-missing-on-deezer,Rubina Qureshi,,no_match,Deezer seed after identity check
queue-skipped-seed:wikipedia_sea,artist-missing-not-on-deezer,Andrea Suárez,,no_match,Deezer seed after identity check
queue-skipped-seed:wikipedia_japan,artist-missing-deezer-no-albums,Rikka Ihara,,no_match,Deezer seed after identity check
queue-skipped-seed:wikipedia_korea,artist-missing-not-on-deezer,전향진,,no_match,Deezer seed after identity check
queue-skipped-seed:wikipedia_greater_china,artist-missing-on-deezer,Chiang Shu-na,,no_match,Deezer seed after identity check
queue-skipped-seed:wikipedia_korea,artist-missing-on-deezer,차진혁,,no_match,Deezer seed after identity check
queue-skipped-seed:wikipedia_africa,artist-missing-not-on-deezer,Gerard Sekoto,,no_match,Deezer seed after identity check
queue-skipped-seed:wikipedia_greater_china,artist-missing-not-on-deezer,Luo Shih-feng,,no_match,Deezer seed after identity check
queue-skipped-seed:wikipedia_greater_china,artist-missing-on-deezer,Cally Kwong,,needs_review,Deezer seed after identity check
queue-skipped-seed:wikipedia_korea,artist-missing-not-on-deezer,할린,,no_match,Deezer seed after identity check
queue-skipped-seed:wikipedia_south_asia,artist-missing-on-deezer,Arundhati Holme Chowdhury,,no_match,Deezer seed after identity check
queue-skipped-seed:wikipedia_korea,artist-missing-on-deezer,백다연,,no_match,Deezer seed after identity check
queue-skipped-seed:wikipedia_south_asia,artist-missing-on-deezer,Naseebo Lal,,needs_review,Deezer seed after identity check
queue-skipped-seed:wikipedia_korea,artist-missing-deezer-no-albums,하회,,no_match,Deezer seed after identity check
queue-skipped-seed:wikipedia_korea,artist-missing-on-deezer,정영필,,no_match,Deezer seed after identity check
queue-skipped-seed:wikipedia_korea,artist-missing-not-on-deezer,김동궁,,no_match,Deezer seed after identity check
queue-skipped-seed:wikipedia_greater_china,artist-missing-on-deezer,Aaron Kwok,,needs_review,Deezer seed after identity check
queue-skipped-seed:wikipedia_japan,artist-missing-not-on-deezer,Kumiko Nakano,,no_match,Deezer seed after identity check
queue-skipped-seed:wikipedia_south_asia,artist-missing-on-deezer,Hardeep Grewal,,no_match,Deezer seed after identity check
queue-skipped-seed:wikipedia_korea,artist-missing-not-on-deezer,엄지언,,no_match,Deezer seed after identity check
queue-skipped-seed:wikipedia_africa,artist-missing-deezer-no-albums,Ange Madame,,no_match,Deezer seed after identity check
queue-skipped-seed:wikipedia_greater_china,artist-missing-not-on-deezer,Figaro Tseng,,no_match,Deezer seed after identity check
queue-skipped-seed:wikipedia_korea,artist-missing-not-on-deezer,박혜신,,no_match,Deezer seed after identity check
queue-skipped-seed:wikipedia_korea,artist-missing-not-on-deezer,서우리,,no_match,Deezer seed after identity check
queue-skipped-seed:wikipedia_korea,artist-missing-not-on-deezer,이병철,,no_match,Deezer seed after identity check
queue-skipped-seed:wikipedia_korea,artist-missing-not-on-deezer,박승연,,no_match,Deezer seed after identity check
queue-skipped-seed:wikipedia_japan,artist-missing-not-on-deezer,Akari Hayami,,no_match,Deezer seed after identity check
queue-skipped-seed:wikipedia_korea,artist-missing-not-on-deezer,네온,,no_match,Deezer seed after identity check
queue-skipped-seed:wikipedia_africa,artist-missing-on-deezer,Kweku Flick,,no_match,Deezer seed after identity check
queue-skipped-seed:wikipedia_korea,artist-missing-not-on-deezer,와나,,no_match,Deezer seed after identity check
queue-skipped-seed:wikipedia_greater_china,artist-missing-not-on-deezer,Sammul Chan,,no_match,Deezer seed after identity check
queue-skipped-seed:wikipedia_japan,artist-missing-not-on-deezer,Umika Kawashima,,no_match,Deezer seed after identity check
queue-skipped-seed:wikipedia_africa,artist-missing-not-on-deezer,List of South African musicians,,no_match,Deezer seed after identity check
queue-skipped-seed:wikipedia_korea,artist-missing-not-on-deezer,최여원,,no_match,Deezer seed after identity check
queue-skipped-seed:wikipedia_korea,artist-missing-not-on-deezer,장세동,,no_match,Deezer seed after identity check
queue-skipped-seed:wikipedia_korea,artist-missing-not-on-deezer,서용율,,no_match,Deezer seed after identity check
queue-skipped-seed:wikipedia_korea,artist-missing-not-on-deezer,강소영,,no_match,Deezer seed after identity check
queue-skipped-seed:wikipedia_korea,artist-missing-on-deezer,천재원,,no_match,Deezer seed after identity check
queue-skipped-seed:listenbrainz,artist-missing-on-deezer,[anonymous],,refusing,Deezer seed after identity check
queue-skipped-seed:wikipedia_korea,artist-missing-not-on-deezer,송재훈,,no_match,Deezer seed after identity check
queue-skipped-seed:wikipedia_japan,artist-missing-on-deezer,Yumi Adachi,,no_match,Deezer seed after identity check
queue-skipped-seed:wikipedia_south_asia,artist-missing-on-deezer,Shibaji Chatterjee,,no_match,Deezer seed after identity check
queue-skipped-seed:wikipedia_greater_china,artist-missing-not-on-deezer,Riley Wang,,no_match,Deezer seed after identity check
queue-skipped-seed:wikipedia_korea,artist-missing-not-on-deezer,포재,,no_match,Deezer seed after identity check
queue-skipped-seed:wikipedia_japan,artist-missing-not-on-deezer,Miho Miyazaki,,no_match,Deezer seed after identity check
queue-skipped-seed:wikipedia_korea,artist-missing-not-on-deezer,주은지,,no_match,Deezer seed after identity check
queue-skipped-seed:wikipedia_japan,artist-missing-not-on-deezer,Kana Tachibana,,no_match,Deezer seed after identity check
queue-skipped-seed:wikipedia_japan,artist-missing-not-on-deezer,Golden Half,,no_match,Deezer seed after identity check
queue-skipped-seed:wikipedia_greater_china,artist-missing-not-on-deezer,James Wong Jim,,no_match,Deezer seed after identity check
queue-skipped-seed:wikipedia_korea,artist-missing-not-on-deezer,OVRMOD,,no_match,Deezer seed after identity check
queue-skipped-seed:wikipedia_japan,artist-missing-on-deezer,Sayaka Shionoya,,no_match,Deezer seed after identity check
queue-skipped-seed:wikipedia_greater_china,artist-missing-on-deezer,Chet Lam,,needs_review,Deezer seed after identity check
queue-skipped-seed:wikipedia_south_asia,artist-missing-on-deezer,Arifa Siddiqui,,no_match,Deezer seed after identity check
queue-skipped-seed:wikipedia_korea,artist-missing-deezer-no-albums,도대윤,,no_match,Deezer seed after identity check
queue-skipped-seed:wikipedia_japan,artist-missing-not-on-deezer,Yurika Endō,,no_match,Deezer seed after identity check
queue-skipped-seed:wikipedia_korea,artist-missing-not-on-deezer,조윤영,,no_match,Deezer seed after identity check
queue-skipped-seed:wikipedia_greater_china,artist-missing-not-on-deezer,Ian Chan,,needs_review,Deezer seed after identity check
queue-skipped-seed:wikipedia_south_asia,artist-missing-on-deezer,Sunny Viswanath,,no_match,Deezer seed after identity check
queue-skipped-seed:wikipedia_korea,artist-missing-not-on-deezer,배금,,no_match,Deezer seed after identity check
queue-skipped-seed:wikipedia_south_asia,artist-missing-on-deezer,Shahzad Nawaz,,needs_review,Deezer seed after identity check
queue-skipped-seed:wikipedia_greater_china,artist-missing-not-on-deezer,Xiong Ziqi,,no_match,Deezer seed after identity check
queue-skipped-seed:wikipedia_japan,artist-missing-on-deezer,Nagi Nemoto,,no_match,Deezer seed after identity check
queue-skipped-seed:wikipedia_japan,artist-missing-not-on-deezer,Shuka Saitō,,no_match,Deezer seed after identity check
queue-skipped-seed:wikipedia_korea,artist-missing-not-on-deezer,빅이스트,,no_match,Deezer seed after identity check
queue-skipped-seed:wikipedia_sea,artist-missing-not-on-deezer,Phachara Suansri,,no_match,Deezer seed after identity check
queue-skipped-seed:wikipedia_korea,artist-missing-not-on-deezer,키밤,,no_match,Deezer seed after identity check
queue-skipped-seed:wikipedia_africa,artist-missing-not-on-deezer,Ilse Klink,,no_match,Deezer seed after identity check
queue-skipped-seed:wikipedia_greater_china,artist-missing-not-on-deezer,Roy Chiu,,no_match,Deezer seed after identity check
queue-skipped-seed:wikipedia_south_asia,artist-missing-deezer-no-albums,Ziyoda Qobilova,,no_match,Deezer seed after identity check
queue-skipped-seed:wikipedia_korea,artist-missing-not-on-deezer,키티,,no_match,Deezer seed after identity check
queue-skipped-seed:wikipedia_western_canon,artist-missing-deezer-no-albums,Rodger Penzabene,,no_match,Deezer seed after identity check
queue-skipped-seed:wikipedia_europe_world,artist-missing-on-deezer,Antonio Dimitri,,no_match,Deezer seed after identity check
queue-skipped-seed:wikipedia_korea,artist-missing-not-on-deezer,데즈,,no_match,Deezer seed after identity check
queue-skipped-seed:wikipedia_japan,artist-missing-not-on-deezer,Shio Kisui,,no_match,Deezer seed after identity check
queue-skipped-seed:wikipedia_korea,artist-missing-not-on-deezer,유우람,,no_match,Deezer seed after identity check
queue-skipped-seed:wikipedia_japan,artist-missing-not-on-deezer,Hitomi Honda,,no_match,Deezer seed after identity check
queue-skipped-seed:wikipedia_japan,artist-missing-on-deezer,Ena Fujita,,no_match,Deezer seed after identity check
queue-skipped-seed:wikipedia_africa,artist-missing-on-deezer,Dan Lu,,no_match,Deezer seed after identity check
queue-skipped-seed:wikipedia_greater_china,artist-missing-not-on-deezer,Yumi Chung,,no_match,Deezer seed after identity check
queue-skipped-seed:wikipedia_greater_china,artist-missing-on-deezer,Alan Tam,,needs_review,Deezer seed after identity check
queue-skipped-seed:wikipedia_japan,artist-missing-not-on-deezer,Mako Kojima,,no_match,Deezer seed after identity check
queue-skipped-seed:wikipedia_south_asia,artist-missing-on-deezer,Amarjeet Jaikar,,no_match,Deezer seed after identity check
queue-skipped-seed:wikipedia_japan,artist-missing-not-on-deezer,Saya Kawamoto,,no_match,Deezer seed after identity check
queue-skipped-seed:wikipedia_korea,artist-missing-on-deezer,강하니,,no_match,Deezer seed after identity check
queue-skipped-seed:wikipedia_greater_china,artist-missing-on-deezer,Kai Ko,,no_match,Deezer seed after identity check
queue-skipped-seed:wikipedia_europe_world,artist-missing-on-deezer,Alban Bartoli,,no_match,Deezer seed after identity check
queue-skipped-seed:wikipedia_korea,artist-missing-not-on-deezer,최순호,,no_match,Deezer seed after identity check
queue-skipped-seed:wikipedia_korea,artist-missing-not-on-deezer,안아리,,no_match,Deezer seed after identity check
queue-skipped-seed:wikipedia_south_asia,artist-missing-not-on-deezer,A-Zal,,no_match,Deezer seed after identity check
queue-skipped-seed:wikipedia_south_asia,artist-missing-on-deezer,Chandan Tiwari,,no_match,Deezer seed after identity check
queue-skipped-seed:wikipedia_korea,artist-missing-not-on-deezer,안나샤,,no_match,Deezer seed after identity check
queue-skipped-seed:wikipedia_south_asia,artist-missing-on-deezer,Ahsan Ali Taj,,no_match,Deezer seed after identity check
queue-skipped-seed:wikipedia_japan,artist-missing-not-on-deezer,Amy Harvey,,no_match,Deezer seed after identity check
queue-skipped-seed:wikipedia_korea,artist-missing-not-on-deezer,RIHWAN,,no_match,Deezer seed after identity check
queue-skipped-seed:wikipedia_korea,artist-missing-on-deezer,킹치메인,,no_match,Deezer seed after identity check
queue-skipped-seed:wikipedia_greater_china,artist-missing-on-deezer,Juno Mak,,needs_review,Deezer seed after identity check
queue-skipped-seed:wikipedia_korea,artist-missing-deezer-no-albums,선민,,needs_review,Deezer seed after identity check
queue-skipped-seed:wikipedia_korea,artist-missing-not-on-deezer,톤블루,,no_match,Deezer seed after identity check
queue-skipped-seed:wikipedia_greater_china,artist-missing-not-on-deezer,Zeno Koo,,needs_review,Deezer seed after identity check
queue-skipped-seed:wikipedia_korea,artist-missing-not-on-deezer,메이크원,,no_match,Deezer seed after identity check
queue-skipped-seed:wikipedia_europe_world,artist-missing-on-deezer,Robert,,heavily_featured,Deezer seed after identity check
queue-skipped-seed:wikipedia_sea,artist-missing-not-on-deezer,Ngô Kiến Huy,,no_match,Deezer seed after identity check
queue-skipped-seed:wikipedia_western_canon,artist-missing-on-deezer,La'Verne Washington,,no_match,Deezer seed after identity check
queue-skipped-seed:wikipedia_greater_china,artist-missing-not-on-deezer,Peric lee,,no_match,Deezer seed after identity check
queue-skipped-seed:wikipedia_greater_china,artist-missing-on-deezer,Agnes Chan,,needs_review,Deezer seed after identity check
queue-skipped-seed:wikipedia_korea,artist-missing-not-on-deezer,케이브라운,,no_match,Deezer seed after identity check
queue-skipped-seed:wikipedia_greater_china,artist-missing-on-deezer,Adia Chan,,needs_review,Deezer seed after identity check
queue-skipped-seed:wikipedia_africa,artist-missing-on-deezer,Lamiez Holworthy,,no_match,Deezer seed after identity check
queue-skipped-seed:wikipedia_europe_world,artist-missing-not-on-deezer,Janis Sahraoui,,no_match,Deezer seed after identity check
queue-skipped-seed:wikipedia_greater_china,artist-missing-on-deezer,Edwin Siu,,needs_review,Deezer seed after identity check
queue-skipped-seed:wikipedia_europe_world,artist-missing-not-on-deezer,Lucien Gourong,,no_match,Deezer seed after identity check
queue-skipped-seed:wikipedia_africa,artist-missing-not-on-deezer,List of Afrikaans singers,,no_match,Deezer seed after identity check
queue-skipped-seed:wikipedia_south_asia,artist-missing-deezer-no-albums,Malavalli Mahadevaswamy,,no_match,Deezer seed after identity check
queue-skipped-seed:wikipedia_korea,artist-missing-not-on-deezer,임정현,,no_match,Deezer seed after identity check
queue-skipped-seed:wikipedia_latin,artist-missing-on-deezer,Marco Moré,,no_match,Deezer seed after identity check
queue-skipped-seed:wikipedia_korea,artist-missing-not-on-deezer,염유리,,no_match,Deezer seed after identity check
queue-skipped-seed:wikipedia_korea,artist-missing-not-on-deezer,송유경,,no_match,Deezer seed after identity check
queue-skipped-seed:wikipedia_western_canon,artist-missing-deezer-no-albums,Shrekeezy,,no_match,Deezer seed after identity check
queue-skipped-seed:wikipedia_greater_china,artist-missing-not-on-deezer,Keung To,,needs_review,Deezer seed after identity check
queue-skipped-seed:wikipedia_korea,artist-missing-not-on-deezer,이대로,,no_match,Deezer seed after identity check
queue-skipped-seed:wikipedia_korea,artist-missing-not-on-deezer,진솔美,,no_match,Deezer seed after identity check
queue-skipped-seed:wikipedia_south_asia,artist-missing-on-deezer,Jawad Bashir,,no_match,Deezer seed after identity check
queue-skipped-seed:wikipedia_korea,artist-missing-on-deezer,허주,,no_match,Deezer seed after identity check
queue-skipped-seed:wikipedia_south_asia,artist-missing-on-deezer,Arif Lohar,,needs_review,Deezer seed after identity check
queue-skipped-seed:wikipedia_korea,artist-missing-not-on-deezer,제이문,,no_match,Deezer seed after identity check
queue-skipped-seed:wikipedia_japan,artist-missing-not-on-deezer,Yuka Kashino,,no_match,Deezer seed after identity check
queue-skipped-seed:wikipedia_greater_china,artist-missing-not-on-deezer,Kwong Wa,,no_match,Deezer seed after identity check
queue-skipped-seed:wikipedia_korea,artist-missing-not-on-deezer,박진오,,no_match,Deezer seed after identity check
queue-skipped-seed:wikipedia_korea,artist-missing-on-deezer,기다온,,no_match,Deezer seed after identity check
queue-skipped-seed:wikipedia_korea,artist-missing-on-deezer,한민주,,no_match,Deezer seed after identity check
queue-skipped-seed:wikipedia_africa,artist-missing-on-deezer,Oyibo Rebel,,no_match,Deezer seed after identity check
queue-skipped-seed:wikipedia_sea,artist-missing-on-deezer,Bisma Karisma,,no_match,Deezer seed after identity check
queue-skipped-seed:wikipedia_japan,artist-missing-not-on-deezer,Nao Ojika,,no_match,Deezer seed after identity check
queue-skipped-seed:wikipedia_korea,artist-missing-on-deezer,남광희,,no_match,Deezer seed after identity check
queue-skipped-seed:wikipedia_korea,artist-missing-not-on-deezer,하평,,no_match,Deezer seed after identity check
queue-skipped-seed:wikipedia_latin,artist-missing-not-on-deezer,Anaís Vivas,,no_match,Deezer seed after identity check
queue-skipped-seed:wikipedia_korea,artist-missing-deezer-no-albums,문주란,,no_match,Deezer seed after identity check
queue-skipped-seed:wikipedia_greater_china,artist-missing-on-deezer,Rosanne Wong,,no_match,Deezer seed after identity check
queue-skipped-seed:wikipedia_greater_china,artist-missing-not-on-deezer,Di Ying,,no_match,Deezer seed after identity check
queue-skipped-seed:wikipedia_greater_china,artist-missing-not-on-deezer,Moses Chan,,no_match,Deezer seed after identity check
queue-skipped-seed:wikipedia_korea,artist-missing-not-on-deezer,그래쓰,,no_match,Deezer seed after identity check
queue-skipped-seed:wikipedia_south_asia,artist-missing-on-deezer,Humaira Arshad,,no_match,Deezer seed after identity check
queue-skipped-seed:wikipedia_korea,artist-missing-not-on-deezer,하엘비,,no_match,Deezer seed after identity check
queue-skipped-seed:wikipedia_japan,artist-missing-on-deezer,Flap Girls' School,,no_match,Deezer seed after identity check
queue-skipped-seed:wikipedia_korea,artist-missing-not-on-deezer,유현주,,no_match,Deezer seed after identity check
queue-skipped-seed:wikipedia_south_asia,artist-missing-on-deezer,Jai Uttal,,needs_review,Deezer seed after identity check
queue-skipped-seed:wikipedia_korea,artist-missing-not-on-deezer,남궁진영,,no_match,Deezer seed after identity check
queue-skipped-seed:wikipedia_western_canon,artist-missing-on-deezer,Sorisa,,no_match,Deezer seed after identity check
queue-skipped-seed:wikipedia_korea,artist-missing-not-on-deezer,넵킨스,,no_match,Deezer seed after identity check
queue-skipped-seed:wikipedia_korea,artist-missing-not-on-deezer,정인지,,no_match,Deezer seed after identity check
queue-skipped-seed:wikipedia_korea,artist-missing-on-deezer,디케이소울,,no_match,Deezer seed after identity check
queue-skipped-seed:wikipedia_south_asia,artist-missing-not-on-deezer,Wooly and the Uke,,needs_review,Deezer seed after identity check
queue-skipped-seed:wikipedia_japan,artist-missing-not-on-deezer,Yukina Kashiwa,,no_match,Deezer seed after identity check
queue-skipped-seed:wikipedia_korea,artist-missing-not-on-deezer,슬라이드로사,,no_match,Deezer seed after identity check
queue-skipped-seed:wikipedia_south_asia,artist-missing-on-deezer,Amar Singh Shaunki,,no_match,Deezer seed after identity check
queue-skipped-seed:wikipedia_korea,artist-missing-not-on-deezer,송유진,,no_match,Deezer seed after identity check
queue-skipped-seed:wikipedia_sea,artist-missing-not-on-deezer,Hwa Hwa,,no_match,Deezer seed after identity check
queue-skipped-seed:wikipedia_south_asia,artist-missing-not-on-deezer,Bindiya,,no_match,Deezer seed after identity check
queue-skipped-seed:wikipedia_greater_china,artist-missing-not-on-deezer,Gallen Lo,,needs_review,Deezer seed after identity check
queue-skipped-seed:wikipedia_south_asia,artist-missing-not-on-deezer,Gouri Choudhury,,needs_review,Deezer seed after identity check
queue-skipped-seed:wikipedia_sea,artist-missing-not-on-deezer,Chaleeda Gilbert,,no_match,Deezer seed after identity check
queue-skipped-seed:wikipedia_korea,artist-missing-not-on-deezer,리오나,,no_match,Deezer seed after identity check
queue-skipped-seed:wikipedia_south_asia,artist-missing-deezer-no-albums,Faakhir Mehmood,,no_match,Deezer seed after identity check
queue-skipped-seed:wikipedia_japan,artist-missing-not-on-deezer,Yuko Aoki,,no_match,Deezer seed after identity check
queue-skipped-seed:wikipedia_greater_china,artist-missing-not-on-deezer,Stephy Qi,,no_match,Deezer seed after identity check
queue-skipped-seed:wikipedia_korea,artist-missing-on-deezer,진현준,,no_match,Deezer seed after identity check
queue-skipped-seed:wikipedia_korea,artist-missing-not-on-deezer,레이힐,,no_match,Deezer seed after identity check
queue-skipped-seed:wikipedia_korea,artist-missing-not-on-deezer,예리,,no_match,Deezer seed after identity check
queue-skipped-seed:wikipedia_korea,artist-missing-on-deezer,주설옥,,no_match,Deezer seed after identity check
queue-skipped-seed:wikipedia_greater_china,artist-missing-not-on-deezer,Elly Lam,,no_match,Deezer seed after identity check
queue-skipped-seed:wikipedia_africa,artist-missing-not-on-deezer,List of Ghanaian musicians,,no_match,Deezer seed after identity check
queue-skipped-seed:wikipedia_japan,artist-missing-not-on-deezer,Uruma Delvi,,no_match,Deezer seed after identity check
queue-skipped-seed:wikipedia_korea,artist-missing-on-deezer,도은영,,no_match,Deezer seed after identity check
queue-skipped-seed:wikipedia_greater_china,artist-missing-on-deezer,Don Li,,needs_review,Deezer seed after identity check
queue-skipped-seed:wikipedia_korea,artist-missing-deezer-no-albums,전혜선,,no_match,Deezer seed after identity check
queue-skipped-seed:wikipedia_korea,artist-missing-not-on-deezer,데일리 웨이브,,no_match,Deezer seed after identity check
queue-skipped-seed:wikipedia_latin,artist-missing-not-on-deezer,Alcione Nazareth,,no_match,Deezer seed after identity check
queue-skipped-seed:wikipedia_japan,artist-missing-not-on-deezer,Three Girls Revitalizing Asia,,no_match,Deezer seed after identity check
queue-skipped-seed:wikipedia_korea,artist-missing-on-deezer,강석,,no_match,Deezer seed after identity check
queue-skipped-seed:wikipedia_korea,artist-missing-not-on-deezer,곽현화,,no_match,Deezer seed after identity check
queue-skipped-seed:wikipedia_korea,artist-missing-not-on-deezer,조하,,no_match,Deezer seed after identity check
queue-skipped-seed:wikipedia_korea,artist-missing-on-deezer,박단,,no_match,Deezer seed after identity check
queue-skipped-seed:wikipedia_latin,artist-missing-not-on-deezer,Norma Krasinski,,no_match,Deezer seed after identity check
queue-skipped-seed:wikipedia_korea,artist-missing-not-on-deezer,위명선,,no_match,Deezer seed after identity check
queue-skipped-seed:wikipedia_japan,artist-missing-not-on-deezer,Morning Musume Otomegumi,,no_match,Deezer seed after identity check
queue-skipped-seed:wikipedia_europe_world,artist-missing-not-on-deezer,Caroline Paulus,,no_match,Deezer seed after identity check
queue-skipped-seed:wikipedia_korea,artist-missing-not-on-deezer,류국화,,no_match,Deezer seed after identity check
queue-skipped-seed:wikipedia_japan,artist-missing-on-deezer,Jurina Matsui,,no_match,Deezer seed after identity check
queue-skipped-seed:wikipedia_greater_china,artist-missing-on-deezer,William Chan,,needs_review,Deezer seed after identity check
queue-skipped-seed:wikipedia_greater_china,artist-missing-on-deezer,Pets Tseng,,no_match,Deezer seed after identity check
queue-skipped-seed:wikipedia_greater_china,artist-missing-on-deezer,Bosco Wong,,needs_review,Deezer seed after identity check
queue-skipped-seed:wikipedia_korea,artist-missing-not-on-deezer,이승화,,no_match,Deezer seed after identity check
queue-skipped-seed:wikipedia_africa,artist-missing-not-on-deezer,Abubakari Lunna,,no_match,Deezer seed after identity check
queue-skipped-seed:wikipedia_korea,artist-missing-not-on-deezer,장준혁,,no_match,Deezer seed after identity check
queue-skipped-seed:wikipedia_japan,artist-missing-not-on-deezer,Mai Matsumuro,,no_match,Deezer seed after identity check
queue-skipped-seed:wikipedia_greater_china,artist-missing-on-deezer,Shawn Yue,,needs_review,Deezer seed after identity check
queue-skipped-seed:wikipedia_sea,artist-missing-on-deezer,Anjo Sarnate,,no_match,Deezer seed after identity check
queue-skipped-seed:wikipedia_south_asia,artist-missing-on-deezer,Surinder Sodhi,,no_match,Deezer seed after identity check
queue-skipped-seed:wikipedia_japan,artist-missing-on-deezer,Hanako Oshima,,no_match,Deezer seed after identity check
queue-skipped-seed:wikipedia_korea,artist-missing-deezer-no-albums,고호경,,no_match,Deezer seed after identity check
queue-skipped-seed:wikipedia_korea,artist-missing-on-deezer,서예나,,no_match,Deezer seed after identity check
queue-skipped-seed:wikipedia_korea,artist-missing-not-on-deezer,마리,,no_match,Deezer seed after identity check
queue-skipped-seed:wikipedia_korea,artist-missing-not-on-deezer,홍혜미,,no_match,Deezer seed after identity check
queue-skipped-seed:wikipedia_korea,artist-missing-not-on-deezer,엄지연,,no_match,Deezer seed after identity check
queue-skipped-seed:wikipedia_japan,artist-missing-on-deezer,Misaki Iwasa,,no_match,Deezer seed after identity check
queue-skipped-seed:wikipedia_korea,artist-missing-on-deezer,송해준,,no_match,Deezer seed after identity check
queue-skipped-seed:wikipedia_africa,artist-missing-not-on-deezer,Molefe Pheto,,no_match,Deezer seed after identity check
queue-skipped-seed:wikipedia_africa,artist-missing-not-on-deezer,Okechukwu Oku,,no_match,Deezer seed after identity check
queue-skipped-seed:wikipedia_western_canon,artist-missing-not-on-deezer,Fizzy Qwick,,no_match,Deezer seed after identity check
queue-skipped-seed:wikipedia_korea,artist-missing-on-deezer,권성연,,no_match,Deezer seed after identity check
queue-skipped-seed:wikipedia_greater_china,artist-missing-on-deezer,Panther Chan,,needs_review,Deezer seed after identity check
queue-skipped-seed:wikipedia_korea,artist-missing-not-on-deezer,김미도,,no_match,Deezer seed after identity check
queue-skipped-seed:wikipedia_korea,artist-missing-not-on-deezer,배우희,,no_match,Deezer seed after identity check
queue-skipped-seed:wikipedia_sea,artist-missing-not-on-deezer,Pongsak Rattanapong,,no_match,Deezer seed after identity check
queue-skipped-seed:wikipedia_europe_world,artist-missing-not-on-deezer,René-Louis Baron,,no_match,Deezer seed after identity check
queue-skipped-seed:wikipedia_japan,artist-missing-not-on-deezer,Asami Kimura,,no_match,Deezer seed after identity check
queue-skipped-seed:wikipedia_korea,artist-missing-on-deezer,백은혜,,no_match,Deezer seed after identity check
queue-skipped-seed:wikipedia_greater_china,artist-missing-not-on-deezer,Max Mok,,no_match,Deezer seed after identity check
queue-skipped-seed:wikipedia_europe_world,artist-missing-not-on-deezer,Horace Coignet,,no_match,Deezer seed after identity check
queue-skipped-seed:wikipedia_south_asia,artist-missing-on-deezer,Rishi Chanda,,no_match,Deezer seed after identity check
queue-skipped-seed:wikipedia_greater_china,artist-missing-on-deezer,Benny Chan,,needs_review,Deezer seed after identity check
queue-skipped-seed:wikipedia_korea,artist-missing-on-deezer,전혜자,,no_match,Deezer seed after identity check
queue-skipped-seed:wikipedia_korea,artist-missing-not-on-deezer,아이스보이,,no_match,Deezer seed after identity check
queue-skipped-seed:wikipedia_japan,artist-missing-on-deezer,Alisa Mizuki,,no_match,Deezer seed after identity check
queue-skipped-seed:wikipedia_japan,artist-missing-not-on-deezer,Ikumi Nakagami,,no_match,Deezer seed after identity check
queue-skipped-seed:wikipedia_korea,artist-missing-not-on-deezer,오은주,,no_match,Deezer seed after identity check
queue-skipped-seed:wikipedia_korea,artist-missing-not-on-deezer,이세찬,,no_match,Deezer seed after identity check
queue-skipped-seed:wikipedia_sea,artist-missing-not-on-deezer,Teerapat Sajakul,,no_match,Deezer seed after identity check
queue-skipped-seed:wikipedia_greater_china,artist-missing-not-on-deezer,Zhang Lu,,needs_review,Deezer seed after identity check
queue-skipped-seed:wikipedia_latin,artist-missing-on-deezer,Lu de la Tower,,no_match,Deezer seed after identity check
queue-skipped-seed:wikipedia_south_asia,artist-missing-on-deezer,Alamgir,,needs_review,Deezer seed after identity check
queue-skipped-seed:wikipedia_japan,artist-missing-not-on-deezer,Tantei Opera Milky Holmes,,no_match,Deezer seed after identity check
queue-skipped-seed:wikipedia_south_asia,artist-missing-not-on-deezer,Komanduri Ramachari,,no_match,Deezer seed after identity check
queue-skipped-seed:wikipedia_korea,artist-missing-deezer-no-albums,홍승민,,no_match,Deezer seed after identity check
queue-skipped-seed:wikipedia_japan,artist-missing-not-on-deezer,Ayumi Shigemori,,no_match,Deezer seed after identity check
queue-skipped-seed:wikipedia_korea,artist-missing-not-on-deezer,조성환,,needs_review,Deezer seed after identity check
queue-skipped-seed:wikipedia_japan,artist-missing-on-deezer,Clear's,,needs_review,Deezer seed after identity check
queue-skipped-seed:wikipedia_south_asia,artist-missing-on-deezer,Rajkumar R. Pandey,,no_match,Deezer seed after identity check
queue-skipped-seed:wikipedia_korea,artist-missing-not-on-deezer,니드,,no_match,Deezer seed after identity check
queue-skipped-seed:wikipedia_europe_world,artist-missing-on-deezer,Henri Alibert,,no_match,Deezer seed after identity check
queue-skipped-seed:wikipedia_africa,artist-missing-deezer-no-albums,Thoko Katimba,,no_match,Deezer seed after identity check
queue-skipped-seed:wikipedia_korea,artist-missing-not-on-deezer,임용덕,,no_match,Deezer seed after identity check
queue-skipped-seed:wikipedia_sea,artist-missing-not-on-deezer,Hồ Bích Ngọc,,no_match,Deezer seed after identity check
queue-skipped-seed:wikipedia_latin,artist-missing-not-on-deezer,Martin Urrutia,,no_match,Deezer seed after identity check
queue-skipped-seed:wikipedia_japan,artist-missing-not-on-deezer,Missile Innovation,,no_match,Deezer seed after identity check
queue-skipped-seed:wikipedia_greater_china,artist-missing-not-on-deezer,Simon Lian,,no_match,Deezer seed after identity check
queue-skipped-seed:wikipedia_japan,artist-missing-not-on-deezer,Yosuke Kosuke,,no_match,Deezer seed after identity check
queue-skipped-seed:wikipedia_korea,artist-missing-not-on-deezer,고고데이,,no_match,Deezer seed after identity check
queue-skipped-seed:wikipedia_japan,artist-missing-not-on-deezer,Kyōko Aizome,,no_match,Deezer seed after identity check
queue-skipped-seed:wikipedia_korea,artist-missing-on-deezer,잭앤웨일,,no_match,Deezer seed after identity check
queue-skipped-seed:wikipedia_sea,artist-missing-not-on-deezer,Sukrit Wisetkaew,,no_match,Deezer seed after identity check
queue-skipped-seed:wikipedia_japan,artist-missing-deezer-no-albums,Mai Kadowaki,,no_match,Deezer seed after identity check
queue-skipped-seed:wikipedia_korea,artist-missing-on-deezer,혜진이,,no_match,Deezer seed after identity check
queue-skipped-seed:wikipedia_greater_china,artist-missing-on-deezer,Teddy Robin,,needs_review,Deezer seed after identity check
queue-skipped-seed:wikipedia_south_asia,artist-missing-on-deezer,Shafqat Amanat Ali,,needs_review,Deezer seed after identity check
queue-skipped-seed:wikipedia_korea,artist-missing-not-on-deezer,최준호,,no_match,Deezer seed after identity check
queue-skipped-seed:wikipedia_europe_world,artist-missing-not-on-deezer,Illa Meery,,no_match,Deezer seed after identity check
queue-skipped-seed:wikipedia_africa,artist-missing-not-on-deezer,Grace Omaboe,,no_match,Deezer seed after identity check
queue-skipped-seed:wikipedia_japan,artist-missing-not-on-deezer,Rio Natsuki,,no_match,Deezer seed after identity check
queue-skipped-seed:wikipedia_korea,artist-missing-not-on-deezer,안기백,,no_match,Deezer seed after identity check
queue-skipped-seed:wikipedia_greater_china,artist-missing-on-deezer,Alec Su,,no_match,Deezer seed after identity check
queue-skipped-seed:wikipedia_korea,artist-missing-not-on-deezer,사운드 힐즈,,no_match,Deezer seed after identity check
queue-skipped-seed:wikipedia_korea,artist-missing-not-on-deezer,슈가제이,,no_match,Deezer seed after identity check
queue-skipped-seed:wikipedia_korea,artist-missing-not-on-deezer,비 스윗,,no_match,Deezer seed after identity check
queue-skipped-seed:wikipedia_korea,artist-missing-deezer-no-albums,신계행,,no_match,Deezer seed after identity check
queue-skipped-seed:wikipedia_korea,artist-missing-not-on-deezer,모니카 유,,no_match,Deezer seed after identity check
queue-skipped-seed:wikipedia_latin,artist-missing-not-on-deezer,List of salsa and son vocalists,,no_match,Deezer seed after identity check
queue-skipped-seed:wikipedia_korea,artist-missing-on-deezer,손빈아,,no_match,Deezer seed after identity check
queue-skipped-seed:wikipedia_japan,artist-missing-on-deezer,Kotomi Aihara,,no_match,Deezer seed after identity check
queue-skipped-seed:wikipedia_korea,artist-missing-on-deezer,팬텀퀸,,no_match,Deezer seed after identity check
queue-skipped-seed:wikipedia_sea,artist-missing-not-on-deezer,Bạch Tuyết,,no_match,Deezer seed after identity check
queue-skipped-seed:wikipedia_africa,artist-missing-on-deezer,Yhemolee,,no_match,Deezer seed after identity check
queue-skipped-seed:wikipedia_korea,artist-missing-not-on-deezer,시명,,no_match,Deezer seed after identity check
queue-skipped-seed:wikipedia_greater_china,artist-missing-on-deezer,Alfred Hui,,needs_review,Deezer seed after identity check
queue-skipped-seed:wikipedia_korea,artist-missing-not-on-deezer,하안,,no_match,Deezer seed after identity check
queue-skipped-seed:wikipedia_korea,artist-missing-not-on-deezer,박정훈,,no_match,Deezer seed after identity check
queue-skipped-seed:wikipedia_sea,artist-missing-on-deezer,Nguyễn Trần Trung Quân,,no_match,Deezer seed after identity check
queue-skipped-seed:wikipedia_sea,artist-missing-not-on-deezer,Marquise Auramornrat,,no_match,Deezer seed after identity check
queue-skipped-seed:wikipedia_korea,artist-missing-not-on-deezer,하도하,,no_match,Deezer seed after identity check
queue-skipped-seed:wikipedia_western_canon,artist-missing-not-on-deezer,List of Motown artists,,no_match,Deezer seed after identity check
queue-skipped-seed:wikipedia_japan,artist-missing-not-on-deezer,Karen Iwata,,no_match,Deezer seed after identity check
queue-skipped-seed:wikipedia_africa,artist-missing-on-deezer,Kwaysi,,no_match,Deezer seed after identity check
queue-skipped-seed:wikipedia_latin,artist-missing-not-on-deezer,Edgardo Huertas,,no_match,Deezer seed after identity check
queue-skipped-seed:wikipedia_korea,artist-missing-not-on-deezer,박다영,,no_match,Deezer seed after identity check
queue-skipped-seed:wikipedia_korea,artist-missing-not-on-deezer,유용민,,no_match,Deezer seed after identity check
queue-skipped-seed:wikipedia_latin,artist-missing-on-deezer,Daniela Padrón,,no_match,Deezer seed after identity check
queue-skipped-seed:wikipedia_greater_china,artist-missing-on-deezer,Frankie Kao,,no_match,Deezer seed after identity check
queue-skipped-seed:wikipedia_korea,artist-missing-not-on-deezer,손수아,,no_match,Deezer seed after identity check
queue-skipped-seed:wikipedia_south_asia,artist-missing-not-on-deezer,Begum Khurshid Mirza,,no_match,Deezer seed after identity check
queue-skipped-seed:wikipedia_korea,artist-missing-not-on-deezer,하예나,,no_match,Deezer seed after identity check
queue-skipped-seed:wikipedia_korea,artist-missing-not-on-deezer,송연경,,no_match,Deezer seed after identity check
queue-skipped-seed:wikipedia_greater_china,artist-missing-deezer-no-albums,Sammy Leung,,no_match,Deezer seed after identity check
queue-skipped-seed:wikipedia_korea,artist-missing-not-on-deezer,엄재원,,no_match,Deezer seed after identity check
queue-skipped-seed:wikipedia_japan,artist-missing-not-on-deezer,Musukko Club,,no_match,Deezer seed after identity check
queue-skipped-seed:wikipedia_south_asia,artist-missing-deezer-no-albums,N.S. Prasad,,no_match,Deezer seed after identity check
queue-skipped-seed:wikipedia_korea,artist-missing-not-on-deezer,하이잭키드,,no_match,Deezer seed after identity check
queue-skipped-seed:wikipedia_sea,artist-missing-not-on-deezer,Sapol Assawamunkong,,no_match,Deezer seed after identity check
queue-skipped-seed:wikipedia_africa,artist-missing-on-deezer,Billar Stoner,,no_match,Deezer seed after identity check
queue-skipped-seed:wikipedia_korea,artist-missing-not-on-deezer,김종문,,no_match,Deezer seed after identity check
queue-skipped-seed:wikipedia_japan,artist-missing-not-on-deezer,Hitoe Arakaki,,no_match,Deezer seed after identity check
queue-skipped-seed:wikipedia_south_asia,artist-missing-not-on-deezer,Sukumar Prasad,,no_match,Deezer seed after identity check
queue-skipped-seed:wikipedia_south_asia,artist-missing-on-deezer,Hamida Banu,,no_match,Deezer seed after identity check
queue-skipped-seed:wikipedia_africa,artist-missing-on-deezer,OC Ukeje,,no_match,Deezer seed after identity check
queue-skipped-seed:wikipedia_greater_china,artist-missing-not-on-deezer,Wang Ziyi,,no_match,Deezer seed after identity check
queue-skipped-seed:wikipedia_africa,artist-missing-not-on-deezer,Sello Chicco Twala,,no_match,Deezer seed after identity check
queue-skipped-seed:wikipedia_greater_china,artist-missing-not-on-deezer,Mark Lui,,needs_review,Deezer seed after identity check
queue-skipped-seed:wikipedia_greater_china,artist-missing-not-on-deezer,Liu Yuxin,,needs_review,Deezer seed after identity check
queue-skipped-seed:wikipedia_japan,artist-missing-not-on-deezer,Miori Ichikawa,,no_match,Deezer seed after identity check
queue-skipped-seed:wikipedia_africa,artist-missing-on-deezer,Iris Stryx,,no_match,Deezer seed after identity check
queue-skipped-seed:wikipedia_africa,artist-missing-not-on-deezer,Ras Minano,,no_match,Deezer seed after identity check
queue-skipped-seed:wikipedia_japan,artist-missing-not-on-deezer,Nao Nagasawa,,no_match,Deezer seed after identity check
queue-skipped-seed:wikipedia_korea,artist-missing-not-on-deezer,에빈,,no_match,Deezer seed after identity check
queue-skipped-seed:wikipedia_korea,artist-missing-not-on-deezer,영앤레클리스,,no_match,Deezer seed after identity check
queue-skipped-seed:wikipedia_korea,artist-missing-not-on-deezer,서혁신,,no_match,Deezer seed after identity check
queue-skipped-seed:wikipedia_japan,artist-missing-not-on-deezer,Phongchi,,no_match,Deezer seed after identity check
queue-skipped-seed:wikipedia_korea,artist-missing-on-deezer,박사랑,,no_match,Deezer seed after identity check
queue-skipped-seed:wikipedia_korea,artist-missing-on-deezer,금강,,no_match,Deezer seed after identity check
queue-skipped-seed:wikipedia_korea,artist-missing-deezer-no-albums,데쌩,,no_match,Deezer seed after identity check
queue-skipped-seed:wikipedia_japan,artist-missing-not-on-deezer,UltraCats,,no_match,Deezer seed after identity check
queue-skipped-seed:wikipedia_south_asia,artist-missing-on-deezer,Satinder Satti,,no_match,Deezer seed after identity check
queue-skipped-seed:wikipedia_korea,artist-missing-not-on-deezer,양소민,,no_match,Deezer seed after identity check
queue-skipped-seed:wikipedia_korea,artist-missing-deezer-no-albums,양희경,,no_match,Deezer seed after identity check
queue-skipped-seed:wikipedia_japan,artist-missing-deezer-no-albums,Riko Ishino,,no_match,Deezer seed after identity check
queue-skipped-seed:wikipedia_japan,artist-missing-on-deezer,Miori Takimoto,,no_match,Deezer seed after identity check
queue-skipped-seed:wikipedia_korea,artist-missing-deezer-no-albums,박청비,,no_match,Deezer seed after identity check
queue-skipped-seed:wikipedia_japan,artist-missing-not-on-deezer,Mākii,,no_match,Deezer seed after identity check
queue-skipped-seed:wikipedia_korea,artist-missing-not-on-deezer,오선녀,,no_match,Deezer seed after identity check
queue-skipped-seed:wikipedia_korea,artist-missing-on-deezer,빈센트블루,,no_match,Deezer seed after identity check
queue-skipped-seed:wikipedia_korea,artist-missing-not-on-deezer,시기펩,,no_match,Deezer seed after identity check
queue-skipped-seed:wikipedia_south_asia,artist-missing-on-deezer,Hasan Jahangir,,no_match,Deezer seed after identity check
queue-skipped-seed:wikipedia_south_asia,artist-missing-on-deezer,Rahul Ranade,,no_match,Deezer seed after identity check
queue-skipped-seed:wikipedia_japan,artist-missing-not-on-deezer,Magnolia Factory,,no_match,Deezer seed after identity check
queue-skipped-seed:wikipedia_japan,artist-missing-on-deezer,Seena Hoshiki,,no_match,Deezer seed after identity check
queue-skipped-seed:wikipedia_greater_china,artist-missing-on-deezer,Jenny Tseng,,needs_review,Deezer seed after identity check
queue-skipped-seed:wikipedia_south_asia,artist-missing-on-deezer,Mohsin Abbas Haider,,needs_review,Deezer seed after identity check
queue-skipped-seed:wikipedia_korea,artist-missing-deezer-no-albums,정선국,,no_match,Deezer seed after identity check
queue-skipped-seed:wikipedia_japan,artist-missing-on-deezer,Cecil,,needs_review,Deezer seed after identity check
queue-skipped-seed:wikipedia_korea,artist-missing-not-on-deezer,테종,,no_match,Deezer seed after identity check
queue-skipped-seed:wikipedia_japan,artist-missing-on-deezer,Hiroshi & Kibo,,no_match,Deezer seed after identity check
queue-skipped-seed:wikipedia_korea,artist-missing-on-deezer,방주연,,no_match,Deezer seed after identity check
queue-skipped-seed:wikipedia_europe_world,artist-missing-not-on-deezer,Hermine Demoriane,,no_match,Deezer seed after identity check
queue-skipped-seed:wikipedia_greater_china,artist-missing-on-deezer,Anita Mui,,needs_review,Deezer seed after identity check
queue-skipped-seed:wikipedia_latin,artist-missing-not-on-deezer,Jason Archer and Paul Beck,,no_match,Deezer seed after identity check
queue-skipped-seed:wikipedia_africa,artist-missing-deezer-no-albums,Derrick Ashong,,no_match,Deezer seed after identity check
queue-skipped-seed:wikipedia_greater_china,artist-missing-on-deezer,Wang Feng,,needs_review,Deezer seed after identity check
queue-skipped-seed:wikipedia_south_asia,artist-missing-on-deezer,Major Rajasthani,,no_match,Deezer seed after identity check
queue-skipped-seed:wikipedia_greater_china,artist-missing-on-deezer,Oscar Tao,,needs_review,Deezer seed after identity check
queue-skipped-seed:wikipedia_korea,artist-missing-not-on-deezer,오서길,,no_match,Deezer seed after identity check
queue-skipped-seed:wikipedia_korea,artist-missing-not-on-deezer,원찬,,no_match,Deezer seed after identity check
queue-skipped-seed:wikipedia_korea,artist-missing-not-on-deezer,류지영,,no_match,Deezer seed after identity check
queue-skipped-seed:wikipedia_korea,artist-missing-not-on-deezer,옐라디,,no_match,Deezer seed after identity check
queue-skipped-seed:wikipedia_japan,artist-missing-not-on-deezer,N Zero,,no_match,Deezer seed after identity check
queue-skipped-seed:wikipedia_greater_china,artist-missing-on-deezer,Priscilla Chan,,needs_review,Deezer seed after identity check
queue-skipped-seed:wikipedia_japan,artist-missing-on-deezer,Eri Inagawa,,no_match,Deezer seed after identity check
queue-skipped-seed:wikipedia_korea,artist-missing-not-on-deezer,이한들,,no_match,Deezer seed after identity check
queue-skipped-seed:wikipedia_korea,artist-missing-not-on-deezer,이루네,,no_match,Deezer seed after identity check
queue-skipped-seed:wikipedia_greater_china,artist-missing-on-deezer,Ansonbean,,needs_review,Deezer seed after identity check
queue-skipped-seed:wikipedia_greater_china,artist-missing-on-deezer,Ronald Cheng,,needs_review,Deezer seed after identity check
queue-skipped-seed:wikipedia_korea,artist-missing-deezer-no-albums,문종민,,no_match,Deezer seed after identity check
queue-skipped-seed:wikipedia_korea,artist-missing-not-on-deezer,전태성,,no_match,Deezer seed after identity check
queue-skipped-seed:wikipedia_korea,artist-missing-on-deezer,감자,,needs_review,Deezer seed after identity check
queue-skipped-seed:wikipedia_korea,artist-missing-deezer-no-albums,강윤,,no_match,Deezer seed after identity check
queue-skipped-seed:wikipedia_greater_china,artist-missing-not-on-deezer,Isabella Leong,,needs_review,Deezer seed after identity check
queue-skipped-seed:wikipedia_korea,artist-missing-not-on-deezer,김대연,,no_match,Deezer seed after identity check
queue-skipped-seed:wikipedia_latin,artist-missing-not-on-deezer,Sophy Hernández,,no_match,Deezer seed after identity check
queue-skipped-seed:wikipedia_japan,artist-missing-deezer-no-albums,Rena Matsui,,no_match,Deezer seed after identity check
queue-skipped-seed:wikipedia_korea,artist-missing-not-on-deezer,조 리나,,no_match,Deezer seed after identity check
queue-skipped-seed:wikipedia_korea,artist-missing-not-on-deezer,오수아,,no_match,Deezer seed after identity check
queue-skipped-seed:wikipedia_south_asia,artist-missing-not-on-deezer,Ahsan Khan,,no_match,Deezer seed after identity check
queue-skipped-seed:wikipedia_japan,artist-missing-on-deezer,Yoshimotozaka46,,no_match,Deezer seed after identity check
queue-skipped-seed:wikipedia_greater_china,artist-missing-on-deezer,Albert Au,,needs_review,Deezer seed after identity check
queue-skipped-seed:wikipedia_japan,artist-missing-not-on-deezer,Yuki Nagano,,no_match,Deezer seed after identity check
queue-skipped-seed:wikipedia_korea,artist-missing-on-deezer,신미래,,no_match,Deezer seed after identity check
queue-skipped-seed:wikipedia_korea,artist-missing-not-on-deezer,최나영,,no_match,Deezer seed after identity check
queue-skipped-seed:wikipedia_greater_china,artist-missing-on-deezer,Johnny Yip,,needs_review,Deezer seed after identity check
queue-skipped-seed:wikipedia_korea,artist-missing-not-on-deezer,김상희,,no_match,Deezer seed after identity check
queue-skipped-seed:wikipedia_korea,artist-missing-on-deezer,윤다혜,,no_match,Deezer seed after identity check
queue-skipped-seed:wikipedia_south_asia,artist-missing-deezer-no-albums,Pandit Dinesh,,needs_review,Deezer seed after identity check
queue-skipped-seed:wikipedia_western_canon,artist-missing-not-on-deezer,Claudette Rogers Robinson,,no_match,Deezer seed after identity check
queue-skipped-seed:wikipedia_greater_china,artist-missing-on-deezer,Cass Phang,,needs_review,Deezer seed after identity check
queue-skipped-seed:wikipedia_korea,artist-missing-not-on-deezer,대지베이비,,no_match,Deezer seed after identity check
queue-skipped-seed:wikipedia_greater_china,artist-missing-on-deezer,Christopher Wong,,needs_review,Deezer seed after identity check
queue-skipped-seed:wikipedia_south_asia,artist-missing-on-deezer,Ali Khan,,needs_review,Deezer seed after identity check
queue-skipped-seed:wikipedia_korea,artist-missing-not-on-deezer,연재모,,no_match,Deezer seed after identity check
queue-skipped-seed:wikipedia_korea,artist-missing-not-on-deezer,장의현,,no_match,Deezer seed after identity check
queue-skipped-seed:wikipedia_korea,artist-missing-on-deezer,원주,,no_match,Deezer seed after identity check
queue-skipped-seed:wikipedia_latin,artist-missing-not-on-deezer,Miguel Cuesta,,no_match,Deezer seed after identity check
queue-skipped-seed:wikipedia_japan,artist-missing-not-on-deezer,List of Japanese rock music groups,,no_match,Deezer seed after identity check
queue-skipped-seed:wikipedia_greater_china,artist-missing-on-deezer,Ekin Cheng,,needs_review,Deezer seed after identity check
queue-skipped-seed:wikipedia_south_asia,artist-missing-not-on-deezer,Manada Sundari Dasi,,no_match,Deezer seed after identity check
queue-skipped-seed:wikipedia_korea,artist-missing-not-on-deezer,김성연,,no_match,Deezer seed after identity check
queue-skipped-seed:wikipedia_greater_china,artist-missing-on-deezer,Jimmy Lin,,no_match,Deezer seed after identity check
queue-skipped-seed:wikipedia_greater_china,artist-missing-not-on-deezer,Showlen Maya,,no_match,Deezer seed after identity check
queue-skipped-seed:wikipedia_south_asia,artist-missing-on-deezer,Mashooq Sultan,,no_match,Deezer seed after identity check
queue-skipped-seed:wikipedia_greater_china,artist-missing-on-deezer,Pakho Chau,,needs_review,Deezer seed after identity check
queue-skipped-seed:wikipedia_japan,artist-missing-deezer-no-albums,Izumi Sakai,,no_match,Deezer seed after identity check
queue-skipped-seed:wikipedia_korea,artist-missing-not-on-deezer,쿨키드,,no_match,Deezer seed after identity check
queue-skipped-seed:wikipedia_korea,artist-missing-on-deezer,다올,,no_match,Deezer seed after identity check
queue-skipped-seed:wikipedia_korea,artist-missing-not-on-deezer,박기찬,,no_match,Deezer seed after identity check
queue-skipped-seed:wikipedia_korea,artist-missing-not-on-deezer,조재영,,no_match,Deezer seed after identity check
queue-skipped-seed:wikipedia_korea,artist-missing-not-on-deezer,대디제이,,no_match,Deezer seed after identity check
queue-skipped-seed:wikipedia_korea,artist-missing-deezer-no-albums,현한주,,no_match,Deezer seed after identity check
queue-skipped-seed:wikipedia_korea,artist-missing-not-on-deezer,신윤아,,no_match,Deezer seed after identity check
queue-skipped-seed:wikipedia_korea,artist-missing-not-on-deezer,강지혜,,no_match,Deezer seed after identity check
queue-skipped-seed:wikipedia_greater_china,artist-missing-on-deezer,Louis Cheung,,needs_review,Deezer seed after identity check
queue-skipped-seed:wikipedia_korea,artist-missing-not-on-deezer,김만수,,no_match,Deezer seed after identity check
queue-skipped-seed:wikipedia_greater_china,artist-missing-on-deezer,Ghost Style,,needs_review,Deezer seed after identity check
queue-skipped-seed:wikipedia_japan,artist-missing-not-on-deezer,Four Leaves,,no_match,Deezer seed after identity check
queue-skipped-seed:wikipedia_korea,artist-missing-not-on-deezer,유미리,,no_match,Deezer seed after identity check
queue-skipped-seed:wikipedia_sea,artist-missing-not-on-deezer,Ratthasart Korrasud,,no_match,Deezer seed after identity check
queue-skipped-seed:wikipedia_korea,artist-missing-deezer-no-albums,잠비노,,no_match,Deezer seed after identity check
queue-skipped-seed:wikipedia_korea,artist-missing-not-on-deezer,이동환,,no_match,Deezer seed after identity check
queue-skipped-seed:wikipedia_japan,artist-missing-deezer-no-albums,Yui Aragaki,,no_match,Deezer seed after identity check
queue-skipped-seed:wikipedia_japan,artist-missing-on-deezer,Hibari Misora,,no_match,Deezer seed after identity check
queue-skipped-seed:wikipedia_japan,artist-missing-not-on-deezer,Yuuki Temma,,no_match,Deezer seed after identity check
queue-skipped-seed:wikipedia_japan,artist-missing-not-on-deezer,Haruka Sakuraba,,no_match,Deezer seed after identity check
queue-skipped-seed:wikipedia_sea,artist-missing-deezer-no-albums,Nirina Zubir,,no_match,Deezer seed after identity check
queue-skipped-seed:wikipedia_korea,artist-missing-not-on-deezer,미스김,,no_match,Deezer seed after identity check
queue-skipped-seed:wikipedia_greater_china,artist-missing-not-on-deezer,Rikimaru Chikada,,no_match,Deezer seed after identity check
queue-skipped-seed:wikipedia_korea,artist-missing-not-on-deezer,박단마,,needs_review,Deezer seed after identity check
queue-skipped-seed:wikipedia_greater_china,artist-missing-on-deezer,Dou Wei,,no_match,Deezer seed after identity check
queue-skipped-seed:wikipedia_greater_china,artist-missing-not-on-deezer,Dayo Wong,,needs_review,Deezer seed after identity check
queue-skipped-seed:wikipedia_korea,artist-missing-not-on-deezer,이주선,,no_match,Deezer seed after identity check
queue-skipped-seed:wikipedia_japan,artist-missing-not-on-deezer,Naenano,,no_match,Deezer seed after identity check
queue-skipped-seed:wikipedia_japan,artist-missing-not-on-deezer,Kazuha Oda,,no_match,Deezer seed after identity check
queue-skipped-seed:wikipedia_korea,artist-missing-not-on-deezer,유하은,,no_match,Deezer seed after identity check
queue-skipped-seed:wikipedia_africa,artist-missing-not-on-deezer,Dayo Sax,,no_match,Deezer seed after identity check
queue-skipped-seed:wikipedia_korea,artist-missing-not-on-deezer,장승현,,no_match,Deezer seed after identity check
queue-skipped-seed:wikipedia_africa,artist-missing-on-deezer,Sizwe Mpofu-Walsh,,no_match,Deezer seed after identity check
queue-skipped-seed:wikipedia_korea,artist-missing-not-on-deezer,강혜민,,no_match,Deezer seed after identity check
queue-skipped-seed:wikipedia_korea,artist-missing-not-on-deezer,전도염,,no_match,Deezer seed after identity check
queue-skipped-seed:wikipedia_korea,artist-missing-on-deezer,리진,,no_match,Deezer seed after identity check
queue-skipped-seed:wikipedia_korea,artist-missing-not-on-deezer,정예준,,no_match,Deezer seed after identity check
queue-skipped-seed:wikipedia_korea,artist-missing-on-deezer,홍강사,,no_match,Deezer seed after identity check
queue-skipped-seed:wikipedia_europe_world,artist-missing-not-on-deezer,Marie-France Boyer,,no_match,Deezer seed after identity check
queue-skipped-seed:wikipedia_korea,artist-missing-deezer-no-albums,양은진,,no_match,Deezer seed after identity check
queue-skipped-seed:wikipedia_korea,artist-missing-not-on-deezer,방세진,,no_match,Deezer seed after identity check
queue-skipped-seed:wikipedia_south_asia,artist-missing-on-deezer,Nusrat Hussain,,needs_review,Deezer seed after identity check
queue-skipped-seed:wikipedia_korea,artist-missing-on-deezer,현동현,,no_match,Deezer seed after identity check
queue-skipped-seed:wikipedia_korea,artist-missing-not-on-deezer,전기수,,no_match,Deezer seed after identity check
queue-skipped-seed:wikipedia_korea,artist-missing-not-on-deezer,송도현,,no_match,Deezer seed after identity check
queue-skipped-seed:wikipedia_korea,artist-missing-not-on-deezer,라보,,no_match,Deezer seed after identity check
queue-skipped-seed:wikipedia_korea,artist-missing-not-on-deezer,신지은,,no_match,Deezer seed after identity check
queue-skipped-seed:wikipedia_korea,artist-missing-not-on-deezer,송자영,,no_match,Deezer seed after identity check
queue-skipped-seed:wikipedia_sea,artist-missing-deezer-no-albums,Sornram Teppitak,,no_match,Deezer seed after identity check
queue-skipped-seed:wikipedia_south_asia,artist-missing-not-on-deezer,List of Punjabi singers,,no_match,Deezer seed after identity check
queue-skipped-seed:wikipedia_south_asia,artist-missing-on-deezer,Nawab Kumhar,,no_match,Deezer seed after identity check
queue-skipped-seed:wikipedia_greater_china,artist-missing-on-deezer,Cloud Wan,,needs_review,Deezer seed after identity check
queue-skipped-seed:wikipedia_korea,artist-missing-deezer-no-albums,진이랑,,no_match,Deezer seed after identity check
queue-skipped-seed:wikipedia_south_asia,artist-missing-on-deezer,Afshan Ahmed,,no_match,Deezer seed after identity check
queue-skipped-seed:wikipedia_sea,artist-missing-not-on-deezer,Ashilla Zee,,no_match,Deezer seed after identity check
queue-skipped-seed:wikipedia_korea,artist-missing-not-on-deezer,권구,,no_match,Deezer seed after identity check
queue-skipped-seed:wikipedia_japan,artist-missing-not-on-deezer,Handshake event,,no_match,Deezer seed after identity check
queue-skipped-seed:wikipedia_greater_china,artist-missing-on-deezer,Fiona Sit,,needs_review,Deezer seed after identity check
queue-skipped-seed:wikipedia_greater_china,artist-missing-not-on-deezer,Wang Yong,,needs_review,Deezer seed after identity check
queue-skipped-seed:wikipedia_sea,artist-missing-on-deezer,Jaruwat Cheawaram,,no_match,Deezer seed after identity check
queue-skipped-seed:wikipedia_japan,artist-missing-not-on-deezer,Morning Musume Sakuragumi,,no_match,Deezer seed after identity check
queue-skipped-seed:wikipedia_japan,artist-missing-not-on-deezer,Elina Mizuno,,no_match,Deezer seed after identity check
queue-skipped-seed:wikipedia_korea,artist-missing-not-on-deezer,심창,,no_match,Deezer seed after identity check
queue-skipped-seed:wikipedia_korea,artist-missing-not-on-deezer,양예나,,no_match,Deezer seed after identity check
queue-skipped-seed:wikipedia_korea,artist-missing-deezer-no-albums,우정훈,,no_match,Deezer seed after identity check
queue-skipped-seed:wikipedia_korea,artist-missing-on-deezer,문초희,,no_match,Deezer seed after identity check
queue-skipped-seed:wikipedia_japan,artist-missing-not-on-deezer,Tomomi Kasai,,no_match,Deezer seed after identity check
queue-skipped-seed:wikipedia_sea,artist-missing-deezer-no-albums,Krissada Sukosol Clapp,,no_match,Deezer seed after identity check
queue-skipped-seed:wikipedia_japan,artist-missing-not-on-deezer,Aqua5,,no_match,Deezer seed after identity check
queue-skipped-seed:wikipedia_korea,artist-missing-not-on-deezer,이용주,,no_match,Deezer seed after identity check
queue-skipped-seed:wikipedia_greater_china,artist-missing-not-on-deezer,Canti Lau,,needs_review,Deezer seed after identity check
queue-skipped-seed:wikipedia_korea,artist-missing-not-on-deezer,반석,,no_match,Deezer seed after identity check
queue-skipped-seed:wikipedia_korea,artist-missing-not-on-deezer,신서우,,no_match,Deezer seed after identity check
queue-skipped-seed:wikipedia_japan,artist-missing-not-on-deezer,Mari Hoshino,,no_match,Deezer seed after identity check
queue-skipped-seed:wikipedia_japan,artist-missing-not-on-deezer,The Dance for Philosophy,,no_match,Deezer seed after identity check
queue-skipped-seed:wikipedia_south_asia,artist-missing-deezer-no-albums,Talat Siddiqui,,no_match,Deezer seed after identity check
queue-skipped-seed:wikipedia_korea,artist-missing-not-on-deezer,김태극,,no_match,Deezer seed after identity check
queue-skipped-seed:wikipedia_japan,artist-missing-on-deezer,Eiko Hiraiwa,,no_match,Deezer seed after identity check
queue-skipped-seed:wikipedia_japan,artist-missing-on-deezer,ROM-4,,no_match,Deezer seed after identity check
queue-skipped-seed:wikipedia_south_asia,artist-missing-on-deezer,Zubaida Khanum,,no_match,Deezer seed after identity check
queue-skipped-seed:wikipedia_south_asia,artist-missing-on-deezer,Runa Laila,,needs_review,Deezer seed after identity check
queue-skipped-seed:wikipedia_korea,artist-missing-on-deezer,신건,,needs_review,Deezer seed after identity check
queue-skipped-seed:wikipedia_south_asia,artist-missing-deezer-no-albums,Karnail Singh Paras,,no_match,Deezer seed after identity check
queue-skipped-seed:wikipedia_korea,artist-missing-on-deezer,희승연,,no_match,Deezer seed after identity check
queue-skipped-seed:wikipedia_korea,artist-missing-not-on-deezer,정진형,,no_match,Deezer seed after identity check
queue-skipped-seed:wikipedia_africa,artist-missing-not-on-deezer,Sparqlyn,,no_match,Deezer seed after identity check
queue-skipped-seed:wikipedia_korea,artist-missing-not-on-deezer,임세경,,no_match,Deezer seed after identity check
queue-skipped-seed:wikipedia_korea,artist-missing-not-on-deezer,나서라,,no_match,Deezer seed after identity check
queue-skipped-seed:wikipedia_south_asia,artist-missing-on-deezer,Fariha Pervez,,needs_review,Deezer seed after identity check
queue-skipped-seed:wikipedia_korea,artist-missing-not-on-deezer,이상화,,no_match,Deezer seed after identity check
queue-skipped-seed:wikipedia_korea,artist-missing-on-deezer,설화,,no_match,Deezer seed after identity check
queue-skipped-seed:wikipedia_korea,artist-missing-deezer-no-albums,장종택,,no_match,Deezer seed after identity check
queue-skipped-seed:wikipedia_korea,artist-missing-on-deezer,손정수,,no_match,Deezer seed after identity check
queue-skipped-seed:wikipedia_korea,artist-missing-not-on-deezer,찬오,,no_match,Deezer seed after identity check
queue-skipped-seed:wikipedia_korea,artist-missing-on-deezer,김송,,no_match,Deezer seed after identity check
queue-skipped-seed:wikipedia_korea,artist-missing-on-deezer,고나겸,,no_match,Deezer seed after identity check
queue-skipped-seed:wikipedia_greater_china,artist-missing-on-deezer,Jace Chan,,needs_review,Deezer seed after identity check
queue-skipped-seed:wikipedia_japan,artist-missing-not-on-deezer,Haruka Kudō,,no_match,Deezer seed after identity check
queue-skipped-seed:wikipedia_south_asia,artist-missing-not-on-deezer,Seshu KMR Ponnapalli,,no_match,Deezer seed after identity check
queue-skipped-seed:wikipedia_japan,artist-missing-not-on-deezer,Sae Miyazawa,,no_match,Deezer seed after identity check
queue-skipped-seed:wikipedia_latin,artist-missing-on-deezer,Linda Bandry,,no_match,Deezer seed after identity check
queue-skipped-seed:wikipedia_greater_china,artist-missing-on-deezer,Hana Kuk,,no_match,Deezer seed after identity check
queue-skipped-seed:wikipedia_sea,artist-missing-deezer-no-albums,Charin Nantanakorn,,no_match,Deezer seed after identity check
queue-skipped-seed:wikipedia_sea,artist-missing-not-on-deezer,Ronnadet Wongsaroj,,no_match,Deezer seed after identity check
queue-skipped-seed:wikipedia_korea,artist-missing-on-deezer,길은정,,no_match,Deezer seed after identity check
queue-skipped-seed:wikipedia_korea,artist-missing-not-on-deezer,임찬영,,no_match,Deezer seed after identity check
queue-skipped-seed:wikipedia_korea,artist-missing-on-deezer,다빈,,no_match,Deezer seed after identity check
queue-skipped-seed:wikipedia_japan,artist-missing-not-on-deezer,Megumi Okina,,no_match,Deezer seed after identity check
queue-skipped-seed:wikipedia_korea,artist-missing-not-on-deezer,박차은,,no_match,Deezer seed after identity check
queue-skipped-seed:wikipedia_korea,artist-missing-on-deezer,늘해랑,,no_match,Deezer seed after identity check
queue-skipped-seed:wikipedia_japan,artist-missing-not-on-deezer,Musubu Funaki,,no_match,Deezer seed after identity check
queue-skipped-seed:wikipedia_south_asia,artist-missing-on-deezer,Shiv Kumar Batalvi,,no_match,Deezer seed after identity check
queue-skipped-seed:wikipedia_korea,artist-missing-not-on-deezer,이지혁,,no_match,Deezer seed after identity check
queue-skipped-seed:wikipedia_japan,artist-missing-not-on-deezer,Yuko Anai,,no_match,Deezer seed after identity check
queue-skipped-seed:wikipedia_japan,artist-missing-on-deezer,Yukari Miyake,,no_match,Deezer seed after identity check
queue-skipped-seed:wikipedia_korea,artist-missing-not-on-deezer,아담,,no_match,Deezer seed after identity check
queue-skipped-seed:wikipedia_korea,artist-missing-deezer-no-albums,이고움,,no_match,Deezer seed after identity check
queue-skipped-seed:wikipedia_korea,artist-missing-not-on-deezer,박연경,,no_match,Deezer seed after identity check
queue-skipped-seed:wikipedia_japan,artist-missing-not-on-deezer,Arisa Nakajima,,no_match,Deezer seed after identity check
queue-skipped-seed:wikipedia_korea,artist-missing-not-on-deezer,오픈다드림,,no_match,Deezer seed after identity check
queue-skipped-seed:wikipedia_japan,artist-missing-not-on-deezer,Hitomi Sekine,,no_match,Deezer seed after identity check
queue-skipped-seed:wikipedia_africa,artist-missing-not-on-deezer,List of South African Grammy Award winners and nominees,,no_match,Deezer seed after identity check
queue-skipped-seed:wikipedia_korea,artist-missing-on-deezer,윤선희,,no_match,Deezer seed after identity check
queue-skipped-seed:wikipedia_south_asia,artist-missing-deezer-no-albums,Asha Posley,,no_match,Deezer seed after identity check
queue-skipped-seed:wikipedia_japan,artist-missing-not-on-deezer,Haruna Iikubo,,no_match,Deezer seed after identity check
queue-skipped-seed:wikipedia_korea,artist-missing-not-on-deezer,윤동진,,no_match,Deezer seed after identity check
queue-skipped-seed:wikipedia_korea,artist-missing-on-deezer,황인숙,,no_match,Deezer seed after identity check
queue-skipped-seed:wikipedia_korea,artist-missing-deezer-no-albums,선우혜경,,no_match,Deezer seed after identity check
queue-skipped-seed:wikipedia_greater_china,artist-missing-not-on-deezer,Connie Mak Kit-man,,no_match,Deezer seed after identity check
queue-skipped-seed:wikipedia_korea,artist-missing-not-on-deezer,떠그보이,,no_match,Deezer seed after identity check
queue-skipped-seed:wikipedia_korea,artist-missing-on-deezer,송별이,,no_match,Deezer seed after identity check
queue-skipped-seed:wikipedia_korea,artist-missing-deezer-no-albums,신아린,,no_match,Deezer seed after identity check
queue-skipped-seed:wikipedia_south_asia,artist-missing-on-deezer,Noor Jehan,,needs_review,Deezer seed after identity check
queue-skipped-seed:wikipedia_africa,artist-missing-on-deezer,Pop Young,,no_match,Deezer seed after identity check
queue-skipped-seed:wikipedia_greater_china,artist-missing-on-deezer,Wilfred Lau,,needs_review,Deezer seed after identity check
queue-skipped-seed:wikipedia_south_asia,artist-missing-on-deezer,Zoe Viccaji,,needs_review,Deezer seed after identity check
queue-skipped-seed:wikipedia_korea,artist-missing-not-on-deezer,그레이스 신,,no_match,Deezer seed after identity check
queue-skipped-seed:wikipedia_south_asia,artist-missing-on-deezer,Khursheed Bano,,no_match,Deezer seed after identity check
queue-skipped-seed:wikipedia_korea,artist-missing-not-on-deezer,김경진,,no_match,Deezer seed after identity check
queue-skipped-seed:wikipedia_korea,artist-missing-not-on-deezer,이윤수,,no_match,Deezer seed after identity check
queue-skipped-seed:wikipedia_japan,artist-missing-not-on-deezer,Hitomi Saito,,no_match,Deezer seed after identity check
queue-skipped-seed:wikipedia_korea,artist-missing-not-on-deezer,김태정,,no_match,Deezer seed after identity check
queue-skipped-seed:wikipedia_korea,artist-missing-on-deezer,버블디아,,no_match,Deezer seed after identity check
queue-skipped-seed:wikipedia_greater_china,artist-missing-not-on-deezer,Gao Qi,,no_match,Deezer seed after identity check
queue-skipped-seed:wikipedia_korea,artist-missing-not-on-deezer,히어로인시티,,no_match,Deezer seed after identity check
queue-skipped-seed:wikipedia_south_asia,artist-missing-on-deezer,Jazzy B,,needs_review,Deezer seed after identity check
queue-skipped-seed:wikipedia_south_asia,artist-missing-on-deezer,Suraiya Multanikar,,no_match,Deezer seed after identity check
queue-skipped-seed:wikipedia_greater_china,artist-missing-not-on-deezer,Wu Yi,,needs_review,Deezer seed after identity check
queue-skipped-seed:wikipedia_korea,artist-missing-deezer-no-albums,포이,,no_match,Deezer seed after identity check
queue-skipped-seed:wikipedia_africa,artist-missing-not-on-deezer,Kolade Dominate,,no_match,Deezer seed after identity check
queue-skipped-seed:wikipedia_korea,artist-missing-not-on-deezer,문원,,no_match,Deezer seed after identity check
queue-skipped-seed:wikipedia_korea,artist-missing-not-on-deezer,여니엘,,no_match,Deezer seed after identity check
queue-skipped-seed:wikipedia_sea,artist-missing-not-on-deezer,Praput Pimpama,,no_match,Deezer seed after identity check
queue-skipped-seed:wikipedia_japan,artist-missing-deezer-no-albums,Mai Aizawa,,no_match,Deezer seed after identity check
queue-skipped-seed:wikipedia_south_asia,artist-missing-on-deezer,Annie Khalid,,needs_review,Deezer seed after identity check
queue-skipped-seed:wikipedia_korea,artist-missing-not-on-deezer,태버,,no_match,Deezer seed after identity check
queue-skipped-seed:wikipedia_greater_china,artist-missing-not-on-deezer,Charles Ying,,no_match,Deezer seed after identity check
queue-skipped-seed:wikipedia_korea,artist-missing-not-on-deezer,로즈마일,,no_match,Deezer seed after identity check
queue-skipped-seed:wikipedia_korea,artist-missing-deezer-no-albums,황혜영,,no_match,Deezer seed after identity check
queue-skipped-seed:wikipedia_korea,artist-missing-not-on-deezer,안희정,,no_match,Deezer seed after identity check
queue-skipped-seed:wikipedia_europe_world,artist-missing-deezer-no-albums,Denise Darcel,,no_match,Deezer seed after identity check
queue-skipped-seed:wikipedia_south_asia,artist-missing-on-deezer,Ajay Srivastava,,no_match,Deezer seed after identity check
queue-skipped-seed:wikipedia_korea,artist-missing-on-deezer,로건,,no_match,Deezer seed after identity check
queue-skipped-seed:wikipedia_korea,artist-missing-deezer-no-albums,오솔미,,no_match,Deezer seed after identity check
queue-skipped-seed:wikipedia_greater_china,artist-missing-not-on-deezer,Lee Kwok Cheung,,no_match,Deezer seed after identity check
queue-skipped-seed:wikipedia_korea,artist-missing-not-on-deezer,달짜,,no_match,Deezer seed after identity check
queue-skipped-seed:wikipedia_korea,artist-missing-on-deezer,임예송,,no_match,Deezer seed after identity check
queue-skipped-seed:wikipedia_greater_china,artist-missing-on-deezer,Kelly Chen,,needs_review,Deezer seed after identity check
queue-skipped-seed:wikipedia_korea,artist-missing-deezer-no-albums,기탁,,no_match,Deezer seed after identity check
queue-skipped-seed:wikipedia_korea,artist-missing-not-on-deezer,지서련,,no_match,Deezer seed after identity check
queue-skipped-seed:wikipedia_japan,artist-missing-on-deezer,Kamiyado,,no_match,Deezer seed after identity check
queue-skipped-seed:wikipedia_korea,artist-missing-not-on-deezer,영잔디스,,no_match,Deezer seed after identity check
queue-skipped-seed:wikipedia_korea,artist-missing-deezer-no-albums,달다,,no_match,Deezer seed after identity check
queue-skipped-seed:wikipedia_korea,artist-missing-not-on-deezer,텐도,,no_match,Deezer seed after identity check
queue-skipped-seed:wikipedia_south_asia,artist-missing-on-deezer,Malika Pukhraj,,needs_review,Deezer seed after identity check
queue-skipped-seed:wikipedia_korea,artist-missing-not-on-deezer,다니엘 지칼,,no_match,Deezer seed after identity check
queue-skipped-seed:wikipedia_korea,artist-missing-not-on-deezer,박필규,,no_match,Deezer seed after identity check
queue-skipped-seed:wikipedia_korea,artist-missing-deezer-no-albums,지샤넬,,no_match,Deezer seed after identity check
queue-skipped-seed:wikipedia_korea,artist-missing-not-on-deezer,이그루,,no_match,Deezer seed after identity check
queue-skipped-seed:wikipedia_japan,artist-missing-not-on-deezer,Yuria Kizaki,,no_match,Deezer seed after identity check
queue-skipped-seed:wikipedia_japan,artist-missing-on-deezer,Hikaru Koyama,,no_match,Deezer seed after identity check
queue-skipped-seed:wikipedia_korea,artist-missing-not-on-deezer,이희두,,no_match,Deezer seed after identity check
queue-skipped-seed:wikipedia_japan,artist-missing-on-deezer,Youki Kudoh,,no_match,Deezer seed after identity check
queue-skipped-seed:wikipedia_korea,artist-missing-not-on-deezer,MC호조,,no_match,Deezer seed after identity check
queue-skipped-seed:wikipedia_korea,artist-missing-not-on-deezer,김영관,,no_match,Deezer seed after identity check
queue-skipped-seed:wikipedia_greater_china,artist-missing-not-on-deezer,Robert Lee Jun-fai,,no_match,Deezer seed after identity check
queue-skipped-seed:wikipedia_korea,artist-missing-not-on-deezer,윤손하,,no_match,Deezer seed after identity check
queue-skipped-seed:wikipedia_korea,artist-missing-on-deezer,최전설,,no_match,Deezer seed after identity check
queue-skipped-seed:wikipedia_south_asia,artist-missing-on-deezer,Haroon,,needs_review,Deezer seed after identity check
queue-skipped-seed:wikipedia_korea,artist-missing-deezer-no-albums,릴호동,,no_match,Deezer seed after identity check
queue-skipped-seed:wikipedia_japan,artist-missing-not-on-deezer,Ayaka Fujimoto,,no_match,Deezer seed after identity check
queue-skipped-seed:wikipedia_greater_china,artist-missing-on-deezer,Ella Koon,,needs_review,Deezer seed after identity check
queue-skipped-seed:wikipedia_japan,artist-missing-deezer-no-albums,Miyu Takeuchi,,no_match,Deezer seed after identity check
queue-skipped-seed:wikipedia_japan,artist-missing-on-deezer,Baroque,,needs_review,Deezer seed after identity check
queue-skipped-seed:wikipedia_south_asia,artist-missing-on-deezer,Hadiqa Kiani,,needs_review,Deezer seed after identity check
queue-skipped-seed:wikipedia_greater_china,artist-missing-not-on-deezer,Nie Yuan,,no_match,Deezer seed after identity check
queue-skipped-seed:wikipedia_korea,artist-missing-not-on-deezer,스팍,,no_match,Deezer seed after identity check
queue-skipped-seed:wikipedia_greater_china,artist-missing-not-on-deezer,Joel Chan,,no_match,Deezer seed after identity check
queue-skipped-seed:wikipedia_africa,artist-missing-on-deezer,Dead Peepol,,no_match,Deezer seed after identity check
queue-skipped-seed:wikipedia_south_asia,artist-missing-on-deezer,Roshan Ara Begum,,no_match,Deezer seed after identity check
queue-skipped-seed:wikipedia_japan,artist-missing-deezer-no-albums,Rino Sashihara,,no_match,Deezer seed after identity check
queue-skipped-seed:wikipedia_korea,artist-missing-not-on-deezer,성우리,,no_match,Deezer seed after identity check
queue-skipped-seed:wikipedia_korea,artist-missing-on-deezer,선유선,,no_match,Deezer seed after identity check
queue-skipped-seed:wikipedia_greater_china,artist-missing-not-on-deezer,Mimi Lo,,needs_review,Deezer seed after identity check
queue-skipped-seed:wikipedia_sea,artist-missing-not-on-deezer,Milin Watinthanakit,,no_match,Deezer seed after identity check
queue-skipped-seed:wikipedia_latin,artist-missing-on-deezer,Carmenza Duque,,no_match,Deezer seed after identity check
queue-skipped-seed:wikipedia_korea,artist-missing-deezer-no-albums,에피텐드,,no_match,Deezer seed after identity check
queue-skipped-seed:wikipedia_japan,artist-missing-not-on-deezer,Toraji Haiji,,no_match,Deezer seed after identity check
queue-skipped-seed:wikipedia_korea,artist-missing-not-on-deezer,몽글,,no_match,Deezer seed after identity check
queue-skipped-seed:wikipedia_korea,artist-missing-not-on-deezer,이시온,,no_match,Deezer seed after identity check
queue-skipped-seed:wikipedia_korea,artist-missing-deezer-no-albums,송우진,,no_match,Deezer seed after identity check
queue-skipped-seed:wikipedia_japan,artist-missing-not-on-deezer,Juria Kawakami,,no_match,Deezer seed after identity check
queue-skipped-seed:wikipedia_japan,artist-missing-not-on-deezer,Hiroshi Uchiyamada and Cool Five,,no_match,Deezer seed after identity check
queue-skipped-seed:wikipedia_latin,artist-missing-not-on-deezer,Odalys García,,no_match,Deezer seed after identity check
queue-skipped-seed:wikipedia_korea,artist-missing-not-on-deezer,전유림,,no_match,Deezer seed after identity check
queue-skipped-seed:wikipedia_korea,artist-missing-not-on-deezer,정은주,,no_match,Deezer seed after identity check
queue-skipped-seed:wikipedia_korea,artist-missing-not-on-deezer,오승하,,no_match,Deezer seed after identity check
queue-skipped-seed:wikipedia_japan,artist-missing-on-deezer,Junko Akimoto,,no_match,Deezer seed after identity check
queue-skipped-seed:wikipedia_japan,artist-missing-not-on-deezer,Metal Brothers,,no_match,Deezer seed after identity check
queue-skipped-seed:wikipedia_south_asia,artist-missing-on-deezer,V. S. Narasimhan,,no_match,Deezer seed after identity check
queue-skipped-seed:wikipedia_latin,artist-missing-on-deezer,Tito Mora,,no_match,Deezer seed after identity check
queue-skipped-seed:wikipedia_korea,artist-missing-deezer-no-albums,윤이섭,,no_match,Deezer seed after identity check
queue-skipped-seed:wikipedia_korea,artist-missing-not-on-deezer,홍경아,,no_match,Deezer seed after identity check
queue-skipped-seed:wikipedia_korea,artist-missing-not-on-deezer,DJ 조이,,no_match,Deezer seed after identity check
queue-skipped-seed:wikipedia_korea,artist-missing-on-deezer,수경이,,no_match,Deezer seed after identity check
queue-skipped-seed:wikipedia_korea,artist-missing-not-on-deezer,미모,,no_match,Deezer seed after identity check
queue-skipped-seed:wikipedia_korea,artist-missing-on-deezer,권민제,,no_match,Deezer seed after identity check
queue-skipped-seed:wikipedia_europe_world,artist-missing-on-deezer,Sébastien El Chato,,no_match,Deezer seed after identity check
queue-skipped-seed:wikipedia_latin,artist-missing-not-on-deezer,Tony Cortes,,no_match,Deezer seed after identity check
queue-skipped-seed:wikipedia_japan,artist-missing-on-deezer,Finger 5,,no_match,Deezer seed after identity check
queue-skipped-seed:wikipedia_korea,artist-missing-on-deezer,은유,,no_match,Deezer seed after identity check
queue-skipped-seed:wikipedia_korea,artist-missing-not-on-deezer,빛날사내,,no_match,Deezer seed after identity check
queue-skipped-seed:wikipedia_korea,artist-missing-on-deezer,한태현,,no_match,Deezer seed after identity check
queue-skipped-seed:wikipedia_korea,artist-missing-on-deezer,민진,,no_match,Deezer seed after identity check
queue-skipped-seed:wikipedia_korea,artist-missing-not-on-deezer,폴카이트,,no_match,Deezer seed after identity check
queue-skipped-seed:wikipedia_sea,artist-missing-not-on-deezer,Mintita Wattanakul,,no_match,Deezer seed after identity check
queue-skipped-seed:wikipedia_greater_china,artist-missing-not-on-deezer,Liu Yijun,,needs_review,Deezer seed after identity check
queue-skipped-seed:wikipedia_sea,artist-missing-not-on-deezer,Zee Asadel,,no_match,Deezer seed after identity check
queue-skipped-seed:wikipedia_korea,artist-missing-not-on-deezer,윤서령,,no_match,Deezer seed after identity check
queue-skipped-seed:wikipedia_korea,artist-missing-not-on-deezer,지다 비,,no_match,Deezer seed after identity check
queue-skipped-seed:wikipedia_greater_china,artist-missing-not-on-deezer,Ken Choi,,needs_review,Deezer seed after identity check
queue-skipped-seed:wikipedia_greater_china,artist-missing-not-on-deezer,Yanny Chan,,needs_review,Deezer seed after identity check
queue-skipped-seed:wikipedia_korea,artist-missing-not-on-deezer,김진오,,no_match,Deezer seed after identity check
queue-skipped-seed:wikipedia_greater_china,artist-missing-not-on-deezer,Deep Ng,,needs_review,Deezer seed after identity check
queue-skipped-seed:wikipedia_korea,artist-missing-not-on-deezer,곡두,,no_match,Deezer seed after identity check
queue-skipped-seed:wikipedia_south_asia,artist-missing-on-deezer,Waris Baig,,needs_review,Deezer seed after identity check
queue-skipped-seed:wikipedia_japan,artist-missing-on-deezer,Ayumi Shibata,,no_match,Deezer seed after identity check
queue-skipped-seed:wikipedia_korea,artist-missing-not-on-deezer,서지오,,no_match,Deezer seed after identity check
queue-skipped-seed:wikipedia_greater_china,artist-missing-deezer-no-albums,Bondy Chiu,,no_match,Deezer seed after identity check
queue-skipped-seed:wikipedia_greater_china,artist-missing-not-on-deezer,James Ng,,no_match,Deezer seed after identity check
queue-skipped-seed:wikipedia_western_canon,artist-missing-not-on-deezer,DeBarge family,,no_match,Deezer seed after identity check
queue-skipped-seed:wikipedia_korea,artist-missing-on-deezer,최세월,,no_match,Deezer seed after identity check
queue-skipped-seed:wikipedia_korea,artist-missing-on-deezer,효동,,no_match,Deezer seed after identity check
queue-skipped-seed:wikipedia_sea,artist-missing-not-on-deezer,Davika Hoorne,,no_match,Deezer seed after identity check
queue-skipped-seed:wikipedia_korea,artist-missing-deezer-no-albums,더 브릭,,no_match,Deezer seed after identity check
queue-skipped-seed:wikipedia_korea,artist-missing-not-on-deezer,차다빈,,no_match,Deezer seed after identity check
queue-skipped-seed:wikipedia_japan,artist-missing-not-on-deezer,Haruka Kodama,,no_match,Deezer seed after identity check
queue-skipped-seed:wikipedia_japan,artist-missing-not-on-deezer,Airi Tanigawa,,no_match,Deezer seed after identity check
queue-skipped-seed:wikipedia_sea,artist-missing-on-deezer,Gloria Jessica,,no_match,Deezer seed after identity check
queue-skipped-seed:wikipedia_korea,artist-missing-not-on-deezer,김준휘,,no_match,Deezer seed after identity check
queue-skipped-seed:wikipedia_korea,artist-missing-not-on-deezer,윤영신,,no_match,Deezer seed after identity check
queue-skipped-seed:wikipedia_korea,artist-missing-not-on-deezer,정해준,,no_match,Deezer seed after identity check
queue-skipped-seed:wikipedia_greater_china,artist-missing-deezer-no-albums,Silence Wang,,needs_review,Deezer seed after identity check
queue-skipped-seed:wikipedia_south_asia,artist-missing-on-deezer,Jassi Lailpuria,,no_match,Deezer seed after identity check
queue-skipped-seed:wikipedia_korea,artist-missing-not-on-deezer,유이란,,no_match,Deezer seed after identity check
queue-skipped-seed:wikipedia_korea,artist-missing-not-on-deezer,장치은,,no_match,Deezer seed after identity check
queue-skipped-seed:wikipedia_south_asia,artist-missing-on-deezer,Sajjad Ali,,needs_review,Deezer seed after identity check
queue-skipped-seed:wikipedia_korea,artist-missing-not-on-deezer,미스터붐박스,,no_match,Deezer seed after identity check
queue-skipped-seed:wikipedia_latin,artist-missing-deezer-no-albums,Nella Rojas,,no_match,Deezer seed after identity check
queue-skipped-seed:wikipedia_korea,artist-missing-not-on-deezer,박소빈,,no_match,Deezer seed after identity check
queue-skipped-seed:wikipedia_korea,artist-missing-not-on-deezer,박윤수,,no_match,Deezer seed after identity check
queue-skipped-seed:wikipedia_korea,artist-missing-not-on-deezer,프레이포,,no_match,Deezer seed after identity check
queue-skipped-seed:wikipedia_japan,artist-missing-on-deezer,Saki Fukuda,,no_match,Deezer seed after identity check
queue-skipped-seed:wikipedia_south_asia,artist-missing-on-deezer,Irfan Khan,,needs_review,Deezer seed after identity check
queue-skipped-seed:wikipedia_korea,artist-missing-not-on-deezer,최현빈,,no_match,Deezer seed after identity check
queue-skipped-seed:wikipedia_greater_china,artist-missing-on-deezer,Phil Lam,,needs_review,Deezer seed after identity check
queue-skipped-seed:wikipedia_western_canon,artist-missing-not-on-deezer,Bud Wendell,,no_match,Deezer seed after identity check
queue-skipped-seed:wikipedia_japan,artist-missing-on-deezer,Hikari Shiina,,no_match,Deezer seed after identity check
queue-skipped-seed:wikipedia_japan,artist-missing-not-on-deezer,Jinsei Blues / Seishun Night,,no_match,Deezer seed after identity check
queue-skipped-seed:wikipedia_japan,artist-missing-not-on-deezer,Les Mauvais Garçonnes,,no_match,Deezer seed after identity check
queue-skipped-seed:wikipedia_greater_china,artist-missing-not-on-deezer,Ken Hung,,needs_review,Deezer seed after identity check
queue-skipped-seed:wikipedia_south_asia,artist-missing-on-deezer,Sanam Marvi,,needs_review,Deezer seed after identity check
queue-skipped-seed:wikipedia_japan,artist-missing-not-on-deezer,Lapis Re:Lights,,no_match,Deezer seed after identity check
queue-skipped-seed:wikipedia_western_canon,artist-missing-not-on-deezer,Lists of Atlantic Records artists,,no_match,Deezer seed after identity check
queue-skipped-seed:wikipedia_japan,artist-missing-not-on-deezer,Hirakawachi Itchōme,,no_match,Deezer seed after identity check
queue-skipped-seed:wikipedia_korea,artist-missing-not-on-deezer,리다시티,,no_match,Deezer seed after identity check
queue-skipped-seed:wikipedia_south_asia,artist-missing-not-on-deezer,Mohammad Aizaz Sohail,,no_match,Deezer seed after identity check
queue-skipped-seed:wikipedia_korea,artist-missing-deezer-no-albums,표준,,no_match,Deezer seed after identity check
queue-skipped-seed:wikipedia_korea,artist-missing-not-on-deezer,이주천,,no_match,Deezer seed after identity check
queue-skipped-seed:wikipedia_korea,artist-missing-not-on-deezer,노래하는 하람,,no_match,Deezer seed after identity check
queue-skipped-seed:wikipedia_korea,artist-missing-not-on-deezer,박탐희,,no_match,Deezer seed after identity check
queue-skipped-seed:wikipedia_korea,artist-missing-not-on-deezer,전기호,,no_match,Deezer seed after identity check
queue-skipped-seed:wikipedia_korea,artist-missing-not-on-deezer,김예은,,no_match,Deezer seed after identity check
queue-skipped-seed:wikipedia_korea,artist-missing-not-on-deezer,류정운,,no_match,Deezer seed after identity check
queue-skipped-seed:wikipedia_korea,artist-missing-not-on-deezer,전남친,,no_match,Deezer seed after identity check
queue-skipped-seed:wikipedia_korea,artist-missing-on-deezer,양지,,no_match,Deezer seed after identity check
queue-skipped-seed:wikipedia_japan,artist-missing-deezer-no-albums,Nami Kurokawa,,no_match,Deezer seed after identity check
queue-skipped-seed:wikipedia_japan,artist-missing-on-deezer,Kisida Kyodan & The Akebosi Rockets,,no_match,Deezer seed after identity check
queue-skipped-seed:wikipedia_japan,artist-missing-not-on-deezer,Chica Sato,,no_match,Deezer seed after identity check
queue-skipped-seed:wikipedia_south_asia,artist-missing-not-on-deezer,Sofia Bano,,no_match,Deezer seed after identity check
queue-skipped-seed:wikipedia_latin,artist-missing-not-on-deezer,José Mangual Sr.,,no_match,Deezer seed after identity check
queue-skipped-seed:wikipedia_japan,artist-missing-not-on-deezer,Taki Saito,,no_match,Deezer seed after identity check
queue-skipped-seed:wikipedia_korea,artist-missing-not-on-deezer,권소영,,no_match,Deezer seed after identity check
queue-skipped-seed:wikipedia_latin,artist-missing-not-on-deezer,Alejandro Aramburú,,no_match,Deezer seed after identity check
queue-skipped-seed:wikipedia_korea,artist-missing-not-on-deezer,김유행,,no_match,Deezer seed after identity check
queue-skipped-seed:wikipedia_korea,artist-missing-not-on-deezer,비솝,,no_match,Deezer seed after identity check
queue-skipped-seed:wikipedia_korea,artist-missing-not-on-deezer,예아라,,no_match,Deezer seed after identity check
queue-skipped-seed:wikipedia_japan,artist-missing-not-on-deezer,Aina Kusuda,,no_match,Deezer seed after identity check
queue-skipped-seed:wikipedia_korea,artist-missing-not-on-deezer,김성녀,,no_match,Deezer seed after identity check
queue-skipped-seed:wikipedia_latin,artist-missing-on-deezer,Javier Monthiel,,no_match,Deezer seed after identity check
queue-skipped-seed:wikipedia_japan,artist-missing-deezer-no-albums,Reiko Chiba,,no_match,Deezer seed after identity check
queue-skipped-seed:wikipedia_south_asia,artist-missing-not-on-deezer,Vishwanath Jadhav,,no_match,Deezer seed after identity check
queue-skipped-seed:wikipedia_europe_world,artist-missing-on-deezer,Rafaëlle Cohen,,no_match,Deezer seed after identity check
queue-skipped-seed:wikipedia_korea,artist-missing-not-on-deezer,씨제이,,no_match,Deezer seed after identity check
queue-skipped-seed:wikipedia_japan,artist-missing-not-on-deezer,Tsukasa Fujimoto,,no_match,Deezer seed after identity check
queue-skipped-seed:wikipedia_korea,artist-missing-not-on-deezer,박홍주,,no_match,Deezer seed after identity check
queue-skipped-seed:wikipedia_sea,artist-missing-not-on-deezer,Chaleumpol Tikumpornteerawong,,no_match,Deezer seed after identity check
queue-skipped-seed:wikipedia_south_asia,artist-missing-on-deezer,Nazir Begum,,no_match,Deezer seed after identity check
queue-skipped-seed:wikipedia_japan,artist-missing-on-deezer,Kurumi Enomoto,,no_match,Deezer seed after identity check
queue-skipped-seed:wikipedia_korea,artist-missing-not-on-deezer,송상은,,no_match,Deezer seed after identity check
queue-skipped-seed:wikipedia_korea,artist-missing-on-deezer,사오리,,no_match,Deezer seed after identity check
queue-skipped-seed:wikipedia_greater_china,artist-missing-on-deezer,Theresa Fu,,needs_review,Deezer seed after identity check
queue-skipped-seed:wikipedia_greater_china,artist-missing-not-on-deezer,Zhou Keyu,,no_match,Deezer seed after identity check
queue-skipped-seed:wikipedia_korea,artist-missing-not-on-deezer,피사,,no_match,Deezer seed after identity check
queue-skipped-seed:wikipedia_japan,artist-missing-deezer-no-albums,Maria,,needs_review,Deezer seed after identity check
queue-skipped-seed:wikipedia_greater_china,artist-missing-not-on-deezer,Wan Kwong,,needs_review,Deezer seed after identity check
queue-skipped-seed:wikipedia_greater_china,artist-missing-on-deezer,Jason Chen,,needs_review,Deezer seed after identity check
queue-skipped-seed:wikipedia_africa,artist-missing-on-deezer,Prince Bright,,no_match,Deezer seed after identity check
queue-skipped-seed:wikipedia_korea,artist-missing-not-on-deezer,녕인,,no_match,Deezer seed after identity check
queue-skipped-seed:wikipedia_japan,artist-missing-not-on-deezer,Junko Asahina,,no_match,Deezer seed after identity check
queue-skipped-seed:wikipedia_korea,artist-missing-not-on-deezer,김은주,,no_match,Deezer seed after identity check
queue-skipped-seed:wikipedia_sea,artist-missing-deezer-no-albums,Putri Ayu Silaen,,no_match,Deezer seed after identity check
queue-skipped-seed:wikipedia_korea,artist-missing-not-on-deezer,니모,,no_match,Deezer seed after identity check
queue-skipped-seed:wikipedia_africa,artist-missing-on-deezer,Gaise Baba,,no_match,Deezer seed after identity check
queue-skipped-seed:wikipedia_korea,artist-missing-on-deezer,나애심,,no_match,Deezer seed after identity check
queue-skipped-seed:seed,artist-missing-not-on-deezer,Song Chang Shik,,no_match,Deezer seed after identity check
queue-skipped-seed:wikipedia_south_asia,artist-missing-on-deezer,Junaid Jamshed,,needs_review,Deezer seed after identity check
queue-skipped-seed:wikipedia_korea,artist-missing-not-on-deezer,이문규,,no_match,Deezer seed after identity check
queue-skipped-seed:wikipedia_korea,artist-missing-not-on-deezer,카진,,no_match,Deezer seed after identity check
queue-skipped-seed:wikipedia_korea,artist-missing-not-on-deezer,프리시,,no_match,Deezer seed after identity check
queue-skipped-seed:wikipedia_korea,artist-missing-on-deezer,소냐,,no_match,Deezer seed after identity check
queue-skipped-seed:wikipedia_africa,artist-missing-on-deezer,Sexy Steel,,no_match,Deezer seed after identity check
queue-skipped-seed:wikipedia_korea,artist-missing-deezer-no-albums,감초,,no_match,Deezer seed after identity check
queue-skipped-seed:wikipedia_japan,artist-missing-on-deezer,Aya Emori,,no_match,Deezer seed after identity check
queue-skipped-seed:wikipedia_korea,artist-missing-not-on-deezer,정서경,,no_match,Deezer seed after identity check
queue-skipped-seed:wikipedia_korea,artist-missing-not-on-deezer,성남혜,,no_match,Deezer seed after identity check
queue-skipped-seed:wikipedia_sea,artist-missing-not-on-deezer,Suni Hạ Linh,,no_match,Deezer seed after identity check
queue-skipped-seed:wikipedia_korea,artist-missing-on-deezer,손심심,,no_match,Deezer seed after identity check
queue-skipped-seed:wikipedia_korea,artist-missing-not-on-deezer,김창운,,no_match,Deezer seed after identity check
queue-skipped-seed:wikipedia_korea,artist-missing-not-on-deezer,임혜성,,no_match,Deezer seed after identity check
queue-skipped-seed:wikipedia_korea,artist-missing-on-deezer,조상재,,no_match,Deezer seed after identity check
queue-skipped-seed:wikipedia_sea,artist-missing-on-deezer,Debby Nasution,,no_match,Deezer seed after identity check
queue-skipped-seed:wikipedia_japan,artist-missing-not-on-deezer,Nina Tamaki,,no_match,Deezer seed after identity check
queue-skipped-seed:wikipedia_korea,artist-missing-not-on-deezer,오예리,,no_match,Deezer seed after identity check
queue-skipped-seed:wikipedia_korea,artist-missing-on-deezer,우디,,needs_review,Deezer seed after identity check
queue-skipped-seed:wikipedia_greater_china,artist-missing-on-deezer,Alex Fong,,needs_review,Deezer seed after identity check
queue-skipped-seed:wikipedia_korea,artist-missing-not-on-deezer,정무룡,,no_match,Deezer seed after identity check
queue-skipped-seed:wikipedia_sea,artist-missing-on-deezer,Nia Zulkarnaen,,no_match,Deezer seed after identity check
queue-skipped-seed:wikipedia_korea,artist-missing-not-on-deezer,신초이,,no_match,Deezer seed after identity check
queue-skipped-seed:wikipedia_south_asia,artist-missing-not-on-deezer,Fakhar-e-Alam,,needs_review,Deezer seed after identity check
queue-skipped-seed:wikipedia_japan,artist-missing-on-deezer,Ebisu Muscats,,no_match,Deezer seed after identity check
queue-skipped-seed:wikipedia_korea,artist-missing-on-deezer,신재혁,,no_match,Deezer seed after identity check
queue-skipped-seed:wikipedia_greater_china,artist-missing-not-on-deezer,Ruco Chan,,no_match,Deezer seed after identity check
queue-skipped-seed:wikipedia_korea,artist-missing-not-on-deezer,아이스펍,,no_match,Deezer seed after identity check
queue-skipped-seed:wikipedia_korea,artist-missing-not-on-deezer,강중훈,,no_match,Deezer seed after identity check
queue-skipped-seed:wikipedia_japan,artist-missing-not-on-deezer,Busaiku,,no_match,Deezer seed after identity check
queue-skipped-seed:wikipedia_japan,artist-missing-on-deezer,Akane Kumada,,no_match,Deezer seed after identity check
queue-skipped-seed:wikipedia_greater_china,artist-missing-deezer-no-albums,Josephine Siao,,needs_review,Deezer seed after identity check
queue-skipped-seed:wikipedia_korea,artist-missing-not-on-deezer,브루노 챔프맨,,no_match,Deezer seed after identity check
queue-skipped-seed:wikipedia_japan,artist-missing-not-on-deezer,Mako Morino,,no_match,Deezer seed after identity check
queue-skipped-seed:wikipedia_korea,artist-missing-not-on-deezer,아란 케이,,no_match,Deezer seed after identity check
queue-skipped-seed:wikipedia_korea,artist-missing-on-deezer,제린,,no_match,Deezer seed after identity check
queue-skipped-seed:wikipedia_korea,artist-missing-on-deezer,허규,,no_match,Deezer seed after identity check
queue-skipped-seed:wikipedia_europe_world,artist-missing-not-on-deezer,Louis Mélennec,,no_match,Deezer seed after identity check
queue-skipped-seed:wikipedia_europe_world,artist-missing-not-on-deezer,Hélène Robert-Mazel,,no_match,Deezer seed after identity check
queue-skipped-seed:wikipedia_europe_world,artist-missing-not-on-deezer,Liz Bonnin,,no_match,Deezer seed after identity check
queue-skipped-seed:wikipedia_south_asia,artist-missing-deezer-no-albums,Zarina Begum,,no_match,Deezer seed after identity check
queue-skipped-seed:wikipedia_korea,artist-missing-not-on-deezer,맥나인,,no_match,Deezer seed after identity check
queue-skipped-seed:wikipedia_japan,artist-missing-not-on-deezer,Suzuka Morita,,no_match,Deezer seed after identity check
queue-skipped-seed:wikipedia_korea,artist-missing-not-on-deezer,빅 스터프,,no_match,Deezer seed after identity check
queue-skipped-seed:wikipedia_sea,artist-missing-not-on-deezer,Suppakarn Jirachotikul,,no_match,Deezer seed after identity check
queue-skipped-seed:wikipedia_korea,artist-missing-not-on-deezer,도현아,,no_match,Deezer seed after identity check
queue-skipped-seed:wikipedia_south_asia,artist-missing-on-deezer,Amanat Ali,,needs_review,Deezer seed after identity check
queue-skipped-seed:wikipedia_africa,artist-missing-deezer-no-albums,Gibo Pearson,,no_match,Deezer seed after identity check
queue-skipped-seed:wikipedia_greater_china,artist-missing-on-deezer,Steven Ma,,needs_review,Deezer seed after identity check
queue-skipped-seed:wikipedia_japan,artist-missing-not-on-deezer,Erika Sawajiri,,no_match,Deezer seed after identity check
queue-skipped-seed:wikipedia_korea,artist-missing-not-on-deezer,객우맨,,no_match,Deezer seed after identity check
queue-skipped-seed:wikipedia_greater_china,artist-missing-not-on-deezer,Hou Muren,,needs_review,Deezer seed after identity check
queue-skipped-seed:wikipedia_korea,artist-missing-not-on-deezer,김일진,,needs_review,Deezer seed after identity check
queue-skipped-seed:wikipedia_korea,artist-missing-deezer-no-albums,티코,,no_match,Deezer seed after identity check
queue-skipped-seed:wikipedia_japan,artist-missing-deezer-no-albums,Akari Harashima,,no_match,Deezer seed after identity check
queue-skipped-seed:wikipedia_greater_china,artist-missing-not-on-deezer,Zuoxiao Zuzhou,,needs_review,Deezer seed after identity check
queue-skipped-seed:wikipedia_korea,artist-missing-not-on-deezer,규혁,,no_match,Deezer seed after identity check
queue-skipped-seed:wikipedia_korea,artist-missing-not-on-deezer,니후,,no_match,Deezer seed after identity check
queue-skipped-seed:wikipedia_korea,artist-missing-on-deezer,박전구,,no_match,Deezer seed after identity check
queue-skipped-seed:wikipedia_korea,artist-missing-not-on-deezer,알피큐,,no_match,Deezer seed after identity check
queue-skipped-seed:wikipedia_south_asia,artist-missing-on-deezer,Kajjan Begum,,no_match,Deezer seed after identity check
queue-skipped-seed:wikipedia_sea,artist-missing-not-on-deezer,Auttapon Prakopkong,,no_match,Deezer seed after identity check
queue-skipped-seed:wikipedia_japan,artist-missing-not-on-deezer,Ryoko Maekawa,,no_match,Deezer seed after identity check
queue-skipped-seed:wikipedia_europe_world,artist-missing-not-on-deezer,Constance Nantier-Didiée,,no_match,Deezer seed after identity check
queue-skipped-seed:wikipedia_korea,artist-missing-deezer-no-albums,서미성,,no_match,Deezer seed after identity check
queue-skipped-seed:wikipedia_korea,artist-missing-not-on-deezer,이태환,,no_match,Deezer seed after identity check
queue-skipped-seed:wikipedia_sea,artist-missing-on-deezer,Lily Junaedhy,,no_match,Deezer seed after identity check
queue-skipped-seed:wikipedia_korea,artist-missing-not-on-deezer,우현우,,no_match,Deezer seed after identity check
queue-skipped-seed:wikipedia_africa,artist-missing-on-deezer,Echezonachukwu Nduka,,no_match,Deezer seed after identity check
queue-skipped-seed:wikipedia_sea,artist-missing-on-deezer,Jack – J97,,no_match,Deezer seed after identity check
queue-skipped-seed:wikipedia_korea,artist-missing-on-deezer,이탁,,no_match,Deezer seed after identity check
queue-skipped-seed:wikipedia_korea,artist-missing-not-on-deezer,김재혁,,no_match,Deezer seed after identity check
queue-skipped-seed:wikipedia_greater_china,artist-missing-on-deezer,Dadawa,,no_match,Deezer seed after identity check
queue-skipped-seed:wikipedia_sea,artist-missing-not-on-deezer,Poomsuwan Suwansatit,,no_match,Deezer seed after identity check
queue-skipped-seed:wikipedia_europe_world,artist-missing-not-on-deezer,Emmanuel Dupaty,,no_match,Deezer seed after identity check
queue-skipped-seed:wikipedia_korea,artist-missing-not-on-deezer,최주은,,no_match,Deezer seed after identity check
queue-skipped-seed:wikipedia_korea,artist-missing-on-deezer,오창미,,no_match,Deezer seed after identity check
queue-skipped-seed:wikipedia_korea,artist-missing-deezer-no-albums,송민도,,no_match,Deezer seed after identity check
queue-skipped-seed:wikipedia_latin,artist-missing-on-deezer,Israel Tanenbaum,,no_match,Deezer seed after identity check
queue-skipped-seed:wikipedia_greater_china,artist-missing-not-on-deezer,Jerome Xavier DuBois,,no_match,Deezer seed after identity check
queue-skipped-seed:wikipedia_greater_china,artist-missing-not-on-deezer,Pauline Lan,,no_match,Deezer seed after identity check
queue-skipped-seed:wikipedia_korea,artist-missing-on-deezer,나예원,,no_match,Deezer seed after identity check
queue-skipped-seed:wikipedia_greater_china,artist-missing-not-on-deezer,Su Miaoling,,needs_review,Deezer seed after identity check
queue-skipped-seed:wikipedia_japan,artist-missing-not-on-deezer,Denver Taiko,,no_match,Deezer seed after identity check
queue-skipped-seed:wikipedia_korea,artist-missing-deezer-no-albums,김브라이언,,no_match,Deezer seed after identity check
queue-skipped-seed:wikipedia_sea,artist-missing-not-on-deezer,Vonthongchai Intarawat,,no_match,Deezer seed after identity check
queue-skipped-seed:wikipedia_korea,artist-missing-not-on-deezer,최병호,,no_match,Deezer seed after identity check
queue-skipped-seed:wikipedia_korea,artist-missing-not-on-deezer,김사은,,no_match,Deezer seed after identity check
queue-skipped-seed:wikipedia_korea,artist-missing-not-on-deezer,야누,,no_match,Deezer seed after identity check
queue-skipped-seed:wikipedia_korea,artist-missing-not-on-deezer,낸시,,no_match,Deezer seed after identity check
queue-skipped-seed:wikipedia_korea,artist-missing-not-on-deezer,김민채,,no_match,Deezer seed after identity check
queue-skipped-seed:wikipedia_sea,artist-missing-on-deezer,Oza Kioza,,no_match,Deezer seed after identity check
queue-skipped-seed:wikipedia_greater_china,artist-missing-on-deezer,Kayan9896,,needs_review,Deezer seed after identity check
queue-skipped-seed:wikipedia_japan,artist-missing-not-on-deezer,Manami Oku,,no_match,Deezer seed after identity check
queue-skipped-seed:wikipedia_korea,artist-missing-on-deezer,홍정희,,no_match,Deezer seed after identity check
queue-skipped-seed:wikipedia_korea,artist-missing-not-on-deezer,노로베인,,no_match,Deezer seed after identity check
queue-skipped-seed:wikipedia_sea,artist-missing-not-on-deezer,Itkron Pungkiatrussamee,,no_match,Deezer seed after identity check
queue-skipped-seed:wikipedia_japan,artist-missing-not-on-deezer,The Margarines,,no_match,Deezer seed after identity check
queue-skipped-seed:listenbrainz,artist-missing-not-on-deezer,[traditional],,refusing,Deezer seed after identity check
queue-skipped-seed:wikipedia_africa,artist-missing-on-deezer,Testimony Jaga,,no_match,Deezer seed after identity check
queue-skipped-seed:wikipedia_sea,artist-missing-not-on-deezer,Chalongrat Novsamrong,,no_match,Deezer seed after identity check
queue-skipped-seed:wikipedia_korea,artist-missing-not-on-deezer,코히,,needs_review,Deezer seed after identity check
queue-skipped-seed:wikipedia_sea,artist-missing-not-on-deezer,Morgan Oey,,no_match,Deezer seed after identity check
queue-skipped-seed:wikipedia_western_canon,artist-missing-deezer-no-albums,Art Satherley,,no_match,Deezer seed after identity check
queue-skipped-seed:wikipedia_korea,artist-missing-not-on-deezer,류시아,,no_match,Deezer seed after identity check
queue-skipped-seed:wikipedia_europe_world,artist-missing-on-deezer,Raissa Kelly,,no_match,Deezer seed after identity check
queue-skipped-seed:wikipedia_korea,artist-missing-on-deezer,나운도,,no_match,Deezer seed after identity check
queue-skipped-seed:wikipedia_korea,artist-missing-not-on-deezer,빅맨,,no_match,Deezer seed after identity check
queue-skipped-seed:wikipedia_greater_china,artist-missing-on-deezer,Jessie Chung,,no_match,Deezer seed after identity check
queue-skipped-seed:wikipedia_korea,artist-missing-deezer-no-albums,백진,,no_match,Deezer seed after identity check
queue-skipped-seed:wikipedia_korea,artist-missing-not-on-deezer,박경림,,no_match,Deezer seed after identity check
queue-skipped-seed:wikipedia_korea,artist-missing-not-on-deezer,정경미,,no_match,Deezer seed after identity check
queue-skipped-seed:wikipedia_korea,artist-missing-not-on-deezer,체리보이17,,no_match,Deezer seed after identity check
queue-skipped-seed:wikipedia_korea,artist-missing-not-on-deezer,김대산,,no_match,Deezer seed after identity check
queue-skipped-seed:wikipedia_korea,artist-missing-not-on-deezer,김수아,,no_match,Deezer seed after identity check
queue-skipped-seed:wikipedia_korea,artist-missing-not-on-deezer,이채비,,no_match,Deezer seed after identity check
queue-skipped-seed:wikipedia_korea,artist-missing-on-deezer,오선,,no_match,Deezer seed after identity check
queue-skipped-seed:wikipedia_greater_china,artist-missing-on-deezer,Michael Tse,,no_match,Deezer seed after identity check
queue-skipped-seed:wikipedia_korea,artist-missing-not-on-deezer,김재선,,no_match,Deezer seed after identity check
queue-skipped-seed:wikipedia_japan,artist-missing-not-on-deezer,Tomoko Kanazawa,,no_match,Deezer seed after identity check
queue-skipped-seed:wikipedia_korea,artist-missing-not-on-deezer,조주현,,no_match,Deezer seed after identity check
queue-skipped-seed:wikipedia_korea,artist-missing-not-on-deezer,김토봉,,no_match,Deezer seed after identity check
queue-skipped-seed:wikipedia_korea,artist-missing-on-deezer,현서,,no_match,Deezer seed after identity check
queue-skipped-seed:wikipedia_japan,artist-missing-on-deezer,Yukie Nakama,,no_match,Deezer seed after identity check
queue-skipped-seed:wikipedia_europe_world,artist-missing-not-on-deezer,Robert-Guillaume Casadesus,,no_match,Deezer seed after identity check
queue-skipped-seed:wikipedia_korea,artist-missing-not-on-deezer,오아희,,no_match,Deezer seed after identity check
queue-skipped-seed:wikipedia_korea,artist-missing-on-deezer,구수경,,no_match,Deezer seed after identity check
queue-skipped-seed:wikipedia_korea,artist-missing-not-on-deezer,송효정,,no_match,Deezer seed after identity check
queue-skipped-seed:wikipedia_japan,artist-missing-not-on-deezer,Rika Nakai,,no_match,Deezer seed after identity check
queue-skipped-seed:wikipedia_korea,artist-missing-not-on-deezer,키카플로,,no_match,Deezer seed after identity check
queue-skipped-seed:wikipedia_korea,artist-missing-not-on-deezer,김하나,,no_match,Deezer seed after identity check
queue-skipped-seed:wikipedia_western_canon,artist-missing-not-on-deezer,Frances W. Preston,,no_match,Deezer seed after identity check
queue-skipped-seed:wikipedia_korea,artist-missing-deezer-no-albums,권오현,,no_match,Deezer seed after identity check
queue-skipped-seed:wikipedia_korea,artist-missing-not-on-deezer,오웰무드,,no_match,Deezer seed after identity check
queue-skipped-seed:wikipedia_sea,artist-missing-not-on-deezer,Marie Eugenie Le Lay,,no_match,Deezer seed after identity check
queue-skipped-seed:wikipedia_korea,artist-missing-not-on-deezer,강세원,,no_match,Deezer seed after identity check
queue-skipped-seed:wikipedia_korea,artist-missing-not-on-deezer,김경아,,no_match,Deezer seed after identity check
queue-skipped-seed:wikipedia_korea,artist-missing-not-on-deezer,메아리,,no_match,Deezer seed after identity check
queue-skipped-seed:wikipedia_korea,artist-missing-not-on-deezer,안선하,,no_match,Deezer seed after identity check
queue-skipped-seed:wikipedia_korea,artist-missing-not-on-deezer,강현우,,no_match,Deezer seed after identity check
queue-skipped-seed:wikipedia_japan,artist-missing-on-deezer,Ice Creamusume,,needs_review,Deezer seed after identity check
queue-skipped-seed:wikipedia_greater_china,artist-missing-on-deezer,Fang Wen-lin,,no_match,Deezer seed after identity check
queue-skipped-seed:wikipedia_korea,artist-missing-on-deezer,민선e,,no_match,Deezer seed after identity check
queue-skipped-seed:wikipedia_south_asia,artist-missing-on-deezer,Sadaat Shafqat Amanat,,no_match,Deezer seed after identity check
queue-skipped-seed:wikipedia_korea,artist-missing-not-on-deezer,유리아,,no_match,Deezer seed after identity check
queue-skipped-seed:wikipedia_south_asia,artist-missing-on-deezer,Abhijit Majumdar,,no_match,Deezer seed after identity check
queue-skipped-seed:wikipedia_south_asia,artist-missing-on-deezer,Devika Chawla,,no_match,Deezer seed after identity check
queue-skipped-seed:wikipedia_korea,artist-missing-not-on-deezer,한음,,no_match,Deezer seed after identity check
queue-skipped-seed:wikipedia_south_asia,artist-missing-on-deezer,Naseem Begum,,needs_review,Deezer seed after identity check
queue-skipped-seed:wikipedia_korea,artist-missing-not-on-deezer,다비,,no_match,Deezer seed after identity check
queue-skipped-seed:wikipedia_japan,artist-missing-not-on-deezer,Rei Ōzono,,no_match,Deezer seed after identity check
queue-skipped-seed:wikipedia_africa,artist-missing-not-on-deezer,Sibs Shongwe-La Mer,,no_match,Deezer seed after identity check
queue-skipped-seed:wikipedia_japan,artist-missing-not-on-deezer,Danceroid,,no_match,Deezer seed after identity check
queue-skipped-seed:wikipedia_korea,artist-missing-not-on-deezer,진독,,no_match,Deezer seed after identity check
queue-skipped-seed:wikipedia_korea,artist-missing-not-on-deezer,염정미,,no_match,Deezer seed after identity check
queue-skipped-seed:wikipedia_japan,artist-missing-not-on-deezer,Yuma Nakayama w/B.I.Shadow,,no_match,Deezer seed after identity check
queue-skipped-seed:wikipedia_sea,artist-missing-not-on-deezer,Saran Sirilak,,no_match,Deezer seed after identity check
queue-skipped-seed:wikipedia_korea,artist-missing-not-on-deezer,마정미,,no_match,Deezer seed after identity check
queue-skipped-seed:wikipedia_africa,artist-missing-on-deezer,1ucid,,no_match,Deezer seed after identity check
queue-skipped-seed:wikipedia_korea,artist-missing-not-on-deezer,서민아,,no_match,Deezer seed after identity check
queue-skipped-seed:wikipedia_japan,artist-missing-not-on-deezer,Ultra Girl,,no_match,Deezer seed after identity check
queue-skipped-seed:wikipedia_korea,artist-missing-on-deezer,최양숙,,no_match,Deezer seed after identity check
queue-skipped-seed:wikipedia_korea,artist-missing-on-deezer,모건,,no_match,Deezer seed after identity check
queue-skipped-seed:wikipedia_korea,artist-missing-on-deezer,윤인환,,no_match,Deezer seed after identity check
queue-skipped-seed:wikipedia_korea,artist-missing-not-on-deezer,새빈,,no_match,Deezer seed after identity check
queue-skipped-seed:wikipedia_korea,artist-missing-not-on-deezer,설이랑,,no_match,Deezer seed after identity check
queue-skipped-seed:wikipedia_south_asia,artist-missing-not-on-deezer,Purshottam Das Jalota,,no_match,Deezer seed after identity check
queue-skipped-seed:wikipedia_japan,artist-missing-not-on-deezer,Mikiyo Ōno,,no_match,Deezer seed after identity check
queue-skipped-seed:wikipedia_japan,artist-missing-not-on-deezer,Chisaki Morito,,no_match,Deezer seed after identity check
queue-skipped-seed:wikipedia_japan,artist-missing-on-deezer,Weather Girls,,needs_review,Deezer seed after identity check
queue-skipped-seed:wikipedia_korea,artist-missing-on-deezer,문서연,,no_match,Deezer seed after identity check
queue-skipped-seed:wikipedia_korea,artist-missing-not-on-deezer,제이웨이비,,no_match,Deezer seed after identity check
queue-skipped-seed:wikipedia_japan,artist-missing-deezer-no-albums,Miyuki Kanbe,,no_match,Deezer seed after identity check
queue-skipped-seed:wikipedia_africa,artist-missing-not-on-deezer,Welcome Duru,,no_match,Deezer seed after identity check
queue-skipped-seed:wikipedia_korea,artist-missing-not-on-deezer,권미,,no_match,Deezer seed after identity check
queue-skipped-seed:wikipedia_japan,artist-missing-on-deezer,Rice,,needs_review,Deezer seed after identity check
queue-skipped-seed:wikipedia_greater_china,artist-missing-on-deezer,Shirley Kwan,,needs_review,Deezer seed after identity check
queue-skipped-seed:wikipedia_korea,artist-missing-not-on-deezer,김윤설,,no_match,Deezer seed after identity check
queue-skipped-seed:wikipedia_korea,artist-missing-not-on-deezer,서동훈,,no_match,Deezer seed after identity check
queue-skipped-seed:wikipedia_korea,artist-missing-on-deezer,용호,,no_match,Deezer seed after identity check
queue-skipped-seed:wikipedia_greater_china,artist-missing-on-deezer,Paula Tsui,,needs_review,Deezer seed after identity check
queue-skipped-seed:wikipedia_greater_china,artist-missing-not-on-deezer,Brian Tse,,no_match,Deezer seed after identity check
queue-skipped-seed:wikipedia_greater_china,artist-missing-on-deezer,Hins Cheung,,needs_review,Deezer seed after identity check
queue-skipped-seed:wikipedia_south_asia,artist-missing-not-on-deezer,Bacha Zareen,,no_match,Deezer seed after identity check
queue-skipped-seed:wikipedia_japan,artist-missing-on-deezer,Osaka Performance Doll,,no_match,Deezer seed after identity check
queue-skipped-seed:wikipedia_korea,artist-missing-deezer-no-albums,처리,,no_match,Deezer seed after identity check
queue-skipped-seed:wikipedia_africa,artist-missing-not-on-deezer,Willie Anku,,no_match,Deezer seed after identity check
queue-skipped-seed:wikipedia_korea,artist-missing-not-on-deezer,유성찬,,no_match,Deezer seed after identity check
queue-skipped-seed:wikipedia_korea,artist-missing-on-deezer,백다은,,no_match,Deezer seed after identity check
queue-skipped-seed:wikipedia_japan,artist-missing-not-on-deezer,Sayuri Date,,no_match,Deezer seed after identity check
queue-skipped-seed:wikipedia_korea,artist-missing-not-on-deezer,유다은,,no_match,Deezer seed after identity check
queue-skipped-seed:wikipedia_japan,artist-missing-not-on-deezer,New Cinema Tokage,,no_match,Deezer seed after identity check
queue-skipped-seed:wikipedia_greater_china,artist-missing-not-on-deezer,Stephanie Shiao,,no_match,Deezer seed after identity check
queue-skipped-seed:wikipedia_korea,artist-missing-not-on-deezer,박희본,,no_match,Deezer seed after identity check
queue-skipped-seed:wikipedia_korea,artist-missing-not-on-deezer,조이온,,no_match,Deezer seed after identity check
queue-skipped-seed:wikipedia_korea,artist-missing-not-on-deezer,이지요,,no_match,Deezer seed after identity check
queue-skipped-seed:wikipedia_korea,artist-missing-not-on-deezer,혼담,,no_match,Deezer seed after identity check
queue-skipped-seed:wikipedia_japan,artist-missing-not-on-deezer,Asami Takano,,no_match,Deezer seed after identity check
queue-skipped-seed:wikipedia_korea,artist-missing-not-on-deezer,김정연,,no_match,Deezer seed after identity check
queue-skipped-seed:wikipedia_korea,artist-missing-not-on-deezer,왕해경,,no_match,Deezer seed after identity check
queue-skipped-seed:wikipedia_korea,artist-missing-not-on-deezer,클라라C,,no_match,Deezer seed after identity check
queue-skipped-seed:wikipedia_south_asia,artist-missing-on-deezer,Rajan Khosa,,no_match,Deezer seed after identity check
queue-skipped-seed:wikipedia_korea,artist-missing-not-on-deezer,신새봄,,no_match,Deezer seed after identity check
queue-skipped-seed:wikipedia_sea,artist-missing-not-on-deezer,Tanont Chumroen,,no_match,Deezer seed after identity check
queue-skipped-seed:wikipedia_korea,artist-missing-not-on-deezer,장선미,,no_match,Deezer seed after identity check
queue-skipped-seed:wikipedia_korea,artist-missing-not-on-deezer,오상아,,no_match,Deezer seed after identity check
queue-skipped-seed:wikipedia_greater_china,artist-missing-not-on-deezer,Kingone Wang,,no_match,Deezer seed after identity check
queue-skipped-seed:wikipedia_south_asia,artist-missing-on-deezer,Mannan Shaah,,no_match,Deezer seed after identity check
queue-skipped-seed:wikipedia_greater_china,artist-missing-on-deezer,Kary Ng,,needs_review,Deezer seed after identity check
queue-skipped-seed:wikipedia_greater_china,artist-missing-on-deezer,Sophy Wong,,no_match,Deezer seed after identity check
queue-skipped-seed:wikipedia_japan,artist-missing-not-on-deezer,Pink Babies,,no_match,Deezer seed after identity check
queue-skipped-seed:wikipedia_south_asia,artist-missing-on-deezer,Bilal Asif,,no_match,Deezer seed after identity check
queue-skipped-seed:wikipedia_korea,artist-missing-deezer-no-albums,홀리베어,,no_match,Deezer seed after identity check
queue-skipped-seed:wikipedia_korea,artist-missing-on-deezer,돕덕,,no_match,Deezer seed after identity check
queue-skipped-seed:wikipedia_greater_china,artist-missing-not-on-deezer,Race Wong,,no_match,Deezer seed after identity check
queue-skipped-seed:wikipedia_south_asia,artist-missing-on-deezer,Hidayatullah,,no_match,Deezer seed after identity check
queue-skipped-seed:wikipedia_japan,artist-missing-on-deezer,Paradox Live,,no_match,Deezer seed after identity check
queue-skipped-seed:wikipedia_korea,artist-missing-not-on-deezer,바이시오,,no_match,Deezer seed after identity check
queue-skipped-seed:wikipedia_korea,artist-missing-not-on-deezer,조철희,,no_match,Deezer seed after identity check
queue-skipped-seed:wikipedia_korea,artist-missing-not-on-deezer,애쉬,,no_match,Deezer seed after identity check
queue-skipped-seed:wikipedia_latin,artist-missing-on-deezer,MioSoty,,no_match,Deezer seed after identity check
queue-skipped-seed:wikipedia_korea,artist-missing-not-on-deezer,나히,,no_match,Deezer seed after identity check
queue-skipped-seed:wikipedia_korea,artist-missing-not-on-deezer,박정서,,no_match,Deezer seed after identity check
queue-skipped-seed:wikipedia_korea,artist-missing-not-on-deezer,연초아,,no_match,Deezer seed after identity check
queue-skipped-seed:wikipedia_sea,artist-missing-not-on-deezer,Chawarin Perdpiriyawong,,no_match,Deezer seed after identity check
queue-skipped-seed:wikipedia_africa,artist-missing-not-on-deezer,Bra Kevin Beats,,no_match,Deezer seed after identity check
queue-skipped-seed:wikipedia_korea,artist-missing-not-on-deezer,희소한,,no_match,Deezer seed after identity check
queue-skipped-seed:wikipedia_korea,artist-missing-not-on-deezer,댐데프,,no_match,Deezer seed after identity check
queue-skipped-seed:wikipedia_japan,artist-missing-on-deezer,Yuka Ozaki,,no_match,Deezer seed after identity check
queue-skipped-seed:wikipedia_japan,artist-missing-on-deezer,Root Five,,no_match,Deezer seed after identity check
queue-skipped-seed:wikipedia_western_canon,artist-missing-not-on-deezer,Connie B. Gay,,no_match,Deezer seed after identity check
queue-skipped-seed:wikipedia_africa,artist-missing-not-on-deezer,Tosin Igho,,no_match,Deezer seed after identity check
queue-skipped-seed:wikipedia_korea,artist-missing-deezer-no-albums,심다은,,no_match,Deezer seed after identity check
queue-skipped-seed:wikipedia_sea,artist-missing-not-on-deezer,Thanapon Aiemkumchai,,no_match,Deezer seed after identity check
queue-skipped-seed:wikipedia_japan,artist-missing-on-deezer,Maria Asahina,,no_match,Deezer seed after identity check
queue-skipped-seed:wikipedia_korea,artist-missing-not-on-deezer,정성우,,no_match,Deezer seed after identity check
queue-skipped-seed:wikipedia_korea,artist-missing-not-on-deezer,청춘다희,,no_match,Deezer seed after identity check
queue-skipped-seed:wikipedia_korea,artist-missing-deezer-no-albums,심연옥,,no_match,Deezer seed after identity check
queue-skipped-seed:wikipedia_korea,artist-missing-on-deezer,안다미,,no_match,Deezer seed after identity check
queue-skipped-seed:wikipedia_europe_world,artist-missing-on-deezer,Anna Azerli,,no_match,Deezer seed after identity check
queue-skipped-seed:wikipedia_korea,artist-missing-not-on-deezer,타미 양,,no_match,Deezer seed after identity check
queue-skipped-seed:wikipedia_greater_china,artist-missing-on-deezer,Teresa Carpio,,needs_review,Deezer seed after identity check
queue-skipped-seed:wikipedia_korea,artist-missing-not-on-deezer,탁애경,,no_match,Deezer seed after identity check
queue-skipped-seed:wikipedia_south_asia,artist-missing-on-deezer,Babu Rajab Ali,,no_match,Deezer seed after identity check
queue-skipped-seed:wikipedia_south_asia,artist-missing-on-deezer,Dia Chakravarty,,needs_review,Deezer seed after identity check
queue-skipped-seed:wikipedia_japan,artist-missing-not-on-deezer,Kanna Hashimoto,,no_match,Deezer seed after identity check
queue-skipped-seed:wikipedia_korea,artist-missing-not-on-deezer,손준용,,no_match,Deezer seed after identity check
queue-skipped-seed:wikipedia_korea,artist-missing-on-deezer,윤화재인,,no_match,Deezer seed after identity check
queue-skipped-seed:wikipedia_korea,artist-missing-not-on-deezer,김유하,,no_match,Deezer seed after identity check
queue-skipped-seed:wikipedia_korea,artist-missing-on-deezer,나제세,,no_match,Deezer seed after identity check
queue-skipped-seed:wikipedia_europe_world,artist-missing-not-on-deezer,Guillaume Belin,,no_match,Deezer seed after identity check
queue-skipped-seed:wikipedia_japan,artist-missing-not-on-deezer,Kitty GYM,,no_match,Deezer seed after identity check
queue-skipped-seed:wikipedia_korea,artist-missing-not-on-deezer,정철원,,no_match,Deezer seed after identity check
queue-skipped-seed:wikipedia_japan,artist-missing-on-deezer,Uki Satake,,no_match,Deezer seed after identity check
queue-skipped-seed:wikipedia_korea,artist-missing-on-deezer,우은미,,no_match,Deezer seed after identity check
queue-skipped-seed:wikipedia_japan,artist-missing-on-deezer,Riko Azuna,,no_match,Deezer seed after identity check
queue-skipped-seed:wikipedia_korea,artist-missing-not-on-deezer,은하수,,no_match,Deezer seed after identity check
queue-skipped-seed:wikipedia_korea,artist-missing-not-on-deezer,박하,,no_match,Deezer seed after identity check
queue-skipped-seed:wikipedia_korea,artist-missing-not-on-deezer,강준규,,no_match,Deezer seed after identity check
queue-skipped-seed:wikipedia_korea,artist-missing-not-on-deezer,로 볼프,,no_match,Deezer seed after identity check
queue-skipped-seed:wikipedia_korea,artist-missing-not-on-deezer,비조,,no_match,Deezer seed after identity check
queue-skipped-seed:wikipedia_korea,artist-missing-not-on-deezer,최용호,,no_match,Deezer seed after identity check
queue-skipped-seed:wikipedia_korea,artist-missing-on-deezer,진소유,,no_match,Deezer seed after identity check
queue-skipped-seed:wikipedia_korea,artist-missing-not-on-deezer,김용일,,no_match,Deezer seed after identity check
queue-skipped-seed:wikipedia_greater_china,artist-missing-on-deezer,Shiga Lin,,needs_review,Deezer seed after identity check
queue-skipped-seed:wikipedia_greater_china,artist-missing-on-deezer,Jason Chan,,needs_review,Deezer seed after identity check
queue-skipped-seed:wikipedia_africa,artist-missing-on-deezer,Josh Blakk,,no_match,Deezer seed after identity check
queue-skipped-seed:wikipedia_korea,artist-missing-deezer-no-albums,디바인,,no_match,Deezer seed after identity check
queue-skipped-seed:wikipedia_korea,artist-missing-on-deezer,리조슈아,,no_match,Deezer seed after identity check
queue-skipped-seed:wikipedia_korea,artist-missing-on-deezer,황명하,,no_match,Deezer seed after identity check
queue-skipped-seed:wikipedia_korea,artist-missing-deezer-no-albums,배아현,,no_match,Deezer seed after identity check
queue-skipped-seed:wikipedia_korea,artist-missing-not-on-deezer,라윤경,,no_match,Deezer seed after identity check
queue-skipped-seed:wikipedia_south_asia,artist-missing-on-deezer,Nighat Seema,,no_match,Deezer seed after identity check
queue-skipped-seed:wikipedia_korea,artist-missing-not-on-deezer,봄이,,no_match,Deezer seed after identity check
queue-skipped-seed:wikipedia_south_asia,artist-missing-on-deezer,HAVAS guruhi,,no_match,Deezer seed after identity check
queue-skipped-seed:wikipedia_korea,artist-missing-not-on-deezer,윤이지,,no_match,Deezer seed after identity check
queue-skipped-seed:wikipedia_south_asia,artist-missing-not-on-deezer,Iman Ali,,no_match,Deezer seed after identity check
queue-skipped-seed:wikipedia_japan,artist-missing-not-on-deezer,Rika Abe,,no_match,Deezer seed after identity check
queue-skipped-seed:wikipedia_japan,artist-missing-on-deezer,Enako,,no_match,Deezer seed after identity check
queue-skipped-seed:wikipedia_south_asia,artist-missing-on-deezer,Bilal Maqsood,,needs_review,Deezer seed after identity check
queue-skipped-seed:wikipedia_greater_china,artist-missing-not-on-deezer,Mike Tsang,,needs_review,Deezer seed after identity check
queue-skipped-seed:wikipedia_japan,artist-missing-not-on-deezer,Chiyo Ousaki,,no_match,Deezer seed after identity check
queue-skipped-seed:wikipedia_korea,artist-missing-not-on-deezer,제이유나,,no_match,Deezer seed after identity check
queue-skipped-seed:wikipedia_korea,artist-missing-not-on-deezer,박원미,,no_match,Deezer seed after identity check
queue-skipped-seed:wikipedia_korea,artist-missing-on-deezer,나미애,,no_match,Deezer seed after identity check
queue-skipped-seed:wikipedia_japan,artist-missing-on-deezer,Rika Tachibana,,no_match,Deezer seed after identity check
queue-skipped-seed:wikipedia_japan,artist-missing-on-deezer,Ayaka Nanase,,no_match,Deezer seed after identity check
queue-skipped-seed:wikipedia_korea,artist-missing-deezer-no-albums,정남도,,no_match,Deezer seed after identity check
queue-skipped-seed:wikipedia_sea,artist-missing-not-on-deezer,Thanaphum Sestasittikul,,no_match,Deezer seed after identity check
queue-skipped-seed:wikipedia_latin,artist-missing-not-on-deezer,Jobim Sinfônico,,no_match,Deezer seed after identity check
queue-skipped-seed:wikipedia_korea,artist-missing-not-on-deezer,강마음,,no_match,Deezer seed after identity check
queue-skipped-seed:wikipedia_korea,artist-missing-on-deezer,박하나,,no_match,Deezer seed after identity check
queue-skipped-seed:wikipedia_japan,artist-missing-not-on-deezer,Anna Suda,,no_match,Deezer seed after identity check
queue-skipped-seed:wikipedia_japan,artist-missing-not-on-deezer,Miku Ishida,,no_match,Deezer seed after identity check
queue-skipped-seed:wikipedia_greater_china,artist-missing-not-on-deezer,Rita Carpio,,no_match,Deezer seed after identity check
queue-skipped-seed:wikipedia_japan,artist-missing-not-on-deezer,Aurora Gonin Musume,,no_match,Deezer seed after identity check
queue-skipped-seed:wikipedia_korea,artist-missing-not-on-deezer,신소영,,no_match,Deezer seed after identity check
queue-skipped-seed:wikipedia_greater_china,artist-missing-on-deezer,Joey Yung,,needs_review,Deezer seed after identity check
queue-skipped-seed:wikipedia_japan,artist-missing-not-on-deezer,Mayumi Sada,,no_match,Deezer seed after identity check
queue-skipped-seed:wikipedia_europe_world,artist-missing-not-on-deezer,Daniela Anahí Bessia,,no_match,Deezer seed after identity check
queue-skipped-seed:wikipedia_korea,artist-missing-not-on-deezer,정만호,,no_match,Deezer seed after identity check
queue-skipped-seed:wikipedia_korea,artist-missing-not-on-deezer,영광,,no_match,Deezer seed after identity check
queue-skipped-seed:wikipedia_africa,artist-missing-not-on-deezer,Charles Bouguenon,,no_match,Deezer seed after identity check
queue-skipped-seed:wikipedia_sea,artist-missing-on-deezer,Nikita Willy,,no_match,Deezer seed after identity check
queue-skipped-seed:wikipedia_japan,artist-missing-not-on-deezer,Mai Oshima,,no_match,Deezer seed after identity check
queue-skipped-seed:wikipedia_greater_china,artist-missing-not-on-deezer,Myolie Wu,,needs_review,Deezer seed after identity check
queue-skipped-seed:wikipedia_korea,artist-missing-on-deezer,허민영,,no_match,Deezer seed after identity check
queue-skipped-seed:wikipedia_korea,artist-missing-on-deezer,한가락,,no_match,Deezer seed after identity check
queue-skipped-seed:wikipedia_south_asia,artist-missing-deezer-no-albums,Shiv Dayal Batish,,no_match,Deezer seed after identity check
queue-skipped-seed:wikipedia_africa,artist-missing-not-on-deezer,Matshediso Mholo,,no_match,Deezer seed after identity check
queue-skipped-seed:wikipedia_korea,artist-missing-not-on-deezer,나보름,,no_match,Deezer seed after identity check
queue-skipped-seed:wikipedia_korea,artist-missing-on-deezer,강은철,,no_match,Deezer seed after identity check
queue-skipped-seed:wikipedia_korea,artist-missing-not-on-deezer,남승희,,no_match,Deezer seed after identity check
queue-skipped-seed:wikipedia_south_asia,artist-missing-on-deezer,Dharma Vish,,no_match,Deezer seed after identity check
queue-skipped-seed:wikipedia_korea,artist-missing-on-deezer,정종숙,,no_match,Deezer seed after identity check
queue-skipped-seed:wikipedia_sea,artist-missing-not-on-deezer,Petch Osathanugrah,,no_match,Deezer seed after identity check
queue-skipped-seed:wikipedia_south_asia,artist-missing-on-deezer,Shahida Parveen,,needs_review,Deezer seed after identity check
queue-skipped-seed:wikipedia_greater_china,artist-missing-not-on-deezer,Nicky Wu,,no_match,Deezer seed after identity check
queue-skipped-seed:wikipedia_japan,artist-missing-deezer-no-albums,Sarah Midori Perry,,needs_review,Deezer seed after identity check
queue-skipped-seed:wikipedia_greater_china,artist-missing-on-deezer,Chao Chuan,,no_match,Deezer seed after identity check
queue-skipped-seed:wikipedia_south_asia,artist-missing-on-deezer,Champa Kalhari,,no_match,Deezer seed after identity check
queue-skipped-seed:wikipedia_korea,artist-missing-not-on-deezer,더 레이,,no_match,Deezer seed after identity check
queue-skipped-seed:wikipedia_korea,artist-missing-not-on-deezer,이서진,,no_match,Deezer seed after identity check
queue-skipped-seed:wikipedia_latin,artist-missing-on-deezer,Marjorie de Sousa,,no_match,Deezer seed after identity check
queue-skipped-seed:wikipedia_japan,artist-missing-on-deezer,Junko Kawada,,no_match,Deezer seed after identity check
queue-skipped-seed:wikipedia_south_asia,artist-missing-on-deezer,Shazia Manzoor,,needs_review,Deezer seed after identity check
queue-skipped-seed:wikipedia_korea,artist-missing-on-deezer,고정진,,no_match,Deezer seed after identity check
queue-skipped-seed:wikipedia_south_asia,artist-missing-not-on-deezer,Sarwat Ateeq,,no_match,Deezer seed after identity check
queue-skipped-seed:wikipedia_greater_china,artist-missing-on-deezer,Ocean Hai,,needs_review,Deezer seed after identity check
queue-skipped-seed:wikipedia_south_asia,artist-missing-on-deezer,Mohammed Ali Shehki,,no_match,Deezer seed after identity check
queue-skipped-seed:wikipedia_greater_china,artist-missing-not-on-deezer,Xu Xinwen,,no_match,Deezer seed after identity check
queue-skipped-seed:wikipedia_africa,artist-missing-not-on-deezer,Okailey Verse,,no_match,Deezer seed after identity check
queue-skipped-seed:wikipedia_japan,artist-missing-on-deezer,Atsuko Hiyajo,,no_match,Deezer seed after identity check
queue-skipped-seed:wikipedia_korea,artist-missing-on-deezer,홍예성,,no_match,Deezer seed after identity check
queue-skipped-seed:wikipedia_south_asia,artist-missing-not-on-deezer,Zil-e-Huma,,no_match,Deezer seed after identity check
queue-skipped-seed:wikipedia_africa,artist-missing-on-deezer,Dr Tumi,,no_match,Deezer seed after identity check
queue-skipped-seed:wikipedia_sea,artist-missing-not-on-deezer,Nam Cường,,no_match,Deezer seed after identity check
queue-skipped-seed:wikipedia_korea,artist-missing-not-on-deezer,제스티,,no_match,Deezer seed after identity check
queue-skipped-seed:wikipedia_greater_china,artist-missing-not-on-deezer,Seven Great Singing Stars,,no_match,Deezer seed after identity check
queue-skipped-seed:wikipedia_latin,artist-missing-not-on-deezer,List of reggaeton musicians,,no_match,Deezer seed after identity check
queue-skipped-seed:wikipedia_sea,artist-missing-not-on-deezer,Arunpong Chaiwinit,,no_match,Deezer seed after identity check
queue-skipped-seed:wikipedia_korea,artist-missing-on-deezer,재니,,no_match,Deezer seed after identity check
queue-skipped-seed:wikipedia_korea,artist-missing-deezer-no-albums,현소진,,no_match,Deezer seed after identity check
queue-skipped-seed:wikipedia_korea,artist-missing-not-on-deezer,빅페이스,,no_match,Deezer seed after identity check
queue-skipped-seed:wikipedia_japan,artist-missing-not-on-deezer,Hypnosis Mic: Division Rap Battle,,no_match,Deezer seed after identity check
queue-skipped-seed:wikipedia_korea,artist-missing-not-on-deezer,시카,,no_match,Deezer seed after identity check
queue-skipped-seed:wikipedia_japan,artist-missing-not-on-deezer,Sumire Matsubara,,no_match,Deezer seed after identity check
queue-skipped-seed:wikipedia_greater_china,artist-missing-on-deezer,Kris Wu,,needs_review,Deezer seed after identity check
queue-skipped-seed:wikipedia_greater_china,artist-missing-on-deezer,Jackie Chan,,needs_review,Deezer seed after identity check
queue-skipped-seed:wikipedia_korea,artist-missing-not-on-deezer,퀸비,,no_match,Deezer seed after identity check
queue-skipped-seed:wikipedia_greater_china,artist-missing-on-deezer,Lui Fong,,needs_review,Deezer seed after identity check
queue-skipped-seed:wikipedia_south_asia,artist-missing-on-deezer,Tehseen Javed,,no_match,Deezer seed after identity check
queue-skipped-seed:wikipedia_korea,artist-missing-not-on-deezer,보라나,,no_match,Deezer seed after identity check
queue-skipped-seed:wikipedia_japan,artist-missing-on-deezer,Naomi Kawashima,,no_match,Deezer seed after identity check
queue-skipped-seed:wikipedia_south_asia,artist-missing-on-deezer,Anupam Dutta,,no_match,Deezer seed after identity check
queue-skipped-seed:wikipedia_latin,artist-missing-not-on-deezer,Josué Pineda,,no_match,Deezer seed after identity check
queue-skipped-seed:wikipedia_greater_china,artist-missing-not-on-deezer,Chui Tien-you,,no_match,Deezer seed after identity check
queue-skipped-seed:wikipedia_europe_world,artist-missing-not-on-deezer,Mike Kogel,,no_match,Deezer seed after identity check
queue-skipped-seed:wikipedia_south_asia,artist-missing-on-deezer,Shree Pritam,,no_match,Deezer seed after identity check
queue-skipped-seed:wikipedia_western_canon,artist-missing-not-on-deezer,Grammy Lifetime Achievement Award,,no_match,Deezer seed after identity check
queue-skipped-seed:wikipedia_korea,artist-missing-not-on-deezer,사공윤,,no_match,Deezer seed after identity check
queue-skipped-seed:wikipedia_japan,artist-missing-on-deezer,Risa Junna,,no_match,Deezer seed after identity check
queue-skipped-seed:wikipedia_korea,artist-missing-not-on-deezer,보다,,no_match,Deezer seed after identity check
queue-skipped-seed:wikipedia_greater_china,artist-missing-not-on-deezer,Mickey He,,no_match,Deezer seed after identity check
queue-skipped-seed:wikipedia_greater_china,artist-missing-not-on-deezer,Zhao Zhiwei,,no_match,Deezer seed after identity check
queue-skipped-seed:wikipedia_korea,artist-missing-not-on-deezer,웻보이,,no_match,Deezer seed after identity check
queue-skipped-seed:wikipedia_japan,artist-missing-not-on-deezer,Megumi Murata,,no_match,Deezer seed after identity check
queue-skipped-seed:wikipedia_sea,artist-missing-on-deezer,Ming Bridges,,no_match,Deezer seed after identity check
queue-skipped-seed:wikipedia_south_asia,artist-missing-on-deezer,Aamir Zaki,,needs_review,Deezer seed after identity check
queue-skipped-seed:wikipedia_korea,artist-missing-not-on-deezer,보이원더,,no_match,Deezer seed after identity check
queue-skipped-seed:wikipedia_korea,artist-missing-not-on-deezer,김선실,,no_match,Deezer seed after identity check
queue-skipped-seed:wikipedia_korea,artist-missing-not-on-deezer,박한담,,no_match,Deezer seed after identity check
queue-skipped-seed:wikipedia_greater_china,artist-missing-on-deezer,Adam Cheng,,needs_review,Deezer seed after identity check
queue-skipped-seed:wikipedia_korea,artist-missing-on-deezer,황마로,,no_match,Deezer seed after identity check
queue-skipped-seed:wikipedia_korea,artist-missing-on-deezer,나겸,,no_match,Deezer seed after identity check
queue-skipped-seed:wikipedia_korea,artist-missing-not-on-deezer,키드킹,,no_match,Deezer seed after identity check
queue-skipped-seed:wikipedia_korea,artist-missing-not-on-deezer,김상월,,no_match,Deezer seed after identity check
queue-skipped-seed:wikipedia_south_asia,artist-missing-on-deezer,Rizwan Butt,,needs_review,Deezer seed after identity check
queue-skipped-seed:wikipedia_sea,artist-missing-on-deezer,Dinda Kirana,,no_match,Deezer seed after identity check
queue-skipped-seed:wikipedia_korea,artist-missing-not-on-deezer,노디자인,,no_match,Deezer seed after identity check
queue-skipped-seed:wikipedia_south_asia,artist-missing-on-deezer,Gaurav Sharma,,no_match,Deezer seed after identity check
queue-skipped-seed:wikipedia_japan,artist-missing-not-on-deezer,Miho Kanno,,no_match,Deezer seed after identity check
queue-skipped-seed:wikipedia_japan,artist-missing-on-deezer,Aice5,,no_match,Deezer seed after identity check
queue-skipped-seed:wikipedia_japan,artist-missing-not-on-deezer,Sara Takatsuki,,no_match,Deezer seed after identity check
queue-skipped-seed:wikipedia_korea,artist-missing-not-on-deezer,일렉트리시티,,no_match,Deezer seed after identity check
queue-skipped-seed:wikipedia_japan,artist-missing-on-deezer,Megumi Odaka,,no_match,Deezer seed after identity check
queue-skipped-seed:wikipedia_japan,artist-missing-not-on-deezer,Codomo Dragon,,no_match,Deezer seed after identity check
queue-skipped-seed:wikipedia_japan,artist-missing-not-on-deezer,Marina Kuroki,,no_match,Deezer seed after identity check
queue-skipped-seed:wikipedia_korea,artist-missing-not-on-deezer,하진우,,no_match,Deezer seed after identity check
queue-skipped-seed:wikipedia_japan,artist-missing-not-on-deezer,Tone Jewel,,no_match,Deezer seed after identity check
queue-skipped-seed:wikipedia_korea,artist-missing-not-on-deezer,가야송,,no_match,Deezer seed after identity check
queue-skipped-seed:wikipedia_japan,artist-missing-on-deezer,Nana Tanimura,,no_match,Deezer seed after identity check
queue-skipped-seed:wikipedia_korea,artist-missing-not-on-deezer,하성호,,no_match,Deezer seed after identity check
queue-skipped-seed:wikipedia_sea,artist-missing-not-on-deezer,Chayapak Tunprayoon,,no_match,Deezer seed after identity check
queue-skipped-seed:wikipedia_korea,artist-missing-not-on-deezer,코르 캐쉬,,no_match,Deezer seed after identity check
queue-skipped-seed:wikipedia_korea,artist-missing-not-on-deezer,유해모,,no_match,Deezer seed after identity check
queue-skipped-seed:wikipedia_greater_china,artist-missing-on-deezer,Lars Huang,,needs_review,Deezer seed after identity check
queue-skipped-seed:wikipedia_sea,artist-missing-not-on-deezer,Koraphat Lamnoi,,no_match,Deezer seed after identity check
queue-skipped-seed:wikipedia_korea,artist-missing-on-deezer,류인숙,,no_match,Deezer seed after identity check
queue-skipped-seed:wikipedia_greater_china,artist-missing-not-on-deezer,A-FÜ,,no_match,Deezer seed after identity check
queue-skipped-seed:wikipedia_korea,artist-missing-not-on-deezer,박헌룡,,no_match,Deezer seed after identity check
queue-skipped-seed:wikipedia_africa,artist-missing-on-deezer,Fredokiss,,no_match,Deezer seed after identity check
queue-skipped-seed:wikipedia_korea,artist-missing-not-on-deezer,윤영웅,,no_match,Deezer seed after identity check
queue-skipped-seed:wikipedia_korea,artist-missing-on-deezer,사라,,no_match,Deezer seed after identity check
queue-skipped-seed:wikipedia_korea,artist-missing-not-on-deezer,김미성,,no_match,Deezer seed after identity check
queue-skipped-seed:wikipedia_greater_china,artist-missing-not-on-deezer,Anson Lo,,needs_review,Deezer seed after identity check
queue-skipped-seed:wikipedia_japan,artist-missing-deezer-no-albums,Shion Miyawaki,,no_match,Deezer seed after identity check
queue-skipped-seed:wikipedia_korea,artist-missing-on-deezer,우연이,,no_match,Deezer seed after identity check
queue-skipped-seed:wikipedia_korea,artist-missing-not-on-deezer,박윤경,,no_match,Deezer seed after identity check
queue-skipped-seed:wikipedia_africa,artist-missing-on-deezer,Poco Lee,,no_match,Deezer seed after identity check
queue-skipped-seed:wikipedia_korea,artist-missing-on-deezer,최우선,,no_match,Deezer seed after identity check
queue-skipped-seed:wikipedia_japan,artist-missing-on-deezer,Eriko Imai,,no_match,Deezer seed after identity check
queue-skipped-seed:wikipedia_south_asia,artist-missing-not-on-deezer,Aaliyah Qureishi,,no_match,Deezer seed after identity check
queue-skipped-seed:wikipedia_western_canon,artist-missing-not-on-deezer,List of Universal Motown Republic artists,,no_match,Deezer seed after identity check
queue-skipped-seed:wikipedia_japan,artist-missing-not-on-deezer,Ryoha Kitagawa,,no_match,Deezer seed after identity check
queue-skipped-seed:wikipedia_korea,artist-missing-not-on-deezer,왕숙랑,,no_match,Deezer seed after identity check
queue-skipped-seed:wikipedia_korea,artist-missing-not-on-deezer,나슬기,,no_match,Deezer seed after identity check
queue-skipped-seed:wikipedia_korea,artist-missing-on-deezer,고승형,,no_match,Deezer seed after identity check
queue-skipped-seed:wikipedia_japan,artist-missing-not-on-deezer,Yuka Terasaki,,no_match,Deezer seed after identity check
queue-skipped-seed:wikipedia_sea,artist-missing-not-on-deezer,Myria Benedetti,,no_match,Deezer seed after identity check
queue-skipped-seed:wikipedia_greater_china,artist-missing-not-on-deezer,Austin Lin,,no_match,Deezer seed after identity check
queue-skipped-seed:wikipedia_greater_china,artist-missing-deezer-no-albums,Tam Ping-man,,no_match,Deezer seed after identity check
queue-skipped-seed:wikipedia_korea,artist-missing-not-on-deezer,도이현,,no_match,Deezer seed after identity check
queue-skipped-seed:wikipedia_korea,artist-missing-not-on-deezer,림킴,,no_match,Deezer seed after identity check
queue-skipped-seed:wikipedia_japan,artist-missing-not-on-deezer,Mariya Nagao,,no_match,Deezer seed after identity check
queue-skipped-seed:wikipedia_south_asia,artist-missing-on-deezer,Liora Itzhak,,needs_review,Deezer seed after identity check
queue-skipped-seed:wikipedia_japan,artist-missing-not-on-deezer,Aiko Asano,,no_match,Deezer seed after identity check
queue-skipped-seed:wikipedia_greater_china,artist-missing-on-deezer,Peter Ho,,needs_review,Deezer seed after identity check
queue-skipped-seed:wikipedia_greater_china,artist-missing-not-on-deezer,Vincent Chiao,,no_match,Deezer seed after identity check
queue-skipped-seed:wikipedia_greater_china,artist-missing-not-on-deezer,Mandy Chiang,,needs_review,Deezer seed after identity check
queue-skipped-seed:wikipedia_korea,artist-missing-not-on-deezer,훅스왈로,,no_match,Deezer seed after identity check
queue-skipped-seed:wikipedia_sea,artist-missing-on-deezer,Angga Yunanda,,no_match,Deezer seed after identity check
queue-skipped-seed:wikipedia_japan,artist-missing-on-deezer,Nanako Sato,,no_match,Deezer seed after identity check
queue-skipped-seed:wikipedia_korea,artist-missing-not-on-deezer,아도라,,no_match,Deezer seed after identity check
queue-skipped-seed:wikipedia_sea,artist-missing-not-on-deezer,Rosa Lesmana,,no_match,Deezer seed after identity check
queue-skipped-seed:wikipedia_greater_china,artist-missing-not-on-deezer,Yumiko Cheng,,needs_review,Deezer seed after identity check
queue-skipped-seed:wikipedia_korea,artist-missing-not-on-deezer,반규남,,no_match,Deezer seed after identity check
queue-skipped-seed:wikipedia_korea,artist-missing-not-on-deezer,오시안,,no_match,Deezer seed after identity check
queue-skipped-seed:wikipedia_western_canon,artist-missing-deezer-no-albums,Ralph Peterson Jr.,,no_match,Deezer seed after identity check
queue-skipped-seed:wikipedia_japan,artist-missing-not-on-deezer,Kazco Hamano,,no_match,Deezer seed after identity check
queue-skipped-seed:wikipedia_korea,artist-missing-on-deezer,그린그림,,no_match,Deezer seed after identity check
queue-skipped-seed:wikipedia_japan,artist-missing-on-deezer,Hitomi Harada,,no_match,Deezer seed after identity check
queue-skipped-seed:wikipedia_japan,artist-missing-not-on-deezer,Ayaka Miyoshi,,no_match,Deezer seed after identity check
queue-skipped-seed:wikipedia_korea,artist-missing-not-on-deezer,김보희,,no_match,Deezer seed after identity check
queue-skipped-seed:wikipedia_greater_china,artist-missing-not-on-deezer,Eric Kot,,needs_review,Deezer seed after identity check
queue-skipped-seed:wikipedia_korea,artist-missing-not-on-deezer,모재,,no_match,Deezer seed after identity check
queue-skipped-seed:wikipedia_japan,artist-missing-not-on-deezer,Hello Pro Kenshusei,,no_match,Deezer seed after identity check
queue-skipped-seed:wikipedia_japan,artist-missing-on-deezer,AB'S,,needs_review,Deezer seed after identity check
queue-skipped-seed:wikipedia_korea,artist-missing-not-on-deezer,김나윤,,no_match,Deezer seed after identity check
queue-skipped-seed:wikipedia_korea,artist-missing-not-on-deezer,댄디남,,no_match,Deezer seed after identity check
queue-skipped-seed:wikipedia_korea,artist-missing-not-on-deezer,스핀,,no_match,Deezer seed after identity check
queue-skipped-seed:wikipedia_africa,artist-missing-on-deezer,Beatz Vampire,,no_match,Deezer seed after identity check
queue-skipped-seed:wikipedia_korea,artist-missing-on-deezer,윤빛나라,,no_match,Deezer seed after identity check
queue-skipped-seed:wikipedia_japan,artist-missing-not-on-deezer,Ai Okawa,,no_match,Deezer seed after identity check
queue-skipped-seed:wikipedia_south_asia,artist-missing-on-deezer,Vijai Bulganin,,no_match,Deezer seed after identity check
queue-skipped-seed:wikipedia_japan,artist-missing-on-deezer,Modern Choki Chokies,,no_match,Deezer seed after identity check
queue-skipped-seed:wikipedia_korea,artist-missing-not-on-deezer,김재민,,no_match,Deezer seed after identity check
queue-skipped-seed:wikipedia_greater_china,artist-missing-on-deezer,Marcus Chang,,no_match,Deezer seed after identity check
queue-skipped-seed:wikipedia_japan,artist-missing-not-on-deezer,Natsumi Haruse,,no_match,Deezer seed after identity check
queue-skipped-seed:wikipedia_japan,artist-missing-on-deezer,Rina Sumioka,,no_match,Deezer seed after identity check
queue-skipped-seed:wikipedia_greater_china,artist-missing-on-deezer,Jacky Cheung,,needs_review,Deezer seed after identity check
queue-skipped-seed:wikipedia_korea,artist-missing-not-on-deezer,강찬휘,,no_match,Deezer seed after identity check
queue-skipped-seed:wikipedia_korea,artist-missing-not-on-deezer,황선아,,no_match,Deezer seed after identity check
queue-skipped-seed:wikipedia_europe_world,artist-missing-deezer-no-albums,Bruno Polius,,no_match,Deezer seed after identity check
queue-skipped-seed:wikipedia_korea,artist-missing-deezer-no-albums,오연서,,no_match,Deezer seed after identity check
queue-skipped-seed:wikipedia_greater_china,artist-missing-not-on-deezer,Ian Yi,,no_match,Deezer seed after identity check
queue-skipped-seed:wikipedia_japan,artist-missing-not-on-deezer,Mana Sakura,,no_match,Deezer seed after identity check
queue-skipped-seed:wikipedia_greater_china,artist-missing-not-on-deezer,Brian Hau,,no_match,Deezer seed after identity check
queue-skipped-seed:wikipedia_korea,artist-missing-deezer-no-albums,로니 추,,no_match,Deezer seed after identity check
discography:mb,artist-incomplete,Bruce Springsteen,Human Touch,album 1992-03-26 220de9c6-fa5f-39e3-ae89-1faf8a8bbc67,re-ingest artist
discography:mb,artist-incomplete,Bruce Springsteen,The Ghost of Tom Joad,album 1995-11-21 46ab3187-496d-3565-900e-57d89bacd22c,re-ingest artist
discography:mb,artist-incomplete,Bruce Springsteen,Letter to You,album 2020-10-23 48e335f3-8e4a-4e38-b2df-e1514b9f9126,re-ingest artist
discography:mb,artist-incomplete,Bruce Springsteen,Magic,album 2007-07-17 5af7998f-9b53-3ebb-8f09-ebfbca703a59,re-ingest artist
discography:mb,artist-incomplete,Bruce Springsteen,Working on a Dream,album 2008-12-03 9cec178a-f785-33c5-8888-63ba27efca4c,re-ingest artist
discography:mb,artist-incomplete,Bruce Springsteen,Western Stars,album 2019-05-20 c0ae827c-bb5b-4c98-ab3a-1d9573c110ac,re-ingest artist
discography:mb,artist-incomplete,Bruce Springsteen,Lucky Town,album 1992-03-26 c0e8b10a-9478-30ea-a299-90ab2b703ab0,re-ingest artist
discography:mb,artist-incomplete,Bruce Springsteen,Devils & Dust,album 2005-04-25 d5f992ab-6238-3b28-bf2b-7b16d913c9f6,re-ingest artist
discography:mb,artist-incomplete,Bruce Springsteen,"Only the Strong Survive: Covers, Vol. 1",album 2022-11-11 d6c1b942-edc7-4bca-bd34-6c43760272af,re-ingest artist
discography:mb,artist-incomplete,Bruce Springsteen,Wrecking Ball,album 2012-03-02 d875c2f0-27d5-4946-81f9-3ebaf6636ccd,re-ingest artist
discography:mb,artist-incomplete,Bruce Springsteen,High Hopes,album 2014-01-10 e9afb320-60f4-42b1-bc4d-49d7d2e49010,re-ingest artist
discography:mb,artist-incomplete,Bruce Springsteen,Lonesome Day,ep 2002-12-02 025f5d35-e806-4932-80c0-df1b383fb363,re-ingest artist
discography:mb,artist-incomplete,Bruce Springsteen,The Ghost of Tom Joad,ep 1995 12c899bb-ce8c-493f-823b-6814bb611e33,re-ingest artist
discography:mb,artist-incomplete,Bruce Springsteen,American Beauty,ep 2014-04-18 c1df8441-351f-437d-8156-e0f75e5812ff,re-ingest artist
discography:mb,artist-incomplete,Bruce Springsteen,Blood Brothers,ep 1996-03-03 c838e4a2-6617-32b8-9d7b-6c7babaa63a7,re-ingest artist
discography:mb,artist-incomplete,The Rolling Stones,A Bigger Bang,album 2005-06-09 6d1a87c3-9e11-36d8-8c41-3e11b974fde7,re-ingest artist
discography:mb,artist-incomplete,The Rolling Stones,Blue & Lonesome,album 2016-12-01 ab9b8aa8-d2bc-42cd-a36b-842f61de55f3,re-ingest artist
discography:mb,artist-incomplete,The Rolling Stones,Foreign Tongues,album 2026-07-10 f7356dbc-c12d-4391-b804-cc4d8ff7c5be,re-ingest artist
discography:mb,artist-incomplete,The Rolling Stones,Everybody Needs Somebody to Love,ep 2022-03-11 1d6d5c64-6923-4b93-8b9d-3b877e88f3e6,re-ingest artist
discography:mb,artist-incomplete,The Rolling Stones,A Little Bang (Bigger Bang Tour EP),ep 2021-05-28 65e109b8-030a-4af0-9a85-1d657ddaa9f1,re-ingest artist
discography:mb,artist-incomplete,The Rolling Stones,Extra Bonus,ep 2014 7044c3be-1e8b-4d14-9828-1de45909319d,re-ingest artist
discography:mb,artist-incomplete,The Rolling Stones,The Rolling Stones on TV Show in '60s,ep 1999-11-20 91af140b-2432-42e0-ab00-e77771250aa4,re-ingest artist
discography:mb,artist-incomplete,The Rolling Stones,Confessin’ the Blues (Influences – Vol. 1),ep 2022-11-18 9e409147-c796-4e99-98c7-a0051f283f8c,re-ingest artist
discography:mb,artist-incomplete,The Rolling Stones,Tumbling Dice,ep 2010 9e7d74d7-23b2-4f85-871f-e931e892c68f,re-ingest artist
discography:mb,artist-incomplete,The Rolling Stones,Top of the Pops '67,ep 2022 c21d3685-610a-4a39-8a0c-08e75306aef1,re-ingest artist
discography:mb,artist-incomplete,The Rolling Stones,Can I Get a Witness (Influences – Vol. 3),ep 2023-05-05 cfc4b401-e3d8-4e89-8b41-463285ab5980,re-ingest artist
discography:mb,artist-incomplete,The Rolling Stones,The Singles 1963,ep 2014 db2f8b37-aa6e-4ea6-b3fe-9f25409ca3e8,re-ingest artist
discography:mb,artist-incomplete,The Rolling Stones,That’s How Strong My Love Is,ep 2022-09-23 e483ed7b-ead1-47bb-91ef-f7f90012785f,re-ingest artist
discography:mb,artist-incomplete,The Rolling Stones,Torn Up,ep 2022-03-24 f81888b7-d15d-4512-9abd-b91169f08a8c,re-ingest artist
discography:mb,artist-incomplete,Bob Dylan,Christmas in the Heart,album 2009-10-09 16d64d01-6d92-40b2-86ba-7f76c018ab9c,re-ingest artist
discography:mb,artist-incomplete,Bob Dylan,Together Through Life,album 2009-04-23 2202f7cc-6ce1-3aea-85b0-163347528402,re-ingest artist
discography:mb,artist-incomplete,Bob Dylan,Fallen Angels,album 2016-05-20 3e9553c6-786a-4f85-8a2a-1b70cd166742,re-ingest artist
discography:mb,artist-incomplete,Bob Dylan,Tempest,album 2012-09-07 42555dd2-d671-4c96-85c3-3939232ffc4b,re-ingest artist
discography:mb,artist-incomplete,Bob Dylan,Rough and Rowdy Ways,album 2020-06-19 43b12592-d808-44de-a5df-ebd7c6b2b75c,re-ingest artist
discography:mb,artist-incomplete,Bob Dylan,Shadows in the Night,album 2015-02-02 5e3e123f-0746-49fa-ac3a-1acf0dc254a0,re-ingest artist
discography:mb,artist-incomplete,Bob Dylan,Triplicate,album 2017-03-13 f490ca6a-ff96-4132-b235-71640f51d9d0,re-ingest artist
discography:mb,artist-incomplete,Bob Dylan,Melancholy Mood,ep 2016-04-05 a756de84-706e-48ae-8adc-65d29e1a0287,re-ingest artist
discography:mb,artist-incomplete,David Bowie,Is It Any Wonder?,ep 2020-02-14 088e2611-a01d-4196-8ce9-2bb76f958ddd,re-ingest artist
discography:mb,artist-incomplete,David Bowie,Brilliant Adventure EP,ep 2022-04-23 0be579b3-83ae-4637-a00a-eb5012e62cb7,re-ingest artist
discography:mb,artist-incomplete,David Bowie,Fun Mix,ep 2022-08-05 4a9dff45-8483-49e5-8e51-9abc48ac1275,re-ingest artist
discography:mb,artist-incomplete,David Bowie,Toy E.P.,ep 2022-04-23 63bf4551-9d54-410e-8f83-782375510139,re-ingest artist
discography:mb,artist-incomplete,David Bowie,The Width of a Circle,ep 2021-05-28 cb799594-9d4c-4a20-8678-2d1405d15c92,re-ingest artist
discography:mb,artist-incomplete,David Bowie,No Plan,ep 2017-01-08 ed4cdc71-3348-4b77-a771-3f0a8b5be45b,re-ingest artist
discography:mb,artist-incomplete,Prince,Art Official Age,album 2014-09-26 5c1e9172-ec78-4b1e-9be8-9237725f63e0,re-ingest artist
discography:mb,artist-incomplete,Prince,HITnRUN Phase Two,album 2015-12-12 653b574c-588d-4242-a017-29c922c6d7a9,re-ingest artist
discography:mb,artist-incomplete,Prince,Welcome 2 America,album 2021-07-30 a9baa40c-bc9c-4384-aef4-dd24a1fd0a65,re-ingest artist
discography:mb,artist-incomplete,Prince,HITnRUN Phase One,album 2015-09-07 aa85f8da-8094-411b-9dca-d152fbdc5481,re-ingest artist
discography:mb,artist-incomplete,Prince,PLECTRUMELECTRUM,album 2014-09-26 b9e21ece-659f-446b-ad4a-d95201ae2ff7,re-ingest artist
discography:mb,artist-incomplete,Pearl Jam,Gigaton,album 2020-03-27 076e2345-be1c-490d-a7ff-59a2dbd33867,re-ingest artist
discography:mb,artist-incomplete,Pearl Jam,Dark Matter,album 2024-04-19 2f1d3f46-c9cc-4157-b198-0a4c6881a807,re-ingest artist
discography:mb,artist-incomplete,Pearl Jam,The Last of Us,ep 2025-05-12 3f82ca35-79da-416e-948e-5649576ed473,re-ingest artist
discography:mb,artist-incomplete,Metallica,72 Seasons,album 2023-04-14 a0b7b436-94db-4df6-8c5f-bc0e5932a90e,re-ingest artist
discography:mb,artist-incomplete,Metallica,Leftovers From the Black Album Box Set,ep 2023-02-01 88a72262-993a-47b4-a9fe-126e7f31c81b,re-ingest artist
discography:mb,artist-incomplete,Metallica,Language of the Mad,ep  9853c360-5fcf-4098-9b59-1540082e6aae,re-ingest artist
discography:mb,artist-incomplete,Jeff Mills,Str Mrkd,ep 2019-01-04 3cd61e6b-063f-44bc-aa3e-b6e9b2099a18,re-ingest artist
discography:mb,artist-incomplete,Jeff Mills,The Kill Zone EP,ep 2016-10-05 4ffe4647-53dd-4f40-860d-598bfb568f81,re-ingest artist
discography:mb,artist-incomplete,Jeff Mills,Morning Glory,ep 2023-12-08 aec48a30-cf94-469d-ba63-dba7d7d9eb81,re-ingest artist
discography:mb,artist-incomplete,Taylor Swift,THE TORTURED POETS DEPARTMENT,album 2024-04-19 71c3eed6-466c-4aef-ad12-65a36d19467a,re-ingest artist
discography:mb,artist-incomplete,Taylor Swift,The Life of a Showgirl,album 2025-10-03 9ae7e7e9-ac40-4874-bd43-d77a9bb9b617,re-ingest artist
discography:mb,artist-incomplete,deadmau5,7,ep 2013-11-12 796cbb35-6e2b-4207-92fc-220ff8298cf9,re-ingest artist
discography:mb,artist-incomplete,deadmau5,Get Scraped,album 2005-03-12 9b3f72de-8b54-36e6-bdd0-0bcfee97ac9a,re-ingest artist
discography:mb,artist-incomplete,Paloalto,발자국,ep 2004-02-02 2d123bee-7a97-4216-9176-5e26c57b9a6f,re-ingest artist
discography:mb,artist-incomplete,Paloalto,정신건강,album 2026-06-17 befe2d1a-058a-4a22-8817-9b313a5fd4e0,re-ingest artist
discography:mb,artist-incomplete,The Beatles,Get Back (take 8),ep 2021-09-17 1da4ac40-209a-41c8-ad1d-2a6b3954b4a4,re-ingest artist
discography:mb,artist-incomplete,The Beatles,Strawberry Fields Forever,ep 1967 d8a55f84-b2b8-420a-bf45-780b3cf64b02,re-ingest artist
discography:mb,artist-incomplete,Pink Floyd,The Endless River,album 2014-11-07 38b4c840-16ce-40fa-b7c0-a354b7c87178,re-ingest artist
discography:mb,artist-incomplete,Pink Floyd,1965: Their First Recordings,ep 2015-11-27 8cfe1674-1fd4-45d4-ad2d-b30951d07a59,re-ingest artist
discography:mb,artist-incomplete,BIG Naughty,++,ep 2024-10-15 0ec619cd-c0de-4778-8355-8aea4aeb32d3,re-ingest artist
discography:mb,artist-incomplete,BIG Naughty,Hopeful Romantic,ep 2026-07-29 d58c6a44-8229-459f-bd33-ec9049861e77,re-ingest artist
discography:mb,artist-incomplete,SG Wannabe,SG Wannabe 7 Part.II,ep  d6f982c0-956c-4f9b-a613-98cf86d380d2,re-ingest artist
discography:mb,artist-incomplete,Tony Bennett,The Singles Collection,album 2006 40b32439-0b2d-4f4b-8e24-6714dddfcc09,re-ingest artist
discography:mb,artist-incomplete,Depeche Mode,Memento Mori,album 2023-03-24 5db2f1f0-ae05-4de2-930d-b0d3cea31d15,re-ingest artist
discography:mb,artist-incomplete,KISS,Solos,album  114f8f74-011d-434a-82cf-e2470f368d86,re-ingest artist
discography:mb,artist-incomplete,Arca,XXXXX,album 2026-07-31 d99515a5-ab44-4d4d-bd12-37044fffa34a,re-ingest artist
discography:mb,artist-incomplete,D.O.,DOPAMINE,ep 2026-09-08 3c8869aa-a11e-4131-979b-76529963c72d,re-ingest artist
discography:mb,artist-incomplete,영탁,GOGO,album 2026-09-14 35f3af53-8a81-4c28-8b2d-781a8956e86a,re-ingest artist
discography:mb,artist-incomplete,Lana Del Rey,Kill Kill,ep 2008-10-21 5ffbcb50-2a57-47a9-98dc-93958c0a7b51,re-ingest artist
discography:mb,artist-incomplete,U2,Carnaval De Luz,album 2026-11-13 09f9581c-52b0-4d2b-bb1b-d5902830b8c1,re-ingest artist
discography:mb,artist-incomplete,Elvis Presley,Christmas With Elvis Presley,album 2008 a4852d74-b6e9-4aa9-8887-376e91e584d8,re-ingest artist
discography:mb,artist-incomplete,Snoop Dogg,Dubb Union,album 2008-09-02 b87f29f6-0649-45d3-9b92-9347b0031292,re-ingest artist
discography:mb,artist-incomplete,Swings,Detergent Hymns,album 2015-01-17 b781262e-594c-4c9f-96b2-26d9b30c57bb,re-ingest artist
discography:mb,artist-incomplete,Colde,ICY BABY,album 2026-08-14 5f616b86-4bf6-430e-a2d9-2eeb2f9f4071,re-ingest artist
discography:mb,artist-incomplete,wave to earth,bad pieces,album 2026-08-07 84243947-bc02-409b-a5b5-5109d2318876,re-ingest artist
discography:mb,artist-incomplete,The Volunteers,i love u,album 2026-09-14 dc31e0dd-7823-4e59-951f-5bbbec7b1d79,re-ingest artist
discography:deezer,candidate,Glenn Gould,Recording Glenn Gould's Goldberg Variations - Track-by-Track by Producer Richard Einhorn,album 2022-09-30 dz:360400367,Deezer/iTunes backfill after review
discography:deezer,candidate,Glenn Gould,GLENN GOULD - THE RYUICHI SAKAMOTO SELECTION [Complete Version],album 2022-09-21 dz:355583027,Deezer/iTunes backfill after review
discography:deezer,candidate,Glenn Gould,Gould & Bach: Perfect Match,album 2022-09-02 dz:351553007,Deezer/iTunes backfill after review
discography:deezer,candidate,Glenn Gould,Glenn Gould: Concert Dropout (Gould Remastered),album 2015-09-11 dz:10893870,Deezer/iTunes backfill after review
discography:deezer,candidate,Glenn Gould,Glenn Gould über Johann Sebastian Bach,album 2015-09-11 dz:10893988,Deezer/iTunes backfill after review
discography:deezer,candidate,Glenn Gould,Glenn Gould Discusses His Goldberg Variations With Tim Page (Gould Remastered),album 2015-09-11 dz:10894502,Deezer/iTunes backfill after review
discography:deezer,candidate,Glenn Gould,"Bach: Toccatas Vol. 1, BWV 910, 912 & 913 (Gould Remastered)",album 2015-09-11 dz:11125628,Deezer/iTunes backfill after review
discography:deezer,candidate,Glenn Gould,"Bach: The Well-Tempered Clavier, Book I, Preludes & Fugues Nos. 17-24, BWV 862-869 (Gould Remastered)",album 2015-09-11 dz:11125634,Deezer/iTunes backfill after review
discography:deezer,candidate,Glenn Gould,"Bach: Toccatas Vol. 2, BWV 911 & 914-916 (Gould Remastered)",album 2015-09-11 dz:11125664,Deezer/iTunes backfill after review
discography:deezer,candidate,Glenn Gould,Haydn: The Six Last Piano Sonatas (Gould Remastered),album 2007-08-24 dz:11125680,Deezer/iTunes backfill after review
discography:deezer,candidate,Glenn Gould,"Beethoven: Piano Concerto No. 3 in C Minor, Op. 37",album 2015-09-11 dz:11125686,Deezer/iTunes backfill after review
discography:deezer,candidate,Glenn Gould,Hindemith: Complete Sonatas for Brass and Piano (Gould Remastered),album 2015-09-11 dz:11125714,Deezer/iTunes backfill after review
discography:deezer,candidate,Glenn Gould,Canadian Music in the 20th Century (Gould Remastered),album 2015-09-11 dz:11125724,Deezer/iTunes backfill after review
discography:deezer,candidate,Glenn Gould,Hindemith: Das Marienleben (Gould Remastered),album 2015-09-11 dz:11125754,Deezer/iTunes backfill after review
discography:deezer,candidate,Glenn Gould,"Brahms: Ballades, Op. 10 & Rhapsodies, Op. 79 (Gould Remastered)",album 2015-09-11 dz:11125764,Deezer/iTunes backfill after review
discography:deezer,candidate,Glenn Gould,"Mozart: Piano Sonatas Nos. 8, 10, 12 & 13 (Gould Remastered)",album 2015-09-11 dz:11125768,Deezer/iTunes backfill after review
discography:deezer,candidate,Glenn Gould,"Bach: The Well-Tempered Clavier, Book II, Preludes & Fugues Nos. 1-8, BWV 870-877 (Gould Remastered)",album 2015-09-11 dz:11125770,Deezer/iTunes backfill after review
discography:deezer,candidate,Glenn Gould,"Bach: The Well-Tempered Clavier, Book I, Preludes & Fugues Nos. 9-16, BWV 854-861 (Gould Remastered)",album 2015-09-11 dz:11125772,Deezer/iTunes backfill after review
discography:deezer,candidate,Glenn Gould,Hindemith: Complete Piano Sonatas (Gould Remastered),album 2015-09-11 dz:11125780,Deezer/iTunes backfill after review
discography:deezer,candidate,Glenn Gould,"Bach: Keyboard Concertos Nos. 3, 5 & 7, BWV 1054, 1056 & 1058 (Gould Remastered)",album 2015-09-11 dz:11125782,Deezer/iTunes backfill after review
discography:deezer,candidate,Glenn Gould,Music from Kurt Vonnegut's Slaughterhouse Five (Gould Remastered),album 2015-09-11 dz:11125798,Deezer/iTunes backfill after review
discography:deezer,candidate,Glenn Gould,Mozart: Piano Sonatas Nos. 1-5 (Gould Remastered),album 2015-09-11 dz:11125890,Deezer/iTunes backfill after review
discography:deezer,candidate,Glenn Gould,"Beethoven: Piano Concerto No. 4 in G Major, Op. 58",album 2012-01-01 dz:11125894,Deezer/iTunes backfill after review
discography:deezer,candidate,Glenn Gould,"Mozart: Piano Concerto No. 24 in C Minor, K. 491 - Schoenberg: Piano Concerto, Op. 42",album 2015-09-11 dz:11125896,Deezer/iTunes backfill after review
discography:deezer,candidate,Glenn Gould,"Bach: The Well-Tempered Clavier, Book II, Preludes & Fugues Nos. 9-16, BWV 878-885 (Gould Remastered)",album 2015-09-11 dz:11125904,Deezer/iTunes backfill after review
discography:deezer,candidate,Glenn Gould,"Bach: The Six Sonatas for Violin and Harpsichord, BWV 1014-1019 (Gould Remastered)",album 2015-09-11 dz:11125936,Deezer/iTunes backfill after review
discography:deezer,candidate,Glenn Gould,"Beethoven: Piano Sonatas Nos. 1-3, Op. 2 & No. 15, Op. 28 ""Pastorale"" (Gould Remastered)",album 2015-09-11 dz:11125940,Deezer/iTunes backfill after review
discography:deezer,candidate,Glenn Gould,"Beethoven: Piano Sonatas No. 12, Op. 26 & No. 13, Op. 27, No. 1 (Gould Remastered)",album 2009-12-04 dz:11125942,Deezer/iTunes backfill after review
discography:deezer,candidate,Glenn Gould,"Mozart: Piano Sonatas Nos. 14, 17 & 18; Fantasia in C Minor, K. 475 (Gould Remastered)",album 2015-09-11 dz:11125944,Deezer/iTunes backfill after review
discography:deezer,candidate,Glenn Gould,"Bach: Keyboard Concertos Nos. 2 & 4, BWV 1053 & 1055 (Gould Remastered)",album 2015-09-11 dz:11125946,Deezer/iTunes backfill after review
discography:deezer,candidate,Glenn Gould,Bach: Italian Concerto in F Major & Partitas Nos. 1 & 2 (2015 Remastered Version),album 2011-03-10 dz:11125950,Deezer/iTunes backfill after review
discography:deezer,candidate,Glenn Gould,"Bach: Preludes, Fughettas & Fugues (Gould Remastered)",album 2015-09-11 dz:11125956,Deezer/iTunes backfill after review
discography:deezer,candidate,Glenn Gould,"Schumann: Piano Quartet, Op. 47 & Piano Quintet, Op. 44 (Gould Remastered)",album 2015-09-11 dz:11125962,Deezer/iTunes backfill after review
discography:deezer,candidate,Glenn Gould,"Grieg: Piano Sonata, Op. 7 - Bizet: Nocturne & Variations Chromatiques (Gould Remastered)",album 2015-09-11 dz:11125984,Deezer/iTunes backfill after review
discography:deezer,candidate,Glenn Gould,"Bach: Partitas Nos. 5 & 6, BWV 829 & 830 (Gould Remastered)",album 1959-01-01 dz:11125986,Deezer/iTunes backfill after review
discography:deezer,candidate,Glenn Gould,"Beethoven: Bagatelles, Op. 33 & Op. 126 (Gould Remastered)",album 2015-09-11 dz:11125988,Deezer/iTunes backfill after review
discography:deezer,candidate,Glenn Gould,"Bach: The Well-Tempered Clavier, Book I, Preludes & Fugues Nos. 1-8, BWV 846-853 (Gould Remastered)",album 2009-04-13 dz:11125994,Deezer/iTunes backfill after review
discography:deezer,candidate,Glenn Gould,"Bach: The French Suites Nos. 1-4, BWV 812-815 (Gould Remastered)",album 2015-09-11 dz:11126030,Deezer/iTunes backfill after review
discography:deezer,candidate,Glenn Gould,"Strauss: Piano Sonata, Op. 5 & Fünf Klavierstücke, Op. 3 (Gould Remastered)",album 2015-09-11 dz:11126034,Deezer/iTunes backfill after review
discography:deezer,candidate,Glenn Gould,"Bach: The Three Sonatas for Viola da Gamba and Harpsichord, BWV 1027-1029 (Gould Remastered)",album 2015-09-11 dz:11126036,Deezer/iTunes backfill after review
discography:deezer,candidate,Glenn Gould,"Händel: Suites for Harpsichord Nos. 1-4, HWV 426-429 (Gould Remastered)",album 2015-09-11 dz:11126054,Deezer/iTunes backfill after review
discography:deezer,candidate,Glenn Gould,"Gould: String Quartet, Op. 1 (Gould Remastered)",album 2015-09-11 dz:11126056,Deezer/iTunes backfill after review
discography:deezer,candidate,Glenn Gould,"Mozart: Piano Sonatas Nos. 11, 15 & 16; Fantasia in D Minor (Gould Remastered)",album 2015-09-11 dz:11126068,Deezer/iTunes backfill after review
discography:deezer,candidate,Glenn Gould,The Music of Arnold Schoenberg: Chamber Music (Gould Remastered),album 2015-09-11 dz:11126072,Deezer/iTunes backfill after review
discography:deezer,candidate,Glenn Gould,"Bach: The English Suites Nos. 1-6, BWV 806-811 (Gould Remastered)",album 2015-09-11 dz:11126106,Deezer/iTunes backfill after review
discography:deezer,candidate,Glenn Gould,Top 10 Glenn Gould,album 2014-06-13 dz:7548580,Deezer/iTunes backfill after review
discography:deezer,candidate,Glenn Gould,Glenn Gould - The Acoustic Orchestrations - Works by Scriabin and Sibelius,album 2012-09-21 dz:7047876,Deezer/iTunes backfill after review
discography:deezer,candidate,Glenn Gould,The Schwarzkopf Tapes,album 2012-09-14 dz:7048322,Deezer/iTunes backfill after review
discography:deezer,candidate,Glenn Gould,"Glenn Gould plays Bach: The Well-Tempered Clavier Books I & II, BWV 846-893",album 2004-03-29 dz:7048128,Deezer/iTunes backfill after review
discography:deezer,candidate,Glenn Gould,"Bach: The Goldberg Variations, BWV 988 (1955 Gould Remaster)",album 2012-03-06 dz:11126048,Deezer/iTunes backfill after review
discography:deezer,candidate,Glenn Gould,Glenn Gould plays Bach: Piano Concertos Nos. 1 - 5 BWV 1052-1056 & No. 7 BWV 1058,album 2012-08-24 dz:7048133,Deezer/iTunes backfill after review
discography:deezer,candidate,Glenn Gould,Brahms: 10 Intermezzi for Piano,album 2015-09-11 dz:11126008,Deezer/iTunes backfill after review
discography:deezer,candidate,Glenn Gould,Beethoven Piano Concerto No. 3/Sibelius Symphony No. 5,album 2008-04-08 dz:7061451,Deezer/iTunes backfill after review
discography:deezer,candidate,Glenn Gould,"Bach: The Well-Tempered Clavier, Book II, Preludes & Fugues Nos. 17-24, BWV 886-893 (Gould Remastered)",album 2008-03-17 dz:11125718,Deezer/iTunes backfill after review
discography:deezer,candidate,Glenn Gould,The Glenn Gould Trilogy - A Life,album 2007-11-27 dz:1461673,Deezer/iTunes backfill after review
discography:deezer,candidate,Glenn Gould,"Bach: The Art of the Fugue, BWV 1080 (Gould Remastered)",album 2007-10-15 dz:11125784,Deezer/iTunes backfill after review
discography:deezer,candidate,Glenn Gould,The Glenn Gould Trilogy - Ein Leben,album 2007-09-07 dz:215838432,Deezer/iTunes backfill after review
discography:deezer,candidate,Glenn Gould,Glenn Gould joue Bach,album 2007-04-20 dz:7068772,Deezer/iTunes backfill after review
discography:deezer,candidate,Glenn Gould,Glenn Gould Plays His Own Transcriptions of Wagner Orchestral Showpieces (Gould Remastered),album 2015-09-11 dz:11125766,Deezer/iTunes backfill after review
discography:deezer,candidate,Glenn Gould,"A State of Wonder: The Complete Goldberg Variations, BWV 988 (Recorded 1955 & 1981)",album 2002-09-03 dz:7067572,Deezer/iTunes backfill after review
discography:deezer,candidate,Glenn Gould,The 1955 Goldberg Variations - Birth of a Legend,album 2005-06-20 dz:74940,Deezer/iTunes backfill after review
discography:deezer,candidate,Glenn Gould,Mozart: Super Hits,album 2000-01-21 dz:98115,Deezer/iTunes backfill after review
discography:deezer,candidate,Glenn Gould,Glenn Gould plays Bach,album 2011-03-21 dz:7044737,Deezer/iTunes backfill after review
discography:deezer,candidate,Glenn Gould,"Brahms: Concerto for Piano and Orchestra No. 1 in D Minor, Op. 15",album 2006-06-05 dz:6884393,Deezer/iTunes backfill after review
discography:deezer,candidate,Glenn Gould,Glenn Gould & Chamber Music,album 1997-02-22 dz:7061892,Deezer/iTunes backfill after review
discography:deezer,candidate,Glenn Gould,"Bach: Excerpts from The Art of the Fugue, BWV 1080 & Prelude & Fugue in B-Flat Major, BWV 898",album 2025-01-11 dz:113098,Deezer/iTunes backfill after review
discography:deezer,candidate,Glenn Gould,Glenn Gould plays Bach: 6 Partitas BWV 825-830; Chromatic Fantasy BWV 903; Italian Concerto BWV 971; The Art of the Fugue BWV 1080,album 2012-08-24 dz:7048556,Deezer/iTunes backfill after review
discography:deezer,candidate,Glenn Gould,Chopin: Piano Sonata No. 3 - Mendelssohn: Songs Without Words,album 1995-06-27 dz:7064379,Deezer/iTunes backfill after review
discography:deezer,candidate,Glenn Gould,Beethoven: Piano Concerto No. 5 - Strauss: Burleske in D Minor,album 1995-05-17 dz:7060379,Deezer/iTunes backfill after review
discography:deezer,candidate,Glenn Gould,Berg/Krenek/Webern/Ravel/Debussy,album 1995-08-01 dz:7061335,Deezer/iTunes backfill after review
discography:deezer,candidate,Glenn Gould,Glenn Gould Edition VII: Berg/Krenek/Webern/Ravel/Debussy,album 1995-08-01 dz:7061522,Deezer/iTunes backfill after review
discography:deezer,candidate,Glenn Gould,Glenn Gould plays Hindemith: 3 Piano Sonatas; 5 Sonatas for Brass & Piano; Das Marienleben,album 2012-08-27 dz:7048162,Deezer/iTunes backfill after review
discography:deezer,candidate,Glenn Gould,"Schoenberg: Works for Piano, Phantasy for Violin, Ode to Napoleon & Pierrot Lunaire, Pt. 1",album 1994-11-01 dz:7062246,Deezer/iTunes backfill after review
discography:deezer,candidate,Glenn Gould,Glenn Gould plays Beethoven: Piano Sonatas Nos. 1-3; 5-10; 12-14; 15-18; 23; 30-32,album 2012-10-30 dz:7048344,Deezer/iTunes backfill after review
discography:deezer,candidate,Glenn Gould,"Beethoven: Piano Sonatas Nos. 24 ""À Thérèse"" & No. 29 ""Hammerklavier""",album 1993-05-20 dz:113099,Deezer/iTunes backfill after review
discography:deezer,candidate,Glenn Gould,"Schumann: Piano Quartet, Op. 47 - Brahms: Piano Quintet, Op. 34",album 1993-05-17 dz:113280,Deezer/iTunes backfill after review
discography:deezer,candidate,Glenn Gould,"Glenn Gould in Concert: Salzburg 1959 (Bach); Moscow 1957 (Bach); Lenningrad 1957 (Bach, Beethoven)",album 2012-10-30 dz:7048179,Deezer/iTunes backfill after review
discography:deezer,candidate,Glenn Gould,Beethoven: The 5 Piano Concertos,album 2012-08-24 dz:7061287,Deezer/iTunes backfill after review
discography:deezer,candidate,Glenn Gould,"Beethoven & Liszt: Symphony No. 6 ""Pastoral""",album 1992-02-10 dz:6879919,Deezer/iTunes backfill after review
discography:deezer,candidate,Glenn Gould,Beethoven & Wagner: Piano Transcriptions by Liszt & Gould,album 2012-08-24 dz:7048151,Deezer/iTunes backfill after review
discography:deezer,candidate,Glenn Gould,32 Short Films About Glenn Gould: The Sound of Genius (Original Motion Picture Soundtrack),album 2018-02-04 dz:113087,Deezer/iTunes backfill after review
discography:deezer,candidate,Glenn Gould,Glenn Gould plays Richard Strauss: Ophelia Lieder op. 67; Enoch Arden op. 38; Piano Sonata op. 5; 5 Piano Pieces op. 3,album 2012-10-30 dz:7048173,Deezer/iTunes backfill after review
discography:deezer,candidate,Glenn Gould,"Brahms: 4 Ballades, 2 Rhapsodies & Intermezzi",album 2012-08-24 dz:7048153,Deezer/iTunes backfill after review
discography:deezer,candidate,Glenn Gould,Bach: Les Variations Goldberg - Gould,album 2007-08-24 dz:12173362,Deezer/iTunes backfill after review
discography:deezer,candidate,Glenn Gould,Glenn Gould Plays Bach Vol. 2,album 2013-10-11 dz:6981906,Deezer/iTunes backfill after review
discography:deezer,candidate,Glenn Gould,Haydn: 6 Late Piano Sonatas,album 2012-08-24 dz:7048154,Deezer/iTunes backfill after review
discography:deezer,candidate,Glenn Gould,"Bach: Toccatas, BWV 910-916",album 1994-03-23 dz:113042,Deezer/iTunes backfill after review
discography:deezer,candidate,Glenn Gould,"Bach: Inventions & Sinfonias, BWV 772-801 & Toccatas BWV 910-916",album 2012-10-30 dz:5558311,Deezer/iTunes backfill after review
discography:deezer,candidate,Glenn Gould,"Sibelius: Three Sonatines, Op. 67 & Three Lyric Pieces, Op. 41 (Gould Remastered)",album 2015-09-11 dz:11126116,Deezer/iTunes backfill after review
discography:deezer,candidate,Glenn Gould,"Glenn Gould Plays Bach, Vol. 3 - English and French Suites",album 2012-08-28 dz:10143340,Deezer/iTunes backfill after review
discography:deezer,candidate,Glenn Gould,"Glenn Gould Plays Bach, Vol. 7: Violin Sonatas, BWV 1014-1019 & Viola da gamba Sonatas, BWV 1027-1029",album 1994-11-02 dz:7048139,Deezer/iTunes backfill after review
discography:deezer,candidate,Glenn Gould,"Glenn Gould plays Beethoven: 32 Variations WoO 80; ""Eroica"" Variations op. 35; 6 Variations op. 34; Bagatelles op. 33 & op. 126; P",album 2012-10-30 dz:7048146,Deezer/iTunes backfill after review
discography:deezer,candidate,Glenn Gould,Glenn Gould plays Mozart: The Piano Sonatas (No. 10: Recordings of 1958 & 1970); Fantasias K. 397 & K. 475; Fantasia & Fugue K. 39,album 2012-08-27 dz:7048166,Deezer/iTunes backfill after review
discography:deezer,candidate,Glenn Gould,"Bach: The French Suites Nos. 5 & 6, BWV 816 & 817; Overture in the French Style, BWV 831 (Gould Remastered)",album 2015-09-11 dz:11126006,Deezer/iTunes backfill after review
discography:deezer,candidate,Glenn Gould,"Beethoven: Piano Sonatas Nos. 16-18, Op. 31 (Gould Remastered)",album 2015-09-11 dz:11196216,Deezer/iTunes backfill after review
discography:deezer,candidate,Glenn Gould,"Schoenberg: Complete Songs, Vol. 2 (Gould Remastered)",album 2015-09-11 dz:11126026,Deezer/iTunes backfill after review
discography:deezer,candidate,Glenn Gould,"Glenn Gould plays Schoenberg: Klavierstücke opp. 11, 19, 23, 33; Piano Suite op. 25; Piano Concerto op. 42; Fantasy for Violin & P",album 2012-08-27 dz:7048170,Deezer/iTunes backfill after review
discography:deezer,candidate,Glenn Gould,Glenn Gould plays Renaissance & Baroque Music: Byrd; Gibbons; Sweelinck; Handel: Suites for Harpsichord Nos. 1-4 HWV 426-429; D. S,album 2012-08-24 dz:7048176,Deezer/iTunes backfill after review
discography:deezer,candidate,Glenn Gould,"Handel: Suites for Harpsichord and J.S. Bach: Selections from The Well Tempered Clavier, Book II",album 1993-05-25 dz:7064364,Deezer/iTunes backfill after review
discography:deezer,candidate,Glenn Gould,A Consort of Musicke Bye William Byrde and Orlando Gibbons (Gould Remastered),album 2015-09-11 dz:11126096,Deezer/iTunes backfill after review
discography:deezer,candidate,Glenn Gould,Beethoven: Variations for Piano (Gould Remastered),album 2015-09-11 dz:11125862,Deezer/iTunes backfill after review
discography:deezer,candidate,Glenn Gould,"Beethoven: Piano Sonatas Nos. 8, 14 & 23 (Gould Remastered)",album 2015-09-11 dz:11125800,Deezer/iTunes backfill after review
discography:deezer,candidate,Glenn Gould,"Mozart: Piano Sonatas Nos. 6, 7 & 9 (Gould Remastered)",album 2015-09-11 dz:11125802,Deezer/iTunes backfill after review
discography:deezer,candidate,Glenn Gould,"Scriabin: Piano Sonata No. 3 in F-Sharp Minor, Op. 23 - Prokofiev: Piano Sonata No. 7 in B-Flat Major, Op. 83 (Gould Remastered)",album 2015-09-11 dz:11125722,Deezer/iTunes backfill after review
discography:deezer,candidate,Glenn Gould,"Beethoven: Symphony No. 5 in C Minor, Op. 67 (Transcribed for Piano by Franz Liszt) (Gould Remastered)",album 2015-09-11 dz:11125990,Deezer/iTunes backfill after review
discography:deezer,candidate,Glenn Gould,Beethoven: Piano Sonatas Nos. 8-10 (Gould Remastered),album 2008-03-17 dz:11125966,Deezer/iTunes backfill after review
discography:deezer,candidate,Glenn Gould,"Beethoven: Piano Concerto No. 5 in E-Flat Major, Op. 73 ""Emperor"" (Gould Remastered)",album 2015-09-11 dz:11125648,Deezer/iTunes backfill after review
discography:deezer,candidate,Glenn Gould,The Music of Arnold Schoenberg: Songs and Works for Piano Solo (Gould Remastered),album 2015-09-11 dz:11125958,Deezer/iTunes backfill after review
discography:deezer,candidate,Glenn Gould,"Beethoven: Piano Sonatas Nos. 5-7, Op. 10",album 2015-09-11 dz:11125756,Deezer/iTunes backfill after review
discography:deezer,candidate,Glenn Gould,"Bach: The Two and Three Part Inventions, BWV 772-801 (Gould Remastered)",album 2015-09-11 dz:11196218,Deezer/iTunes backfill after review
discography:deezer,candidate,Glenn Gould,"Bach: Partitas Nos. 3 & 4, BWV 827 & 828; Toccata in E Minor, BWV 914 (Gould Remastered)",album 2015-09-11 dz:11125726,Deezer/iTunes backfill after review
discography:deezer,candidate,Glenn Gould,"Strauss: Enoch Arden, Op. 38 (Gould Remastered)",album 2015-09-11 dz:11125804,Deezer/iTunes backfill after review
discography:deezer,candidate,Glenn Gould,"Berg: Piano Sonata, Op. 1 - Schoenberg: Three Piano Pieces, Op. 11 - Krenek: Piano Sonata No. 3, Op. 92, No. 4 (Gould Remastered)",album 2015-09-11 dz:11125892,Deezer/iTunes backfill after review
discography:deezer,candidate,Glenn Gould,"Beethoven: Piano Concerto No. 1 in C Major, Op. 15 - Bach: Keyboard Concerto No. 5 in F Minor, BWV 1056 (Gould Remastered)",album 2015-09-11 dz:11125544,Deezer/iTunes backfill after review
discography:deezer,candidate,Glenn Gould,"Haydn: Piano Sonata in E-Flat Major, Hob. XVI: 49 - Mozart: Piano Sonata No. 10 in C Major, K. 330 (Gould Remastered)",album 2015-09-11 dz:11125938,Deezer/iTunes backfill after review
discography:deezer,candidate,Glenn Gould,"Beethoven: Piano Concerto No. 2 in B-Flat Major, Op. 19 - Bach: Keyboard Concerto No. 1 in D Minor, BWV 1052 (Gould Remastered)",album 2017-03-14 dz:11125684,Deezer/iTunes backfill after review
discography:deezer,candidate,Glenn Gould,"Bach: Goldberg Variations, BWV 988",album 1992-09-30 dz:121367,Deezer/iTunes backfill after review
discography:deezer,candidate,Glenn Gould,Beethoven: Piano Sonatas Nos. 30-32 (Gould Remastered),album 2015-09-11 dz:11125960,Deezer/iTunes backfill after review
discography:deezer,candidate,Allan Sherman,Crazy Christmas Music,album 2026-09-19 dz:1103666112,Deezer/iTunes backfill after review
discography:deezer,candidate,Allan Sherman,My Complete Extended & Expanded Special Deluxe Greatest Hits Album,album 2026-06-03 dz:990377711,Deezer/iTunes backfill after review
discography:deezer,candidate,Allan Sherman,#1s,album 2026-01-13 dz:898504952,Deezer/iTunes backfill after review
discography:deezer,candidate,Allan Sherman,The Cat In The Hat and Other Dr. Seuss Stories – Bonus Edition,album 2025-09-14 dz:817257551,Deezer/iTunes backfill after review
discography:deezer,candidate,Allan Sherman,Cat in the Hat and Other Dr. Seuss Stories – Bonus Edition,album 2025-08-15 dz:795650901,Deezer/iTunes backfill after review
discography:deezer,candidate,Allan Sherman,Allan Sherman Is the Cat in the Hat and Other Dr Seuss Stories – Bonus Edition,album 2025-03-31 dz:731602351,Deezer/iTunes backfill after review
discography:deezer,candidate,Allan Sherman,Peter and the Commissar (funny Peter and the Wolf),album 2024-11-09 dz:682916651,Deezer/iTunes backfill after review
discography:deezer,candidate,Allan Sherman,Nutty but Nice (Not Naughty but Nice) - Vol 1,album 2024-07-15 dz:626458371,Deezer/iTunes backfill after review
discography:deezer,candidate,Allan Sherman,Nutty but Nice (Not Naughty but Nice) - Vol 2,album 2024-07-15 dz:626458381,Deezer/iTunes backfill after review
discography:deezer,candidate,Allan Sherman,Nutty But Niice,album 2024-06-14 dz:597950202,Deezer/iTunes backfill after review
discography:deezer,candidate,Allan Sherman,Ones,album 2024-06-07 dz:605224832,Deezer/iTunes backfill after review
discography:deezer,candidate,Allan Sherman,My Complete Extended & Expanded Remastered & Reissued Special Deluxe Limited Edition Greatest Hits,album 2024-05-25 dz:592866002,Deezer/iTunes backfill after review
discography:deezer,candidate,Allan Sherman,Number Ones,album 2024-05-13 dz:587734212,Deezer/iTunes backfill after review
discography:deezer,candidate,Allan Sherman,My Complete Extended + Expanded Remastered + Reissued Special Deluxe Limited Edition Greatest Hits Album,album 2024-05-08 dz:579851931,Deezer/iTunes backfill after review
discography:deezer,candidate,Allan Sherman,Allan Through the Looking Glass (Not Alice Through the Looking Glass),album 2024-04-29 dz:580621241,Deezer/iTunes backfill after review
discography:deezer,candidate,Allan Sherman,Cat in the Hat and More Songs Like That,album 2024-04-24 dz:590200022,Deezer/iTunes backfill after review
discography:deezer,candidate,Allan Sherman,Nutty but Nice (Not Naughty but Nice),album 2024-04-23 dz:573315001,Deezer/iTunes backfill after review
discography:deezer,candidate,Allan Sherman,My Complete Extended + Expanded Reissued + Remastered Special Deluxe Limited Edition Greatest Hits Album,album 2024-04-18 dz:571532681,Deezer/iTunes backfill after review
discography:deezer,candidate,Allan Sherman,Nutty Vol. 1,album 2024-04-11 dz:575252321,Deezer/iTunes backfill after review
discography:deezer,candidate,Allan Sherman,Nutty Vol. 2,album 2024-04-11 dz:575252331,Deezer/iTunes backfill after review
discography:deezer,candidate,Allan Sherman,Allan Sherman is Nutty But Nice (Not Naughty But Nice),album 2024-03-05 dz:552050842,Deezer/iTunes backfill after review
discography:deezer,candidate,Allan Sherman,Nutty,album 2024-01-09 dz:560484892,Deezer/iTunes backfill after review
discography:deezer,candidate,Allan Sherman,This Is Nutty,album 2023-12-10 dz:520545192,Deezer/iTunes backfill after review
discography:deezer,candidate,Allan Sherman,NUTS,album 2023-07-24 dz:468003655,Deezer/iTunes backfill after review
discography:deezer,candidate,Allan Sherman,"Number Ones (and Others, Too)",album 2023-07-23 dz:467756315,Deezer/iTunes backfill after review
discography:deezer,candidate,Allan Sherman,"Pink Noise, Brown Noise, Gray Noise, Green Noise, and Hours of Calm Sounds for BetterSleep for Babies or Adults",album 2023-06-03 dz:446052775,Deezer/iTunes backfill after review
discography:deezer,candidate,Allan Sherman,Peter and the Commissar,album 2023-03-14 dz:417423057,Deezer/iTunes backfill after review
discography:deezer,candidate,Allan Sherman,White Noise and Hours of Calming Sounds for BetterSleep for Babies,album 2023-02-12 dz:401903597,Deezer/iTunes backfill after review
discography:deezer,candidate,Allan Sherman,Allan Through the Looking Glass,album 2023-01-11 dz:397076127,Deezer/iTunes backfill after review
discography:deezer,candidate,Allan Sherman,Allan Sherman In Wonderland,album 2022-10-08 dz:360423477,Deezer/iTunes backfill after review
discography:deezer,candidate,Allan Sherman,"My Complete Extended Expanded Remastered Reissued Special Deluxe Limited Edition Greatest Hits Album, Vol. 2",album 2022-10-04 dz:363159617,Deezer/iTunes backfill after review
discography:deezer,candidate,Allan Sherman,My Complete Extended Expanded Remastered Reissued Special Deluxe Limited Edition Greatest Hits Album - Vol. 1,album 2022-09-28 dz:361296987,Deezer/iTunes backfill after review
discography:deezer,candidate,Allan Sherman,My Complete Extended and Expanded Reissued and Remastered Special Deluxe Limited Edition Greatest Hits,album 2022-08-22 dz:348832797,Deezer/iTunes backfill after review
discography:deezer,candidate,Allan Sherman,"#1s (and Others, Too)",album 2022-08-07 dz:346778997,Deezer/iTunes backfill after review
discography:deezer,candidate,Allan Sherman,"Number Ones (and Others, Too) Best of Allan Sherman’s Greatest Hits",album 2022-07-20 dz:339948307,Deezer/iTunes backfill after review
discography:deezer,candidate,Allan Sherman,my complete extended...,album 2022-06-02 dz:344837897,Deezer/iTunes backfill after review
discography:deezer,candidate,Allan Sherman,Nutty But Nice Allan Sherman,album 2022-05-26 dz:319809987,Deezer/iTunes backfill after review
discography:deezer,candidate,Allan Sherman,"Number One Hits (And Others, Too)",album 2022-04-29 dz:320334767,Deezer/iTunes backfill after review
discography:deezer,candidate,Allan Sherman,"Number One Hits (And Others, Too) Best of Allan Sherman’s Greatest Hits",album 2022-03-24 dz:305913227,Deezer/iTunes backfill after review
discography:deezer,candidate,Allan Sherman,"Allan Sherman sings Number Ones (and others, too)",album 2022-02-03 dz:293148732,Deezer/iTunes backfill after review
discography:deezer,candidate,Allan Sherman,My Complete Extended & Expanded Reissued & Re-Released Special Deluxe Greatest Hits Album (Remastered 2022),album 2022-01-20 dz:295450732,Deezer/iTunes backfill after review
discography:deezer,candidate,Allan Sherman,Allan Sherman as My Son the Nut,album 2021-12-29 dz:347777887,Deezer/iTunes backfill after review
discography:deezer,candidate,Allan Sherman,Allan Sherman’s Nutty But Nice,album 2021-07-20 dz:243606152,Deezer/iTunes backfill after review
discography:deezer,candidate,Allan Sherman,Allan Sherman‘s My Son the Nut,album 2023-08-23 dz:256455182,Deezer/iTunes backfill after review
discography:deezer,candidate,Allan Sherman,My Son the Nut Is Allan Sherman,album 2023-08-23 dz:304825497,Deezer/iTunes backfill after review
discography:deezer,candidate,Allan Sherman,My Son the Nut Allan Sherman,album 2023-08-23 dz:322794077,Deezer/iTunes backfill after review
discography:deezer,candidate,Allan Sherman,My Son the Nut,album 2023-08-23 dz:348967487,Deezer/iTunes backfill after review
discography:deezer,candidate,Allan Sherman,The Nut,album 2023-08-23 dz:394541797,Deezer/iTunes backfill after review
discography:deezer,candidate,Allan Sherman,Allan Sherman is My Son the Nut,album 2023-08-23 dz:430437517,Deezer/iTunes backfill after review
discography:deezer,candidate,Allan Sherman,Allan Sherman Sings The Cat in the Hat and Other Dr Seuss Stories,album 2020-12-09 dz:192655952,Deezer/iTunes backfill after review
discography:deezer,candidate,Allan Sherman,Funny Songs for YouTube Videos and YouTubers -Video Creators,album 2020-10-19 dz:181311082,Deezer/iTunes backfill after review
discography:deezer,candidate,Allan Sherman,Funny Songs for YouTube Videos and YouTubers and Video Creators,album 2020-09-24 dz:175787572,Deezer/iTunes backfill after review
discography:deezer,candidate,Allan Sherman,"Number Ones (Hits and Others, Too)",album 2018-12-25 dz:300827227,Deezer/iTunes backfill after review
discography:deezer,candidate,Allan Sherman,The Fig Leaves Are Falling - Broadway Musical,album 2017-12-09 dz:53005852,Deezer/iTunes backfill after review
discography:deezer,candidate,Allan Sherman,Through the Looking Glass,album 2017-12-09 dz:53006402,Deezer/iTunes backfill after review
discography:deezer,candidate,Allan Sherman,My Son the Celebrity Folk Singer,album 2023-02-11 dz:91454652,Deezer/iTunes backfill after review
discography:deezer,candidate,Allan Sherman,The Celebrity Folksinger,album 2023-02-11 dz:404634507,Deezer/iTunes backfill after review
discography:deezer,candidate,Allan Sherman,Celebrity Folksinger,album 2023-02-11 dz:406859927,Deezer/iTunes backfill after review
discography:deezer,candidate,Allan Sherman,The Fig Leaves Are Falling: The Broadway Musical,album 2016-05-19 dz:13225704,Deezer/iTunes backfill after review
discography:deezer,candidate,Allan Sherman,Cat in the Hat (Songs from the Cat in the Hat),album 2015-10-04 dz:11115030,Deezer/iTunes backfill after review
discography:deezer,candidate,Allan Sherman,There Is Nothing Like A Lox: The Lost Song Parodies Of Alan Sherman,album 2020-04-10 dz:131028352,Deezer/iTunes backfill after review
discography:deezer,candidate,Allan Sherman,"My Son, The Celebrity",album 2005-02-08 dz:81781,Deezer/iTunes backfill after review
discography:deezer,candidate,Allan Sherman,The Cat in The Hat and more songs like that,album 2021-04-23 dz:223171142,Deezer/iTunes backfill after review
discography:deezer,candidate,Allan Sherman,The Cat in the Hat and Some Songs Like That,album 2021-04-23 dz:344327427,Deezer/iTunes backfill after review
discography:deezer,candidate,Allan Sherman,Cat in the Hat and some more songs like that,album 2021-04-23 dz:482022225,Deezer/iTunes backfill after review
discography:deezer,candidate,Allan Sherman,Cat in the Hat & More Songs Like That,album 2021-04-23 dz:496793661,Deezer/iTunes backfill after review
discography:deezer,candidate,Allan Sherman,The Cat in The Hat and some songs like,album 2021-04-23 dz:514932402,Deezer/iTunes backfill after review
discography:deezer,candidate,Allan Sherman,The Cat in the Hat & Some Songs Like That,album 2021-04-23 dz:539201342,Deezer/iTunes backfill after review
discography:deezer,candidate,Allan Sherman,Cat in the Hat and some songs like that,album 2021-04-23 dz:615808352,Deezer/iTunes backfill after review
discography:deezer,candidate,Allan Sherman,Cat in the Hat & More Songs Like,album 2021-04-23 dz:876766892,Deezer/iTunes backfill after review
discography:deezer,candidate,Allan Sherman,Togetherness Allan Sherman,album 2005-02-08 dz:416058517,Deezer/iTunes backfill after review
discography:deezer,candidate,Allan Sherman,My Name Is Allan,album 2023-01-11 dz:87021,Deezer/iTunes backfill after review
discography:deezer,candidate,Allan Sherman,"My Name Is Allan, Not Barbra",album 2023-01-11 dz:315640607,Deezer/iTunes backfill after review
discography:deezer,candidate,Allan Sherman,My Name Is Allan (Not My Name Is Barbara Streisand),album 2023-01-11 dz:404493337,Deezer/iTunes backfill after review
discography:deezer,candidate,Allan Sherman,My Name Is Allan (Not My Name Is Barbra Streisand),album 2023-01-11 dz:407173347,Deezer/iTunes backfill after review
discography:deezer,candidate,Allan Sherman,Peter and the Commissar by Allan Sherman,album 2021-01-14 dz:182883582,Deezer/iTunes backfill after review
discography:deezer,candidate,Allan Sherman,Count Dracula is My Son the Vampire,ep 2026-08-12 dz:1057456112,Deezer/iTunes backfill after review
discography:deezer,candidate,Allan Sherman,Funny Campfire Songs from Camp Granada,ep 2026-08-11 dz:1054448842,Deezer/iTunes backfill after review
discography:deezer,candidate,Allan Sherman,First Day of Christmas,ep 2026-08-11 dz:1054519192,Deezer/iTunes backfill after review
discography:deezer,candidate,Allan Sherman,Funny Letters from Camp,ep 2026-06-18 dz:1009922361,Deezer/iTunes backfill after review
discography:deezer,candidate,Allan Sherman,Mother Father,ep 2026-02-08 dz:900768162,Deezer/iTunes backfill after review
discography:deezer,candidate,Allan Sherman,Funny Halloween Music for a Silly Halloween,ep 2025-12-22 dz:882443072,Deezer/iTunes backfill after review
discography:deezer,candidate,Allan Sherman,Comedy Christmas Songs,ep 2025-10-12 dz:837015652,Deezer/iTunes backfill after review
discography:deezer,candidate,Allan Sherman,Funny Halloween Songs for a Silly Halloween,ep 2025-09-07 dz:814437251,Deezer/iTunes backfill after review
discography:deezer,candidate,Allan Sherman,Silly Christmas Songs,ep 2025-09-07 dz:814442911,Deezer/iTunes backfill after review
discography:deezer,candidate,Allan Sherman,Hello Mother Hello Father,ep 2025-08-06 dz:804512301,Deezer/iTunes backfill after review
discography:deezer,candidate,Allan Sherman,Funny Christmas Music,ep 2025-08-06 dz:854501322,Deezer/iTunes backfill after review
discography:deezer,candidate,Allan Sherman,"Camp Granada, Hello Mother Hello Father",ep 2025-07-18 dz:799622541,Deezer/iTunes backfill after review
discography:deezer,candidate,Allan Sherman,in Concert,ep 2025-07-12 dz:783406711,Deezer/iTunes backfill after review
discography:deezer,candidate,Allan Sherman,Funny Camp Songs,ep 2025-04-30 dz:748207851,Deezer/iTunes backfill after review
discography:deezer,candidate,Allan Sherman,Camp Granada,ep 2025-04-14 dz:743300761,Deezer/iTunes backfill after review
discography:deezer,candidate,Allan Sherman,Funny Camp Songs from Camp Granada,ep 2024-11-10 dz:665534601,Deezer/iTunes backfill after review
discography:deezer,candidate,Allan Sherman,Funny Christmas Songs,ep 2024-05-26 dz:598707142,Deezer/iTunes backfill after review
discography:deezer,candidate,Allan Sherman,My Son the Folk Singer in Concert,ep 2024-04-25 dz:574355441,Deezer/iTunes backfill after review
discography:deezer,candidate,Allan Sherman,Silly Christmas Music,ep 2024-03-28 dz:563792982,Deezer/iTunes backfill after review
discography:deezer,candidate,Allan Sherman,xxxxx,ep 2024-03-03 dz:556825982,Deezer/iTunes backfill after review
discography:deezer,candidate,Allan Sherman,Best Christmas Songs Ever,ep 2023-09-28 dz:490353265,Deezer/iTunes backfill after review
discography:deezer,candidate,Allan Sherman,"Hello Mother Hello Father, Here I am at Camp Granada",ep 2023-07-22 dz:467763255,Deezer/iTunes backfill after review
discography:deezer,candidate,Allan Sherman,"Camp Granada (Hello Mudder Hello Fadder, Here I Am At Camp Grenada)",ep 2023-07-04 dz:458947845,Deezer/iTunes backfill after review
discography:deezer,candidate,Allan Sherman,Hello Mudder,ep 2023-03-29 dz:425900947,Deezer/iTunes backfill after review
discography:deezer,candidate,David Bowie,The Shel Talmy Recordings,album 2026-09-18 dz:1025266732,Deezer/iTunes backfill after review
discography:deezer,candidate,David Bowie,The Heart’s Filthy Lesson Mix E.P.,album 2025-09-25 dz:808010481,Deezer/iTunes backfill after review
discography:deezer,candidate,David Bowie,I Can't Give Everything Away (2002 - 2016),album 2025-09-12 dz:807400321,Deezer/iTunes backfill after review
discography:deezer,candidate,David Bowie,Rock 'n' Roll Star!,album 2024-06-14 dz:586737442,Deezer/iTunes backfill after review
discography:deezer,candidate,David Bowie,Divine Symmetry,album 2022-11-25 dz:361652927,Deezer/iTunes backfill after review
discography:deezer,candidate,David Bowie,Moonage Daydream – A Brett Morgen Film,album 2022-09-16 dz:352870157,Deezer/iTunes backfill after review
discography:deezer,candidate,David Bowie,Little Wonder Mix E.P. (Junior Vasquez Mixes),album 2022-02-04 dz:291216652,Deezer/iTunes backfill after review
discography:deezer,candidate,David Bowie,Dead Man Walking Mix E.P. (2022 Remaster),album 2022-02-04 dz:291396712,Deezer/iTunes backfill after review
discography:deezer,candidate,David Bowie,Toy (Toy:Box),album 2022-01-07 dz:280059892,Deezer/iTunes backfill after review
discography:deezer,candidate,David Bowie,Brilliant Adventure (1992 – 2001),album 2021-11-26 dz:273191402,Deezer/iTunes backfill after review
discography:deezer,candidate,David Bowie,The Width Of A Circle,album 2020-11-06 dz:231550852,Deezer/iTunes backfill after review
discography:deezer,candidate,David Bowie,ChangesNowBowie,album 2020-04-17 dz:141726752,Deezer/iTunes backfill after review
discography:deezer,candidate,David Bowie,Conversation Piece,album 2019-11-15 dz:118623542,Deezer/iTunes backfill after review
discography:deezer,candidate,David Bowie,The 'Mercury' Demos (with John 'Hutch' Hutchinson),album 2019-07-05 dz:102188982,Deezer/iTunes backfill after review
discography:deezer,candidate,David Bowie,Dance,album 2019-02-15 dz:87161592,Deezer/iTunes backfill after review
discography:deezer,candidate,David Bowie,Loving the Alien (1983 - 1988),album 2018-10-12 dz:75177902,Deezer/iTunes backfill after review
discography:deezer,candidate,David Bowie,A New Career in a New Town (1977 - 1982),album 2017-09-29 dz:48519172,Deezer/iTunes backfill after review
discography:deezer,candidate,David Bowie,"Legacy (The Very Best Of David Bowie, Deluxe)",album 2016-11-11 dz:413320307,Deezer/iTunes backfill after review
discography:deezer,candidate,David Bowie,Blackstar,album 2016-01-08 dz:415407217,Deezer/iTunes backfill after review
discography:deezer,candidate,David Bowie,Day-In Day-Out E.P. (Spanish Version),album 2007-05-25 dz:325714,Deezer/iTunes backfill after review
discography:deezer,candidate,David Bowie,All Saints,album 2001-07-23 dz:325792,Deezer/iTunes backfill after review
discography:deezer,candidate,David Bowie,"Ziggy Stardust (Demo, 2024 Remaster)",album 2024-03-21 dz:560368572,Deezer/iTunes backfill after review
discography:deezer,candidate,David Bowie,Bowie at the Beeb (The Best of the BBC Sessions 1968-1972),album 2000-09-25 dz:14343986,Deezer/iTunes backfill after review
discography:deezer,candidate,David Bowie,Metrobolist (aka The Man Who Sold The World) (2020 Mix),album 2020-11-06 dz:183748512,Deezer/iTunes backfill after review
discography:deezer,candidate,David Bowie,David Bowie (aka Space Oddity) (2015 Remaster),album 2015-09-25 dz:11204784,Deezer/iTunes backfill after review
discography:deezer,candidate,David Bowie,Space Oddity (2019 Mix),album 2019-11-14 dz:118460202,Deezer/iTunes backfill after review
discography:deezer,candidate,David Bowie,I Can't Give Everything Away E.P,ep 2025-10-24 dz:822417721,Deezer/iTunes backfill after review
discography:deezer,candidate,David Bowie,I’m Deranged E.P.,ep 2025-09-25 dz:808012911,Deezer/iTunes backfill after review
discography:deezer,candidate,David Bowie,Brilliant Adventure E.P.,ep 2022-08-05 dz:340801357,Deezer/iTunes backfill after review
discography:deezer,candidate,David Bowie,Fun Mix - EP,ep 2022-08-05 dz:342237037,Deezer/iTunes backfill after review
discography:deezer,candidate,David Bowie,Little Wonder Mix E.P. (Danny Saber Mixes),ep 2022-02-04 dz:291150372,Deezer/iTunes backfill after review
discography:deezer,candidate,David Bowie,Telling Lies E.P.,ep 2022-02-04 dz:291185052,Deezer/iTunes backfill after review
discography:deezer,candidate,David Bowie,Is It Any Wonder?,ep 2020-02-14 dz:131173592,Deezer/iTunes backfill after review
discography:deezer,candidate,David Bowie,Clareville Grove Demos,ep 2019-06-28 dz:101414242,Deezer/iTunes backfill after review
discography:deezer,candidate,David Bowie,No Plan E.P.,ep 2017-01-10 dz:544080082,Deezer/iTunes backfill after review
discography:deezer,candidate,David Bowie,Pallas Athena,ep 2010-06-04 dz:559270,Deezer/iTunes backfill after review
discography:deezer,candidate,David Bowie,'Heroes' / 'Helden' / 'Héros',ep 2009-08-07 dz:381812,Deezer/iTunes backfill after review
discography:deezer,candidate,David Bowie,Original John Peel Session: 23rd May 1972,ep 2008-11-28 dz:443853,Deezer/iTunes backfill after review
discography:deezer,candidate,David Bowie,Time Will Crawl E.P.,ep 2007-05-25 dz:300460,Deezer/iTunes backfill after review
discography:deezer,candidate,David Bowie,Magic Dance E.P.,ep 2007-05-25 dz:300461,Deezer/iTunes backfill after review
discography:deezer,candidate,David Bowie,Loving The Alien E.P.,ep 2007-05-25 dz:325711,Deezer/iTunes backfill after review
discography:deezer,candidate,David Bowie,Dancing In The Street E.P.,ep 2007-05-25 dz:325784,Deezer/iTunes backfill after review
discography:deezer,candidate,David Bowie,Never Let Me Down E.P.,ep 2007-05-25 dz:325718,Deezer/iTunes backfill after review
discography:deezer,candidate,David Bowie,Underground E.P.,ep 2007-05-25 dz:325712,Deezer/iTunes backfill after review
discography:deezer,candidate,David Bowie,Tonight E.P.,ep 2007-05-25 dz:325710,Deezer/iTunes backfill after review
discography:deezer,candidate,David Bowie,Golden Years (David Bowie vs. KCRW),ep 2011-06-03 dz:1063661,Deezer/iTunes backfill after review
discography:deezer,candidate,H2O,Lost in Naples Original Soundtrack,album 2026-08-13 dz:1052302002,Deezer/iTunes backfill after review
discography:deezer,candidate,H2O,H2O (30th Anniversary),album 2026-07-31 dz:1035562762,Deezer/iTunes backfill after review
discography:deezer,candidate,H2O,PROTOTYPE.,album 2026-06-19 dz:999327331,Deezer/iTunes backfill after review
discography:deezer,candidate,H2O,Splash,album 2026-06-06 dz:935223831,Deezer/iTunes backfill after review
discography:deezer,candidate,H2O,竹林七贤·电子觉醒 The Seven Sages: Electronic Awakening,album 2026-01-15 dz:893416392,Deezer/iTunes backfill after review
discography:deezer,candidate,H2O,Divine Intervention,album 2026-01-03 dz:891108502,Deezer/iTunes backfill after review
discography:deezer,candidate,H2O,H2O 45th Anniversary Best Selection,album 2025-07-30 dz:792732171,Deezer/iTunes backfill after review
discography:deezer,candidate,H2O,Highest Perspective,album 2024-01-25 dz:539515282,Deezer/iTunes backfill after review
discography:deezer,candidate,H2O,adultswim.,album 2024-07-22 dz:458253015,Deezer/iTunes backfill after review
discography:deezer,candidate,H2O,Just Add Water,album 2021-09-04 dz:414048407,Deezer/iTunes backfill after review
discography:deezer,candidate,H2O,New Horizons,album 2021-06-04 dz:231564332,Deezer/iTunes backfill after review
discography:deezer,candidate,H2O,Trance Illusion,album 2021-03-08 dz:208397392,Deezer/iTunes backfill after review
discography:deezer,candidate,H2O,High Tides,album 2020-09-13 dz:172684732,Deezer/iTunes backfill after review
discography:deezer,candidate,H2O,Purple Hearts & Anchors,album 2018-06-15 dz:65219342,Deezer/iTunes backfill after review
discography:deezer,candidate,H2O,Faith,album 2017-12-11 dz:51053982,Deezer/iTunes backfill after review
discography:deezer,candidate,H2O,Black Gold,album 2017-10-17 dz:50255042,Deezer/iTunes backfill after review
discography:deezer,candidate,H2O,Use Your Voice,album 2015-10-09 dz:321152197,Deezer/iTunes backfill after review
discography:deezer,candidate,H2O,Still Foggy….But,album 2014-11-19 dz:550447522,Deezer/iTunes backfill after review
discography:deezer,candidate,H2O,Don’t Forget Your Roots,album 2011-11-15 dz:4062141,Deezer/iTunes backfill after review
discography:deezer,candidate,H2O,Stay in Your Lane,album 2010-04-15 dz:1077153,Deezer/iTunes backfill after review
discography:deezer,candidate,H2O,Nothing To Prove,album 2008-05-27 dz:1640698,Deezer/iTunes backfill after review
discography:deezer,candidate,H2O,Boiling Point,album 2004-10-28 dz:550434142,Deezer/iTunes backfill after review
discography:deezer,candidate,H2O,Go,album 2016-03-18 dz:12657880,Deezer/iTunes backfill after review
discography:deezer,candidate,H2O,F.T.T.W.,album 2008-01-29 dz:43849131,Deezer/iTunes backfill after review
discography:deezer,candidate,H2O,Thicker Than Water,album 1997-10-07 dz:43858401,Deezer/iTunes backfill after review
discography:deezer,candidate,H2O,Enamorado,album 1995-01-01 dz:364632847,Deezer/iTunes backfill after review
discography:deezer,candidate,H2O,Don`t worry,album 1992-05-01 dz:320441857,Deezer/iTunes backfill after review
discography:deezer,candidate,H2O,안개도시,album 1987-07-20 dz:343499977,Deezer/iTunes backfill after review
discography:deezer,candidate,H2O,Next Corner,album 2025-07-30 dz:792732121,Deezer/iTunes backfill after review
discography:deezer,candidate,H2O,Emotion,album 2005-07-01 dz:800859781,Deezer/iTunes backfill after review
discography:deezer,candidate,H2O,Wait a Second,album 2025-07-30 dz:792732101,Deezer/iTunes backfill after review
discography:deezer,candidate,H2O,Waterland,album 2025-07-30 dz:792732071,Deezer/iTunes backfill after review
discography:deezer,candidate,H2O,No Way Back,ep 2026-07-03 dz:795280391,Deezer/iTunes backfill after review
discography:deezer,candidate,H2O,What I Think Is My Testimony,ep 2025-12-25 dz:878573522,Deezer/iTunes backfill after review
discography:deezer,candidate,H2O,Off The Love,ep 2025-12-25 dz:885396402,Deezer/iTunes backfill after review
discography:deezer,candidate,H2O,SELECTA,ep 2025-10-10 dz:831498191,Deezer/iTunes backfill after review
discography:deezer,candidate,H2O,另世,ep 2024-06-29 dz:719726681,Deezer/iTunes backfill after review
discography:deezer,candidate,H2O,"""Hop Out Ur Feelin's & Jump N Ur Bag"" Vol. 1",ep 2023-12-29 dz:526210942,Deezer/iTunes backfill after review
discography:deezer,candidate,H2O,Genesis,ep 2020-01-20 dz:800018091,Deezer/iTunes backfill after review
discography:deezer,candidate,H2O,EXCEED EP,ep 2018-12-05 dz:225714812,Deezer/iTunes backfill after review
discography:deezer,candidate,H2O,The Don Fury Demo Session,ep 2017-09-29 dz:321116237,Deezer/iTunes backfill after review
discography:deezer,candidate,H2O,The New Blues Brothers,ep 2013-05-14 dz:172767872,Deezer/iTunes backfill after review
discography:deezer,candidate,H2O,Seduction,ep 2013-04-19 dz:550434222,Deezer/iTunes backfill after review
discography:deezer,candidate,Bruce Springsteen,Nebraska '82: Expanded Edition,album 2025-10-24 dz:839537592,Deezer/iTunes backfill after review
discography:deezer,candidate,Bruce Springsteen,Tracks II: The Lost Albums,album 2025-06-27 dz:775559621,Deezer/iTunes backfill after review
discography:deezer,candidate,Bruce Springsteen,Land Of Hope & Dreams,album 2025-05-20 dz:760105241,Deezer/iTunes backfill after review
discography:deezer,candidate,Bruce Springsteen,Bruce Springsteen & The E Street Band - Road Diary,album 2024-10-25 dz:658474741,Deezer/iTunes backfill after review
discography:deezer,candidate,Bruce Springsteen,Bruce Springsteen & The E Street Band - The Reunion Tour '99,album 2024-07-26 dz:617668991,Deezer/iTunes backfill after review
discography:deezer,candidate,Bruce Springsteen,Bruce Springsteen & The E Street Band - The Born in the U.S.A. Tour '84 - '85,album 2024-06-03 dz:592751082,Deezer/iTunes backfill after review
discography:deezer,candidate,Bruce Springsteen,Best of Bruce Springsteen (Expanded Edition),album 2024-04-19 dz:571309991,Deezer/iTunes backfill after review
discography:deezer,candidate,Bruce Springsteen,Bruce Springsteen & The E Street Band - The Darkness Tour '78,album 2023-06-02 dz:445198825,Deezer/iTunes backfill after review
discography:deezer,candidate,Bruce Springsteen,Only the Strong Survive,album 2022-11-11 dz:373397747,Deezer/iTunes backfill after review
discography:deezer,candidate,Bruce Springsteen,Bruce Springsteen & The E Street Band - The Legendary 1979 No Nukes Concerts,album 2021-11-19 dz:272396892,Deezer/iTunes backfill after review
discography:deezer,candidate,Bruce Springsteen,Letter To You,album 2020-10-23 dz:180546922,Deezer/iTunes backfill after review
discography:deezer,candidate,Bruce Springsteen,Western Stars - Songs From The Film,album 2019-10-25 dz:115783152,Deezer/iTunes backfill after review
discography:deezer,candidate,Bruce Springsteen,Western Stars,album 2019-06-14 dz:100163032,Deezer/iTunes backfill after review
discography:deezer,candidate,Bruce Springsteen,Springsteen on Broadway,album 2018-12-14 dz:81562032,Deezer/iTunes backfill after review
discography:deezer,candidate,Bruce Springsteen,Chapter and Verse,album 2016-09-23 dz:14102072,Deezer/iTunes backfill after review
discography:deezer,candidate,Bruce Springsteen,High Hopes,album 2014-01-06 dz:72619982,Deezer/iTunes backfill after review
discography:deezer,candidate,Bruce Springsteen,Wrecking Ball,album 2012-03-02 dz:1578500,Deezer/iTunes backfill after review
discography:deezer,candidate,Bruce Springsteen,The Promise,album 2010-11-12 dz:692642,Deezer/iTunes backfill after review
discography:deezer,candidate,Bruce Springsteen,Working On A Dream,album 2010-11-16 dz:714694,Deezer/iTunes backfill after review
discography:deezer,candidate,Bruce Springsteen,Magic,album 2007-09-26 dz:53451742,Deezer/iTunes backfill after review
discography:deezer,candidate,Bruce Springsteen,We Shall Overcome: The Seeger Sessions (American Land Edition),album 2006-09-29 dz:73443,Deezer/iTunes backfill after review
discography:deezer,candidate,Bruce Springsteen,"Hammersmith Odeon, London '75",album 2006-02-20 dz:1454228,Deezer/iTunes backfill after review
discography:deezer,candidate,Bruce Springsteen,Devils & Dust,album 2005-04-26 dz:1207504,Deezer/iTunes backfill after review
discography:deezer,candidate,Bruce Springsteen,The Essential Bruce Springsteen,album 2015-10-16 dz:11428810,Deezer/iTunes backfill after review
discography:deezer,candidate,Bruce Springsteen,Tracks,album 1998-11-10 dz:75878112,Deezer/iTunes backfill after review
discography:deezer,candidate,Bruce Springsteen,The Ghost Of Tom Joad,album 1995-11-21 dz:1398613,Deezer/iTunes backfill after review
discography:deezer,candidate,Bruce Springsteen,Human Touch,album 1992-02-20 dz:1399001,Deezer/iTunes backfill after review
discography:deezer,candidate,Bruce Springsteen,Lucky Town,album 1992-02-21 dz:1399002,Deezer/iTunes backfill after review
discography:deezer,candidate,Bruce Springsteen,The Ties That Bind: The River Collection,album 1980-10-17 dz:75265362,Deezer/iTunes backfill after review
discography:deezer,candidate,Bruce Springsteen,American Beauty,ep 2014-04-18 dz:7690736,Deezer/iTunes backfill after review
discography:deezer,candidate,Bruce Springsteen,Magic Tour Highlights,ep 2008-07-14 dz:109808,Deezer/iTunes backfill after review
discography:deezer,candidate,Bruce Springsteen,Lonesome Day - EP,ep 2002-08-01 dz:62446492,Deezer/iTunes backfill after review
discography:deezer,candidate,Bruce Springsteen,Missing EP,ep 1996-08-01 dz:62446612,Deezer/iTunes backfill after review
discography:deezer,candidate,Bruce Springsteen,Blood Brothers,ep 2014-01-21 dz:7331347,Deezer/iTunes backfill after review
discography:deezer,candidate,Bob Dylan,Through The Open Window: The Bootleg Series Vol. 18 (Highlights),album 2025-10-31 dz:843502252,Deezer/iTunes backfill after review
discography:deezer,candidate,Bob Dylan,Mixing Up The Medicine / A Retrospective,album 2023-09-06 dz:500005011,Deezer/iTunes backfill after review
discography:deezer,candidate,Bob Dylan,Shadow Kingdom,album 2023-06-02 dz:444701105,Deezer/iTunes backfill after review
discography:deezer,candidate,Bob Dylan,"Fragments - Time Out of Mind Sessions (1996-1997): The Bootleg Series, Vol. 17",album 2023-01-26 dz:399056827,Deezer/iTunes backfill after review
discography:deezer,candidate,Bob Dylan,"Springtime in New York: The Bootleg Series, Vol. 16 / 1980-1985",album 2021-09-17 dz:258007172,Deezer/iTunes backfill after review
discography:deezer,candidate,Bob Dylan,The Best of The Bootleg Series,album 2020-10-02 dz:175870902,Deezer/iTunes backfill after review
discography:deezer,candidate,Bob Dylan,Rough and Rowdy Ways,album 2020-06-19 dz:154396582,Deezer/iTunes backfill after review
discography:deezer,candidate,Bob Dylan,"Travelin' Thru, 1967 - 1969: The Bootleg Series, Vol. 15 (Sampler)",album 2019-11-01 dz:116404632,Deezer/iTunes backfill after review
discography:deezer,candidate,Bob Dylan,"More Blood, More Tracks: The Bootleg Series, Vol. 14 (Sampler)",album 2018-11-02 dz:76597082,Deezer/iTunes backfill after review
discography:deezer,candidate,Bob Dylan,Triplicate (Sampler),album 2017-03-31 dz:15801862,Deezer/iTunes backfill after review
discography:deezer,candidate,Bob Dylan,Triplicate,album 2017-03-31 dz:38809411,Deezer/iTunes backfill after review
discography:deezer,candidate,Bob Dylan,Fallen Angels,album 2016-05-20 dz:25539071,Deezer/iTunes backfill after review
discography:deezer,candidate,Bob Dylan,Shadows in the Night,album 2015-01-30 dz:9562396,Deezer/iTunes backfill after review
discography:deezer,candidate,Bob Dylan,The Very Best Of,album 2024-11-29 dz:673571451,Deezer/iTunes backfill after review
discography:deezer,candidate,Bob Dylan,Side Tracks,album 2013-11-04 dz:217695122,Deezer/iTunes backfill after review
discography:deezer,candidate,Bob Dylan,Tempest,album 2012-09-10 dz:6053816,Deezer/iTunes backfill after review
discography:deezer,candidate,Bob Dylan,Christmas In The Heart,album 2009-10-13 dz:397572,Deezer/iTunes backfill after review
discography:deezer,candidate,Bob Dylan,Together Through Life,album 2009-04-28 dz:293526,Deezer/iTunes backfill after review
discography:deezer,candidate,Bob Dylan,Tell Tale Signs: The Bootleg Series Vol. 8 (Deluxe Edition),album 2008-10-07 dz:497594,Deezer/iTunes backfill after review
discography:deezer,candidate,Bob Dylan,Greatest Hits Volume 3,album 1994-11-15 dz:111838,Deezer/iTunes backfill after review
discography:deezer,candidate,Bob Dylan,The Bootleg Series Volumes 1-3 (Rare And Unreleased) 1961-1991,album 1991-03-26 dz:1400015,Deezer/iTunes backfill after review
discography:deezer,candidate,Bob Dylan,"Trouble No More: The Bootleg Series, Vol. 13 / 1979-1981 (Deluxe Edition)",album 1981-11-03 dz:175927182,Deezer/iTunes backfill after review
discography:deezer,candidate,Bob Dylan,Dylan (1973),album 2013-11-05 dz:7026536,Deezer/iTunes backfill after review
discography:deezer,candidate,Bob Dylan,Pat Garrett & Billy The Kid (Soundtrack From The Motion Picture),album 1973-07-13 dz:6985428,Deezer/iTunes backfill after review
discography:deezer,candidate,Bob Dylan,Bob Dylan's Greatest Hits Volume II,album 1971-11-17 dz:112706,Deezer/iTunes backfill after review
discography:deezer,candidate,Bob Dylan,"Another Self Portrait (1969-1971): The Bootleg Series, Vol. 10 (Deluxe Edition)",album 2013-08-23 dz:6744184,Deezer/iTunes backfill after review
discography:deezer,candidate,Bob Dylan,"The Basement Tapes Complete: The Bootleg Series, Vol. 11 (Deluxe Edition)",album 2014-10-31 dz:8811427,Deezer/iTunes backfill after review
discography:deezer,candidate,Bob Dylan,No Direction Home: Bootleg Volume 7 (Movie Soundtrack),album 1966-06-23 dz:751653,Deezer/iTunes backfill after review
discography:deezer,candidate,Bob Dylan,"The Cutting Edge 1965-1966: The Bootleg Series, Vol.12 (Deluxe Edition)",album 2015-11-06 dz:11241502,Deezer/iTunes backfill after review
discography:deezer,candidate,Bob Dylan,The Witmark Demos: 1962-1964 (The Bootleg Series Vol. 9),album 1963-01-01 dz:674806,Deezer/iTunes backfill after review
discography:deezer,candidate,SOLE,MBFX,album 2021-03-05 dz:459730565,Deezer/iTunes backfill after review
discography:deezer,candidate,SOLE,Best of Mansbestfriend,album 2021-01-01 dz:456767035,Deezer/iTunes backfill after review
discography:deezer,candidate,SOLE,worlds not yet gone,album 2020-04-03 dz:453611715,Deezer/iTunes backfill after review
discography:deezer,candidate,SOLE,No God Nor Country,album 2019-11-18 dz:452637925,Deezer/iTunes backfill after review
discography:deezer,candidate,SOLE,Destituent,album 2019-02-22 dz:459475745,Deezer/iTunes backfill after review
discography:deezer,candidate,SOLE,Let Them Eat Sand,album 2018-02-02 dz:459327515,Deezer/iTunes backfill after review
discography:deezer,candidate,SOLE,Nihilismo,album 2016-04-22 dz:12817686,Deezer/iTunes backfill after review
discography:deezer,candidate,SOLE,mansbestfriend 7,album 2015-09-04 dz:11199834,Deezer/iTunes backfill after review
discography:deezer,candidate,SOLE,Crimes Against Totality,album 2013-11-26 dz:7140777,Deezer/iTunes backfill after review
discography:deezer,candidate,SOLE,No Wising up No Settling Down,album 2013-04-30 dz:6552766,Deezer/iTunes backfill after review
discography:deezer,candidate,SOLE,A Ruthless Criticism Of Everything Existing,album 2012-11-13 dz:6057644,Deezer/iTunes backfill after review
discography:deezer,candidate,SOLE,Hello Cruel World,album 2011-07-19 dz:2886941,Deezer/iTunes backfill after review
discography:deezer,candidate,SOLE,Plastique,album 2009-10-13 dz:2917801,Deezer/iTunes backfill after review
discography:deezer,candidate,SOLE,Desert Eagle,album 2008-03-22 dz:1008068,Deezer/iTunes backfill after review
discography:deezer,candidate,SOLE,Sole & The Skyrider Band,album 2007-10-23 dz:1004174,Deezer/iTunes backfill after review
discography:deezer,candidate,SOLE,Mansbestfriend 4: Poly.Sci.187,album 2007-05-29 dz:1053629,Deezer/iTunes backfill after review
discography:deezer,candidate,SOLE,Songs That Went Tin,album 2005-02-21 dz:1008067,Deezer/iTunes backfill after review
discography:deezer,candidate,SOLE,Mansbestfriend Pt. 3,album 2004-02-21 dz:1008069,Deezer/iTunes backfill after review
discography:deezer,candidate,SOLE,Mansbestfriend Pt. 1,album 2002-02-21 dz:1008070,Deezer/iTunes backfill after review
discography:deezer,candidate,SOLE,mansbestfriend 2,album 2003-07-11 dz:459438745,Deezer/iTunes backfill after review
discography:deezer,candidate,SOLE,Learning To Walk,album 2001-07-24 dz:3863851,Deezer/iTunes backfill after review
discography:deezer,candidate,SOLE,_uck_rt,album 2014-01-01 dz:459730585,Deezer/iTunes backfill after review
discography:deezer,candidate,SOLE,The Taste of Rain... Why Kneel,album 1999-06-26 dz:171425722,Deezer/iTunes backfill after review
discography:deezer,candidate,SOLE,bottle of humans,album 1999-01-01 dz:1002371,Deezer/iTunes backfill after review
discography:deezer,candidate,SOLE,Pattern of Life,ep 2020-04-20 dz:451610505,Deezer/iTunes backfill after review
discography:deezer,candidate,SOLE,Warfare,ep 2021-09-21 dz:458092195,Deezer/iTunes backfill after review
discography:deezer,candidate,SOLE,The Challenger EP,ep 2011-12-13 dz:2896841,Deezer/iTunes backfill after review
discography:deezer,candidate,SOLE,Exhile EP,ep 2007-05-29 dz:1008066,Deezer/iTunes backfill after review
discography:deezer,candidate,SOLE,Salt On Everything,ep 2002-01-01 dz:1002382,Deezer/iTunes backfill after review
discography:deezer,candidate,James Brown,Black & Loud: James Brown Reimagined By Stro Elliot,album 2022-02-18 dz:294769832,Deezer/iTunes backfill after review
discography:deezer,candidate,James Brown,Get On Up - The James Brown Story (Original Motion Picture Soundtrack),album 2026-07-10 dz:1020194301,Deezer/iTunes backfill after review
discography:deezer,candidate,James Brown,The Singles Vol. 10 1975-1979,album 2011-01-01 dz:99692042,Deezer/iTunes backfill after review
discography:deezer,candidate,James Brown,The Singles: Vol. 9 1973-1975,album 2010-09-17 dz:647126,Deezer/iTunes backfill after review
discography:deezer,candidate,James Brown,The Singles Vol. 8: 1972-1973,album 2009-12-18 dz:99688732,Deezer/iTunes backfill after review
discography:deezer,candidate,James Brown,The Singles Vol. 7: 1970-1972,album 2009-05-22 dz:99691112,Deezer/iTunes backfill after review
discography:deezer,candidate,James Brown,The Singles Vol. 6: 1969-1970,album 2009-01-23 dz:97397932,Deezer/iTunes backfill after review
discography:deezer,candidate,James Brown,The Singles Vol. 5: 1967-1969,album 2018-12-14 dz:81456472,Deezer/iTunes backfill after review
discography:deezer,candidate,James Brown,The Singles Vol. 4: 1966-1967,album 2018-12-14 dz:81457472,Deezer/iTunes backfill after review
discography:deezer,candidate,James Brown,The Singles Vol. 3: 1964-1965,album 2018-12-14 dz:81458992,Deezer/iTunes backfill after review
discography:deezer,candidate,James Brown,The Singles Vol. 2 1960-1963,album 2007-03-27 dz:81459122,Deezer/iTunes backfill after review
discography:deezer,candidate,James Brown,The Singles Vol. 1: 1956-1960 The Federal Years,album 2015-07-01 dz:81456842,Deezer/iTunes backfill after review
discography:deezer,candidate,James Brown,The Best Of James Brown 20th Century The Millennium Collection Vol. 3,album 2005-01-01 dz:116587842,Deezer/iTunes backfill after review
discography:deezer,candidate,James Brown,20th Century Masters: The Millennium Collection: Best Of James Brown (Vol. 2 - The ‘70s),album 2007-05-03 dz:81458632,Deezer/iTunes backfill after review
discography:deezer,candidate,James Brown,20th Century Masters: The Christmas Collection: James Brown,album 2003-09-23 dz:2316461,Deezer/iTunes backfill after review
discography:deezer,candidate,James Brown,Greatest Hits Fourth Decade,album 1992-12-24 dz:1208830,Deezer/iTunes backfill after review
discography:deezer,candidate,James Brown,Cold Sweat & Other Soul Classics: James Brown,album 1990-09-25 dz:70498482,Deezer/iTunes backfill after review
discography:deezer,candidate,James Brown,Super Bad,album 2012-06-12 dz:1673215,Deezer/iTunes backfill after review
discography:deezer,candidate,James Brown,Nothing But Soul,album 2014-07-22 dz:8150094,Deezer/iTunes backfill after review
discography:deezer,candidate,James Brown,I Can't Stand Myself When You Touch Me,album 2015-03-09 dz:70761592,Deezer/iTunes backfill after review
discography:deezer,candidate,James Brown,Christmas Songs,album 1966-01-01 dz:10039920,Deezer/iTunes backfill after review
discography:deezer,candidate,James Brown,James Brown Plays James Brown Today & Yesterday,album 2014-07-22 dz:8198826,Deezer/iTunes backfill after review
discography:deezer,candidate,James Brown,Out Of Sight,album 2018-08-10 dz:70762662,Deezer/iTunes backfill after review
discography:deezer,candidate,James Brown,Grits And Soul,album 2014-07-22 dz:8198820,Deezer/iTunes backfill after review
discography:deezer,candidate,James Brown,Pure Dynamite!,album 2012-05-28 dz:1673208,Deezer/iTunes backfill after review
discography:deezer,candidate,James Brown,"Good, Good Twistin' With James Brown",album 2014-07-22 dz:8150100,Deezer/iTunes backfill after review
discography:deezer,candidate,The Rolling Stones,Foreign Tongues,album 2026-07-10 dz:1021254041,Deezer/iTunes backfill after review
discography:deezer,candidate,The Rolling Stones,Honk (Deluxe),album 2020-04-27 dz:144013822,Deezer/iTunes backfill after review
discography:deezer,candidate,The Rolling Stones,On Air (Deluxe),album 2017-12-01 dz:52250092,Deezer/iTunes backfill after review
discography:deezer,candidate,The Rolling Stones,Blue & Lonesome,album 2016-12-02 dz:14713808,Deezer/iTunes backfill after review
discography:deezer,candidate,The Rolling Stones,A Bigger Bang (2009 Re-Mastered),album 2009-08-17 dz:384230,Deezer/iTunes backfill after review
discography:deezer,candidate,The Rolling Stones,Forty Licks,album 2023-09-08 dz:485577785,Deezer/iTunes backfill after review
discography:deezer,candidate,The Rolling Stones,The Rolling Stones Rock And Roll Circus (Expanded),album 2019-06-07 dz:98916392,Deezer/iTunes backfill after review
discography:deezer,candidate,The Rolling Stones,Stripped (2009 Re-Mastered Digital Version),album 2009-01-01 dz:424894,Deezer/iTunes backfill after review
discography:deezer,candidate,The Rolling Stones,Flashpoint (2009 Re-Mastered Digital Version),album 2009-01-01 dz:424890,Deezer/iTunes backfill after review
discography:deezer,candidate,The Rolling Stones,Undercover (2009 Re-Mastered),album 2008-08-29 dz:382776,Deezer/iTunes backfill after review
discography:deezer,candidate,The Rolling Stones,Still Life (2009 Re-Mastered Digital Version),album 2009-11-09 dz:424893,Deezer/iTunes backfill after review
discography:deezer,candidate,The Rolling Stones,Tattoo You (2009 Re-Mastered),album 2008-09-01 dz:384315,Deezer/iTunes backfill after review
discography:deezer,candidate,The Rolling Stones,Emotional Rescue (2009 Re-Mastered),album 2008-09-01 dz:384232,Deezer/iTunes backfill after review
discography:deezer,candidate,The Rolling Stones,Black And Blue (2025 Mix),album 2025-11-14 dz:851946502,Deezer/iTunes backfill after review
discography:deezer,candidate,The Rolling Stones,It's Only Rock 'N' Roll (2009 Re-Mastered),album 2009-01-01 dz:384051,Deezer/iTunes backfill after review
discography:deezer,candidate,The Rolling Stones,Exile On Main Street (2010 Re-Mastered),album 2008-09-01 dz:543353,Deezer/iTunes backfill after review
discography:deezer,candidate,The Rolling Stones,Jamming With Edward,album 2013-03-04 dz:6364039,Deezer/iTunes backfill after review
discography:deezer,candidate,The Rolling Stones,Get Yer Ya-Ya's Out! The Rolling Stones In Concert (40th Anniversary Edition),album 2009-01-01 dz:433508,Deezer/iTunes backfill after review
discography:deezer,candidate,The Rolling Stones,The Rolling Stones Singles Collection: The London Years,album 2010-12-07 dz:912926,Deezer/iTunes backfill after review
discography:deezer,candidate,The Rolling Stones,The Rolling Stones In Mono (Remastered 2016),album 2016-09-30 dz:14168292,Deezer/iTunes backfill after review
discography:deezer,candidate,The Rolling Stones,Out Of Our Heads (UK),album 2009-07-14 dz:104255432,Deezer/iTunes backfill after review
discography:deezer,candidate,The Rolling Stones,Singles 1968-1971,album 2005-01-01 dz:467304,Deezer/iTunes backfill after review
discography:deezer,candidate,The Rolling Stones,Singles 1963-1965,album 2009-12-28 dz:467529,Deezer/iTunes backfill after review
discography:deezer,candidate,The Rolling Stones,Singles 1965-1967,album 2005-08-03 dz:708965,Deezer/iTunes backfill after review
discography:deezer,candidate,The Rolling Stones,Voodoo Lounge (Single B-Sides),ep 2024-07-12 dz:612973842,Deezer/iTunes backfill after review
discography:deezer,candidate,Lacuna,Stardrift Mix,album 2024-12-26 dz:694130061,Deezer/iTunes backfill after review
discography:deezer,candidate,Lacuna,DEAF,album 2024-02-28 dz:553439032,Deezer/iTunes backfill after review
discography:deezer,candidate,Lacuna,Ruptura (Lacuna 7 Year Anniversary),album 2023-12-20 dz:519944392,Deezer/iTunes backfill after review
discography:deezer,candidate,Lacuna,Saligia,album 2023-03-02 dz:405370997,Deezer/iTunes backfill after review
discography:deezer,candidate,Lacuna,TEST,album 2022-08-23 dz:349375757,Deezer/iTunes backfill after review
discography:deezer,candidate,Lacuna,MUTE,album 2022-02-10 dz:293303372,Deezer/iTunes backfill after review
discography:deezer,candidate,Lacuna,Lacuna,album 2021-11-19 dz:258114302,Deezer/iTunes backfill after review
discography:deezer,candidate,Lacuna,Strains,album 2017-10-23 dz:633703621,Deezer/iTunes backfill after review
discography:deezer,candidate,Lacuna,Celebrate the Summer 2016,album 2016-09-09 dz:13894056,Deezer/iTunes backfill after review
discography:deezer,candidate,Lacuna,Talk on the Step,album 2013-03-27 dz:6548413,Deezer/iTunes backfill after review
discography:deezer,candidate,Lacuna,Celebrate the Summer (Club-Edition),album 2012-09-21 dz:5939102,Deezer/iTunes backfill after review
discography:deezer,candidate,Lacuna,Oceangoing,album 2010-02-17 dz:10716101,Deezer/iTunes backfill after review
discography:deezer,candidate,Lacuna,Celebrate the Summer 2006,album 2006-09-01 dz:6048578,Deezer/iTunes backfill after review
discography:deezer,candidate,Lacuna,Nuée Ardente,album 2005-01-01 dz:10718591,Deezer/iTunes backfill after review
discography:deezer,candidate,Lacuna,And the Frog Says ...,album 2002-01-01 dz:10720851,Deezer/iTunes backfill after review
discography:deezer,candidate,Lacuna,Nest,ep 2025-12-05 dz:835198772,Deezer/iTunes backfill after review
discography:deezer,candidate,Lacuna,Move,ep 2025-10-16 dz:838796832,Deezer/iTunes backfill after review
discography:deezer,candidate,Lacuna,What If I Told You I'd Been Lying The Whole Time,ep 2025-05-23 dz:745120911,Deezer/iTunes backfill after review
discography:deezer,candidate,Lacuna,Reboot EP,ep 2024-09-20 dz:636381761,Deezer/iTunes backfill after review
discography:deezer,candidate,Lacuna,Ghost,ep 2024-07-29 dz:620303061,Deezer/iTunes backfill after review
discography:deezer,candidate,Lacuna,Overgrown,ep 2023-07-07 dz:451023615,Deezer/iTunes backfill after review
discography:deezer,candidate,Lacuna,Transmute,ep 2021-11-05 dz:578288181,Deezer/iTunes backfill after review
discography:deezer,candidate,Lacuna,Mazza Mary,ep 2021-10-30 dz:262833572,Deezer/iTunes backfill after review
discography:deezer,candidate,Lacuna,Doce Ilusão,ep 2018-06-04 dz:64665202,Deezer/iTunes backfill after review
discography:deezer,candidate,Tony Bennett,My Favorite Things: Christmas Songs,album 2021-02-23 dz:269195172,Deezer/iTunes backfill after review
discography:deezer,candidate,Tony Bennett,Tony Bennett Celebrates 90,album 2016-12-16 dz:14831121,Deezer/iTunes backfill after review
discography:deezer,candidate,Tony Bennett,"Sings The American Songbook, Vols. 1 - 4",album 2013-10-04 dz:6928684,Deezer/iTunes backfill after review
discography:deezer,candidate,Tony Bennett,"Rarities, Outtakes & Other Delights, Vol. 1",album 2012-11-16 dz:6082249,Deezer/iTunes backfill after review
discography:deezer,candidate,Tony Bennett,The Best of the Improv Recordings,album 2011-07-12 dz:1251616,Deezer/iTunes backfill after review
discography:deezer,candidate,Tony Bennett,A Swingin' Christmas (feat. Count Basie Big Band),album 2008-10-10 dz:6860081,Deezer/iTunes backfill after review
discography:deezer,candidate,Tony Bennett,Tony Bennett Sings For Lovers,album 2020-10-30 dz:182958762,Deezer/iTunes backfill after review
discography:deezer,candidate,Tony Bennett,Bennett Sings Ellington / Hot And Cool,album 1999-09-28 dz:1212762,Deezer/iTunes backfill after review
discography:deezer,candidate,Tony Bennett,Sings The Rodgers & Hart Songbook,album 2006-02-21 dz:286520,Deezer/iTunes backfill after review
discography:deezer,candidate,Tony Bennett,Tony Bennett On Holiday: A Tribute To Billie Holiday,album 1997-02-04 dz:242253,Deezer/iTunes backfill after review
discography:deezer,candidate,Tony Bennett,MTV Unplugged,album 2006-08-24 dz:6928689,Deezer/iTunes backfill after review
discography:deezer,candidate,Tony Bennett,"Sunrise, Sunset",album 1973-01-01 dz:6079217,Deezer/iTunes backfill after review
discography:deezer,candidate,Tony Bennett,Get Happy,album 2012-11-16 dz:6082214,Deezer/iTunes backfill after review
discography:deezer,candidate,Tony Bennett,"Tony Bennett's ""Something""",album 1970-10-14 dz:242247,Deezer/iTunes backfill after review
discography:deezer,candidate,Tony Bennett,The Movie Song Album,album 1966-01-31 dz:1209329,Deezer/iTunes backfill after review
discography:deezer,candidate,Tony Bennett,Tony Bennett At Carnegie Hall - The Complete Concert,album 1962-07-23 dz:242249,Deezer/iTunes backfill after review
discography:deezer,candidate,Tony Bennett,Mr. Broadway,album 1962-03-01 dz:6082205,Deezer/iTunes backfill after review
discography:deezer,candidate,Tony Bennett,Tony Sings For Two,album 1961-02-06 dz:6082204,Deezer/iTunes backfill after review
discography:deezer,candidate,Tony Bennett,Tony Bennett Sings A String Of Harold Arlen,album 2012-11-16 dz:6082203,Deezer/iTunes backfill after review
discography:deezer,candidate,Tony Bennett,"Basie Swings, Bennett Sings",album 1959-05-01 dz:325131,Deezer/iTunes backfill after review
discography:deezer,candidate,Tony Bennett,In Person!,album 1959-03-23 dz:6082207,Deezer/iTunes backfill after review
discography:deezer,candidate,John Coltrane,A Love Supreme: The Platinum Collection,album 2021-11-10 dz:269975922,Deezer/iTunes backfill after review
discography:deezer,candidate,John Coltrane,On Impulse: John Coltrane,album 2021-02-12 dz:206523982,Deezer/iTunes backfill after review
discography:deezer,candidate,John Coltrane,Chasing Trane: The John Coltrane Documentary (Original Soundtrack),album 2017-11-17 dz:51429722,Deezer/iTunes backfill after review
discography:deezer,candidate,John Coltrane,The Atlantic Years in Mono,album 2016-06-10 dz:13309567,Deezer/iTunes backfill after review
discography:deezer,candidate,John Coltrane,The Art of the Saxophone,album 2013-10-29 dz:579129021,Deezer/iTunes backfill after review
discography:deezer,candidate,John Coltrane,Sun Ship: The Complete Session,album 2013-04-15 dz:78729342,Deezer/iTunes backfill after review
discography:deezer,candidate,John Coltrane,The Definitive John Coltrane On Prestige And Riverside,album 2010-08-23 dz:637604,Deezer/iTunes backfill after review
discography:deezer,candidate,John Coltrane,My Favorite Things: Coltrane At Newport,album 2007-06-29 dz:123933,Deezer/iTunes backfill after review
discography:deezer,candidate,John Coltrane,Prestige Profiles: John Coltrane,album 2006-05-30 dz:387414,Deezer/iTunes backfill after review
discography:deezer,candidate,John Coltrane,John Coltrane: Ken Burns's Jazz,album 2017-10-06 dz:49102682,Deezer/iTunes backfill after review
discography:deezer,candidate,John Coltrane,The Complete 1961 Village Vanguard Recordings,album 2018-02-08 dz:72090892,Deezer/iTunes backfill after review
discography:deezer,candidate,John Coltrane,Heavyweight Champion: The Complete Atlantic Recordings,album 1995-08-15 dz:81363,Deezer/iTunes backfill after review
discography:deezer,candidate,John Coltrane,The Art Of Coltrane,album 1992-08-03 dz:308899,Deezer/iTunes backfill after review
discography:deezer,candidate,John Coltrane,Interplay For 2 Trumpets & 2 Tenors,album 1992-01-01 dz:160674,Deezer/iTunes backfill after review
discography:deezer,candidate,John Coltrane,Bye Bye Blackbird,album 2012-04-10 dz:117637,Deezer/iTunes backfill after review
discography:deezer,candidate,John Coltrane,The Paris Concert,album 2006-08-28 dz:160784,Deezer/iTunes backfill after review
discography:deezer,candidate,John Coltrane,New Thing At Newport (Expanded Edition),album 2000-01-01 dz:123895,Deezer/iTunes backfill after review
discography:deezer,candidate,John Coltrane,A Love Supreme: The Complete Masters,album 2015-11-20 dz:11801568,Deezer/iTunes backfill after review
discography:deezer,candidate,John Coltrane,Coltrane Time,album 2022-02-07 dz:332355,Deezer/iTunes backfill after review
discography:deezer,candidate,John Coltrane,Wheelin' And Dealin' (Remastered 2025),album 2014-01-16 dz:805214591,Deezer/iTunes backfill after review
discography:deezer,candidate,John Coltrane,Blue Train: The Complete Masters,album 2022-09-16 dz:354997557,Deezer/iTunes backfill after review
discography:deezer,candidate,Barbra Streisand,The Music...The Mem'ries...The Magic!,album 2017-12-08 dz:52552742,Deezer/iTunes backfill after review
discography:deezer,candidate,Barbra Streisand,Back to Brooklyn,album 2013-11-22 dz:7103754,Deezer/iTunes backfill after review
discography:deezer,candidate,Barbra Streisand,What Matters Most Barbra Streisand Sings The Lyrics Of Alan & Marilyn Bergman,album 2011-08-19 dz:1199983,Deezer/iTunes backfill after review
discography:deezer,candidate,Barbra Streisand,"One Night Only: Barbra Streisand and Quartet at the Village Vanguard - September 26, 2009",album 2010-05-03 dz:554752,Deezer/iTunes backfill after review
discography:deezer,candidate,Barbra Streisand,The Essential Barbra Streisand,album 2002-01-29 dz:78176,Deezer/iTunes backfill after review
discography:deezer,candidate,Barbra Streisand,The Mirror Has Two Faces - Music From The Motion Picture,album 1996-10-15 dz:112775,Deezer/iTunes backfill after review
discography:deezer,candidate,Barbra Streisand,The Concert,album 1994-08-30 dz:78427,Deezer/iTunes backfill after review
discography:deezer,candidate,Barbra Streisand,On A Clear Day You Can See Forever: Original Soundtrack Recording,album 1993-10-19 dz:1455322,Deezer/iTunes backfill after review
discography:deezer,candidate,Barbra Streisand,The Prince Of Tides: Original Motion Picture Soundtrack,album 1991-11-12 dz:111756,Deezer/iTunes backfill after review
discography:deezer,candidate,Barbra Streisand,Nuts - Original Score from the Motion Picture,album 1987-12-21 dz:418076147,Deezer/iTunes backfill after review
discography:deezer,candidate,Barbra Streisand,One Voice,album 1987-04-28 dz:114903,Deezer/iTunes backfill after review
discography:deezer,candidate,Barbra Streisand,Yentl,album 1986-05-27 dz:115469,Deezer/iTunes backfill after review
discography:deezer,candidate,Barbra Streisand,The Main Event (Music from the Original Motion Picture Soundtrack),album 1979-06-21 dz:1214676,Deezer/iTunes backfill after review
discography:deezer,candidate,Barbra Streisand,Barbra Streisand's Greatest Hits Volume II,album 1978-11-01 dz:121292,Deezer/iTunes backfill after review
discography:deezer,candidate,Barbra Streisand,Superman,album 1986-02-11 dz:6935223,Deezer/iTunes backfill after review
discography:deezer,candidate,Barbra Streisand,Classical Barbra (Re-Mastered),album 2013-02-01 dz:6234289,Deezer/iTunes backfill after review
discography:deezer,candidate,Barbra Streisand,THE WAY WE WERE: Original Soundtrack Recording *,album 1992-10-09 dz:112926,Deezer/iTunes backfill after review
discography:deezer,candidate,Barbra Streisand,Funny Girl - Original Soundtrack Recording,album 1993-01-22 dz:97600,Deezer/iTunes backfill after review
discography:deezer,candidate,Barbra Streisand,A Happening In Central Park,album 1968-01-02 dz:121564,Deezer/iTunes backfill after review
discography:deezer,candidate,Barbra Streisand,The Barbra Streisand Album: Arranged and Conducted by Peter Matz,album 1963-02-25 dz:6925971,Deezer/iTunes backfill after review
discography:deezer,candidate,Cool,Daytona Sunsets,album 2026-09-10 dz:1074329082,Deezer/iTunes backfill after review
discography:deezer,candidate,Cool,God Still Good,album 2026-04-11 dz:960999211,Deezer/iTunes backfill after review
discography:deezer,candidate,Cool,NewAttempt,album 2025-07-16 dz:775603211,Deezer/iTunes backfill after review
discography:deezer,candidate,Cool,Happy Birthday Cool (Aquarius Season),album 2025-02-06 dz:708823531,Deezer/iTunes backfill after review
discography:deezer,candidate,Cool,Despite of Everything,album 2024-09-11 dz:640437271,Deezer/iTunes backfill after review
discography:deezer,candidate,Cool,Alone not Lonely,album 2023-12-24 dz:525578182,Deezer/iTunes backfill after review
discography:deezer,candidate,Cool,Allwell,album 2023-07-26 dz:463631085,Deezer/iTunes backfill after review
discography:deezer,candidate,Cool,Lit Lord,album 2022-12-24 dz:389165117,Deezer/iTunes backfill after review
discography:deezer,candidate,Cool,Lavish Loner,album 2021-12-24 dz:282334552,Deezer/iTunes backfill after review
discography:deezer,candidate,Cool,SEVEN DAYS,album 2021-07-24 dz:244005902,Deezer/iTunes backfill after review
discography:deezer,candidate,Cool,Self Preservation,album 2020-12-25 dz:193385722,Deezer/iTunes backfill after review
discography:deezer,candidate,Cool,Cooler Than Ever,album 2019-12-25 dz:124400142,Deezer/iTunes backfill after review
discography:deezer,candidate,Cool,Cool,album 2010-01-01 dz:707250551,Deezer/iTunes backfill after review
discography:deezer,candidate,Cool,电视剧天堂-Dance (Drama Paradise-Dance),album 2008-05-02 dz:991317751,Deezer/iTunes backfill after review
discography:deezer,candidate,Cool,记忆ㆍ爱 Vol. 1,album 2007-02-02 dz:991294321,Deezer/iTunes backfill after review
discography:deezer,candidate,Cool,9th Performance: Let‘s See What‘s Happening Now,album 2004-07-14 dz:310299207,Deezer/iTunes backfill after review
discography:deezer,candidate,Cool,Tank Knights Potriss (Original Motion Picture Soundtrack),album 2003-06-18 dz:303184467,Deezer/iTunes backfill after review
discography:deezer,candidate,Cool,三个愿望 Vol. 2 - 向月亮倾诉愿望,album 2002-05-28 dz:991223551,Deezer/iTunes backfill after review
discography:deezer,candidate,Cool,Summer Story,album 1997-07-01 dz:543177392,Deezer/iTunes backfill after review
discography:deezer,candidate,Cool,너이길 원했던 이유,album 1994-07-01 dz:543160162,Deezer/iTunes backfill after review
discography:deezer,candidate,Prince,Timeless,album 2026-08-28 dz:1002657481,Deezer/iTunes backfill after review
discography:deezer,candidate,Prince,Welcome 2 America,album 2021-07-30 dz:246819422,Deezer/iTunes backfill after review
discography:deezer,candidate,Prince,Originals,album 2019-06-07 dz:100641762,Deezer/iTunes backfill after review
discography:deezer,candidate,Prince,Piano & A Microphone 1983,album 2018-09-14 dz:73151002,Deezer/iTunes backfill after review
discography:deezer,candidate,Prince,Anthology: 1995-2010,album 2018-08-17 dz:69846172,Deezer/iTunes backfill after review
discography:deezer,candidate,Prince,4Ever,album 2016-11-22 dz:194459052,Deezer/iTunes backfill after review
discography:deezer,candidate,Prince,HITNRUN Phase Two,album 2018-10-10 dz:74877282,Deezer/iTunes backfill after review
discography:deezer,candidate,Prince,HITNRUN Phase One,album 2015-09-14 dz:11170882,Deezer/iTunes backfill after review
discography:deezer,candidate,Prince,Art Official Age,album 2014-09-26 dz:931972781,Deezer/iTunes backfill after review
discography:deezer,candidate,Prince,Plectrumelectrum,album 2014-09-26 dz:931976221,Deezer/iTunes backfill after review
discography:deezer,candidate,Prince,Rock and Roll Love Affair,album 2012-11-23 dz:838561072,Deezer/iTunes backfill after review
discography:deezer,candidate,Prince,MPLSoUND,album 2009-03-24 dz:69843262,Deezer/iTunes backfill after review
discography:deezer,candidate,Prince,The Chocolate Invasion (Trax From The NPG Music Club Volume One),album 2004-03-29 dz:69842442,Deezer/iTunes backfill after review
discography:deezer,candidate,Prince,One Nite Alone... (Solo Piano and Voice by Prince),album 2002-05-14 dz:69842782,Deezer/iTunes backfill after review
discography:deezer,candidate,Prince,Rave In2 the Joy Fantastic,album 2001-04-30 dz:85186642,Deezer/iTunes backfill after review
discography:deezer,candidate,Prince,The VERSACE Experience (PRELUDE 2 GOLD),album 2019-09-13 dz:104385202,Deezer/iTunes backfill after review
discography:deezer,candidate,Prince,Music from Graffiti Bridge,album 1990-08-17 dz:90975,Deezer/iTunes backfill after review
discography:deezer,candidate,Prince,Sign O' The Times,album 1987-03-30 dz:192417702,Deezer/iTunes backfill after review
discography:deezer,candidate,Prince,Parade - Music from the Motion Picture Under the Cherry Moon,album 1986-03-25 dz:80527,Deezer/iTunes backfill after review
discography:deezer,candidate,B‐Free,B-Free (Strap Music Clip One),album 2025-12-12 dz:891825162,Deezer/iTunes backfill after review
discography:deezer,candidate,B‐Free,FREE THE MANE 3 “FREE THE MANE VS B-FREE”,album 2025-10-03 dz:827973831,Deezer/iTunes backfill after review
discography:deezer,candidate,B‐Free,Millennial Symphony,album 2025-09-18 dz:821509021,Deezer/iTunes backfill after review
discography:deezer,candidate,B‐Free,"FREE THE MANE 2 ""FREE THE MANE VS 최승로""",album 2024-10-03 dz:782279641,Deezer/iTunes backfill after review
discography:deezer,candidate,B‐Free,Free Hukky Shibaseki & the God Sun Symphony Group : Odyssey.1,album 2024-06-28 dz:603228052,Deezer/iTunes backfill after review
discography:deezer,candidate,B‐Free,"FREE THE MANE ""END OF AMEN""",album 2023-08-19 dz:1019510191,Deezer/iTunes backfill after review
discography:deezer,candidate,B‐Free,FREE THE BEAST 3 B-FREE vs KOREA,album 2022-09-08 dz:1074416582,Deezer/iTunes backfill after review
discography:deezer,candidate,B‐Free,FREE THE BEAST 2,album 2022-02-16 dz:650910711,Deezer/iTunes backfill after review
discography:deezer,candidate,B‐Free,Ode 2 a Luv Affair,album 2016-09-26 dz:14008476,Deezer/iTunes backfill after review
discography:deezer,candidate,B‐Free,Nightmare Project,album 2013-10-15 dz:507462841,Deezer/iTunes backfill after review
discography:deezer,candidate,B‐Free,"Open Mic, Open Heart",album 2012-03-01 dz:124199642,Deezer/iTunes backfill after review
discography:deezer,candidate,B‐Free,How to Make a Mixtape,album 2011-05-16 dz:507742581,Deezer/iTunes backfill after review
discography:deezer,candidate,B‐Free,The Ticket,album 2010-10-18 dz:507369151,Deezer/iTunes backfill after review
discography:deezer,candidate,B‐Free,Freedumb,album 2010-07-07 dz:507750771,Deezer/iTunes backfill after review
discography:deezer,candidate,B‐Free,ROAD to FREEDUMB,album 2010-03-02 dz:627010461,Deezer/iTunes backfill after review
discography:deezer,candidate,B‐Free,BE FREE MUSIC,album 2009-08-11 dz:627014411,Deezer/iTunes backfill after review
discography:deezer,candidate,B‐Free,Medikament,ep 2019-09-10 dz:106628882,Deezer/iTunes backfill after review
discography:deezer,candidate,B‐Free,Hey!,ep 2011-02-24 dz:507730901,Deezer/iTunes backfill after review
discography:deezer,candidate,B‐Free,Coffee Break,ep 2011-01-27 dz:507816381,Deezer/iTunes backfill after review
discography:deezer,candidate,Depeche Mode,Memento Mori: Mexico City,album 2025-12-05 dz:869791432,Deezer/iTunes backfill after review
discography:deezer,candidate,Depeche Mode,"Spirit | The 12"" Singles",album 2024-09-20 dz:642684611,Deezer/iTunes backfill after review
discography:deezer,candidate,Depeche Mode,"Delta Machine | The 12"" Singles",album 2023-10-06 dz:492706231,Deezer/iTunes backfill after review
discography:deezer,candidate,Depeche Mode,"Sounds of The Universe | The 12"" Singles",album 2023-08-04 dz:467275375,Deezer/iTunes backfill after review
discography:deezer,candidate,Depeche Mode,Memento Mori,album 2023-03-24 dz:420621057,Deezer/iTunes backfill after review
discography:deezer,candidate,Depeche Mode,"Playing The Angel - The 12"" Singles",album 2022-11-11 dz:367952437,Deezer/iTunes backfill after review
discography:deezer,candidate,Depeche Mode,"Exciter | The 12"" Singles",album 2022-06-10 dz:305361597,Deezer/iTunes backfill after review
discography:deezer,candidate,Depeche Mode,"Ultra | The 12"" Singles",album 2022-04-15 dz:305361617,Deezer/iTunes backfill after review
discography:deezer,candidate,Depeche Mode,"Songs of Faith and Devotion | The 12"" Singles",album 2022-04-08 dz:305087197,Deezer/iTunes backfill after review
discography:deezer,candidate,Depeche Mode,"Violator | The 12"" Singles",album 2022-04-01 dz:300022977,Deezer/iTunes backfill after review
discography:deezer,candidate,Depeche Mode,"The Best of Depeche Mode, Vol. 1",album 2006-11-08 dz:6708977,Deezer/iTunes backfill after review
discography:deezer,candidate,Depeche Mode,DMBX6,album 2018-01-12 dz:54355292,Deezer/iTunes backfill after review
discography:deezer,candidate,Depeche Mode,DMBX5,album 2004-12-07 dz:54354862,Deezer/iTunes backfill after review
discography:deezer,candidate,Depeche Mode,DMBX4,album 2004-12-07 dz:54354472,Deezer/iTunes backfill after review
discography:deezer,candidate,Depeche Mode,DMBX3,album 2004-12-07 dz:54355192,Deezer/iTunes backfill after review
discography:deezer,candidate,Depeche Mode,DMBX2,album 2004-12-07 dz:54354412,Deezer/iTunes backfill after review
discography:deezer,candidate,Depeche Mode,DMBX1,album 2004-12-07 dz:54355272,Deezer/iTunes backfill after review
discography:deezer,candidate,Depeche Mode,Catching Up With,album 1985-11-11 dz:569277811,Deezer/iTunes backfill after review
discography:deezer,candidate,Depeche Mode,Speak and Spell (Deluxe),album 2006-06-06 dz:6708939,Deezer/iTunes backfill after review
discography:deezer,candidate,HD BL4CK,Confessio,album 2026-05-29 dz:986883161,Deezer/iTunes backfill after review
discography:deezer,candidate,HD BL4CK,Heat Haze,album 2026-05-06 dz:971790621,Deezer/iTunes backfill after review
discography:deezer,candidate,HD BL4CK,DREAMS TRILOGY,album 2026-01-05 dz:890458582,Deezer/iTunes backfill after review
discography:deezer,candidate,HD BL4CK,Dustyrose Dreams,album 2025-09-29 dz:826555221,Deezer/iTunes backfill after review
discography:deezer,candidate,HD BL4CK,2.0 D,album 2025-08-30 dz:809809641,Deezer/iTunes backfill after review
discography:deezer,candidate,HD BL4CK,2025,album 2025-01-20 dz:698497651,Deezer/iTunes backfill after review
discography:deezer,candidate,HD BL4CK,HD Late Night Radio,album 2024-09-09 dz:639467301,Deezer/iTunes backfill after review
discography:deezer,candidate,HD BL4CK,Vantablack Dreams,album 2024-02-01 dz:542360282,Deezer/iTunes backfill after review
discography:deezer,candidate,HD BL4CK,A prescription for 2,album 2024-01-30 dz:538466062,Deezer/iTunes backfill after review
discography:deezer,candidate,HD BL4CK,Skyblue Dreams,album 2023-11-07 dz:508364861,Deezer/iTunes backfill after review
discography:deezer,candidate,HD BL4CK,Dark Adaptation,album 2023-09-09 dz:625377811,Deezer/iTunes backfill after review
discography:deezer,candidate,HD BL4CK,Idiot Soul,album 2023-07-15 dz:846731662,Deezer/iTunes backfill after review
discography:deezer,candidate,HD BL4CK,A prescription for,album 2023-06-16 dz:846745662,Deezer/iTunes backfill after review
discography:deezer,candidate,HD BL4CK,Bittersweet Poetry,album 2022-03-29 dz:847903502,Deezer/iTunes backfill after review
discography:deezer,candidate,HD BL4CK,APPETIZER,album 2019-12-09 dz:122299412,Deezer/iTunes backfill after review
discography:deezer,candidate,HD BL4CK,Discovery Trip,album 2019-01-18 dz:320762647,Deezer/iTunes backfill after review
discography:deezer,candidate,HD BL4CK,Jiseul Lee,ep 2026-09-03 dz:1051409292,Deezer/iTunes backfill after review
discography:deezer,candidate,HD BL4CK,My youth story is wrong as I expected.,ep 2021-09-24 dz:848059872,Deezer/iTunes backfill after review
discography:deezer,candidate,QM,Drank Sinatra,album 2026-03-27 dz:947205141,Deezer/iTunes backfill after review
discography:deezer,candidate,QM,Sausalito,album 2025-09-05 dz:812422171,Deezer/iTunes backfill after review
discography:deezer,candidate,QM,Vault Music (2008-2013),album 2025-01-29 dz:705002331,Deezer/iTunes backfill after review
discography:deezer,candidate,QM,Unreleased Japan EP 2005/2006,album 2023-12-22 dz:523987872,Deezer/iTunes backfill after review
discography:deezer,candidate,QM,Year,album 2023-07-21 dz:460998745,Deezer/iTunes backfill after review
discography:deezer,candidate,QM,LOVE.,album 2023-06-29 dz:434152767,Deezer/iTunes backfill after review
discography:deezer,candidate,QM,SVN,album 2023-03-11 dz:413763167,Deezer/iTunes backfill after review
discography:deezer,candidate,QM,12/21/12,album 2023-02-02 dz:403392077,Deezer/iTunes backfill after review
discography:deezer,candidate,QM,Take Me To Your Liter (10 yr Anniversary Edition),album 2023-04-20 dz:363932517,Deezer/iTunes backfill after review
discography:deezer,candidate,QM,Reign Clouds,album 2023-08-31 dz:324009427,Deezer/iTunes backfill after review
discography:deezer,candidate,QM,Different World,album 2024-01-12 dz:282369202,Deezer/iTunes backfill after review
discography:deezer,candidate,QM,Snake Mountain Crew (The QM Version),album 2021-07-07 dz:242728362,Deezer/iTunes backfill after review
discography:deezer,candidate,QM,4 Tracks & S 20's,album 2020-07-03 dz:157935222,Deezer/iTunes backfill after review
discography:deezer,candidate,QM,NAZCA,album 2016-12-15 dz:150246622,Deezer/iTunes backfill after review
discography:deezer,candidate,QM,Happy Hour,album 2010-07-18 dz:54986902,Deezer/iTunes backfill after review
discography:deezer,candidate,QM,"Cumulus and Matty Eye Chump Change, Vol. 1",album 2025-02-07 dz:707472651,Deezer/iTunes backfill after review
discography:deezer,candidate,QM,No Slee.P.,ep 2012-02-21 dz:96246602,Deezer/iTunes backfill after review
discography:deezer,candidate,ViVi,Flaws and Biggest Fears,album 2026-01-09 dz:889631042,Deezer/iTunes backfill after review
discography:deezer,candidate,ViVi,Inflection Point,album 2025-10-30 dz:831099801,Deezer/iTunes backfill after review
discography:deezer,candidate,ViVi,All Nighters,album 2025-07-12 dz:786850831,Deezer/iTunes backfill after review
discography:deezer,candidate,ViVi,太空群落 电影原声带,album 2025-07-02 dz:778119401,Deezer/iTunes backfill after review
discography:deezer,candidate,ViVi,CULT,album 2025-03-06 dz:717312431,Deezer/iTunes backfill after review
discography:deezer,candidate,ViVi,Get Rich or Die,album 2024-12-13 dz:680968661,Deezer/iTunes backfill after review
discography:deezer,candidate,ViVi,Lyrical Skylines,album 2023-12-15 dz:520443402,Deezer/iTunes backfill after review
discography:deezer,candidate,ViVi,Helly,album 2016-01-01 dz:201070132,Deezer/iTunes backfill after review
discography:deezer,candidate,ViVi,Perennial,ep 2025-04-25 dz:745336801,Deezer/iTunes backfill after review
discography:deezer,candidate,ViVi,Double Helix,ep 2024-06-01 dz:588453562,Deezer/iTunes backfill after review
discography:deezer,candidate,ViVi,2WICKS,ep 2024-03-26 dz:556747362,Deezer/iTunes backfill after review
discography:deezer,candidate,ViVi,Not a Love Letter,ep 2024-03-25 dz:563451102,Deezer/iTunes backfill after review
discography:deezer,candidate,ViVi,M6,ep 2023-11-19 dz:511476751,Deezer/iTunes backfill after review
discography:deezer,candidate,ViVi,Terapeutmatic 555,ep 2023-11-12 dz:510686231,Deezer/iTunes backfill after review
discography:deezer,candidate,ViVi,Un Vis Din Multele,ep 2023-09-19 dz:488479485,Deezer/iTunes backfill after review
discography:deezer,candidate,ViVi,Karma,ep 2023-03-10 dz:415554827,Deezer/iTunes backfill after review
discography:deezer,candidate,ViVi,words left unsaid,ep 2023-01-16 dz:397136447,Deezer/iTunes backfill after review
discography:deezer,candidate,deadmau5,Jaded,album 2024-11-08 dz:823178011,Deezer/iTunes backfill after review
discography:deezer,candidate,deadmau5,Kx5,album 2023-03-17 dz:416103737,Deezer/iTunes backfill after review
discography:deezer,candidate,deadmau5,here's the drop!,album 2019-10-04 dz:750637851,Deezer/iTunes backfill after review
discography:deezer,candidate,deadmau5,"deadmau5 At Play, Vol. 5",album 2015-05-04 dz:10263132,Deezer/iTunes backfill after review
discography:deezer,candidate,deadmau5,At Play Vol. 4 DJ Mix,album 2013-03-18 dz:7644004,Deezer/iTunes backfill after review
discography:deezer,candidate,deadmau5,Hey Baby 2012,album 2012-04-26 dz:9168707,Deezer/iTunes backfill after review
discography:deezer,candidate,deadmau5,At Play Vol. 3 DJ Mix,album 2010-08-06 dz:7643937,Deezer/iTunes backfill after review
discography:deezer,candidate,deadmau5,At Play DJ Mix,album 2010-04-30 dz:7643850,Deezer/iTunes backfill after review
discography:deezer,candidate,deadmau5,At Play Vol. 2 DJ Mix,album 2010-04-30 dz:7643935,Deezer/iTunes backfill after review
discography:deezer,candidate,deadmau5,4x4=12,album 2010-12-06 dz:750607041,Deezer/iTunes backfill after review
discography:deezer,candidate,deadmau5,Sex Slave Melleefresh vs 13 DJs,album 2010-02-14 dz:144044882,Deezer/iTunes backfill after review
discography:deezer,candidate,deadmau5,For Lack of A Better Name (The Extended Mixes),album 2009-10-20 dz:754586481,Deezer/iTunes backfill after review
discography:deezer,candidate,deadmau5,Attention Whore Melleefresh vs 10 DJ's,album 2009-09-10 dz:7643904,Deezer/iTunes backfill after review
discography:deezer,candidate,deadmau5,Move For Me (feat. Haley Gibby),album 2013-07-23 dz:6784411,Deezer/iTunes backfill after review
discography:deezer,candidate,deadmau5,Hyperlandia (feat. Foster the People),ep 2021-11-19 dz:760089911,Deezer/iTunes backfill after review
discography:deezer,candidate,deadmau5,Faxing Berlin x4,ep 2018-01-19 dz:54860322,Deezer/iTunes backfill after review
discography:deezer,candidate,BRWN,LIGHT SKIN,album 2026-06-05 dz:991180541,Deezer/iTunes backfill after review
discography:deezer,candidate,BRWN,Monsoon,album 2024-11-21 dz:670051521,Deezer/iTunes backfill after review
discography:deezer,candidate,BRWN,LVRBOY,album 2024-07-04 dz:679497621,Deezer/iTunes backfill after review
discography:deezer,candidate,BRWN,Yours Truly,album 2023-07-23 dz:638858141,Deezer/iTunes backfill after review
discography:deezer,candidate,BRWN,You Got My Time,album 2021-08-13 dz:694629301,Deezer/iTunes backfill after review
discography:deezer,candidate,BRWN,Muse,album 2020-12-23 dz:622049951,Deezer/iTunes backfill after review
discography:deezer,candidate,BRWN,Burn Down This House,album 2020-10-14 dz:694658541,Deezer/iTunes backfill after review
discography:deezer,candidate,BRWN,The Black Dessert 2,album 2019-11-15 dz:621802401,Deezer/iTunes backfill after review
discography:deezer,candidate,BRWN,RENDEZVOUS,album 2019-04-05 dz:621791311,Deezer/iTunes backfill after review
discography:deezer,candidate,BRWN,IN TRANSIT,ep 2026-07-21 dz:1030215502,Deezer/iTunes backfill after review
discography:deezer,candidate,BRWN,ECHOES,ep 2026-01-24 dz:1028643932,Deezer/iTunes backfill after review
discography:deezer,candidate,BRWN,Lean on me,ep 2020-05-16 dz:621788271,Deezer/iTunes backfill after review
discography:deezer,candidate,BRWN,To HER,ep 2020-02-08 dz:621797471,Deezer/iTunes backfill after review
discography:deezer,candidate,BRWN,yard,ep 2019-10-11 dz:113691972,Deezer/iTunes backfill after review
discography:deezer,candidate,BRWN,ARMAND,ep 2019-01-14 dz:622482061,Deezer/iTunes backfill after review
discography:deezer,candidate,G.O.D,SOWHEREDOESITEND,album 2026-09-25 dz:1074716492,Deezer/iTunes backfill after review
discography:deezer,candidate,G.O.D,Gangsters On Drugs,album 2026-03-31 dz:946854881,Deezer/iTunes backfill after review
discography:deezer,candidate,G.O.D,G.O.D (MIXTAPE),album 2025-07-18 dz:789418551,Deezer/iTunes backfill after review
discography:deezer,candidate,G.O.D,Highs And Lows Part 1,album 2023-09-15 dz:485068185,Deezer/iTunes backfill after review
discography:deezer,candidate,G.O.D,Highs And Lows Pt 1,album 2023-09-15 dz:485694705,Deezer/iTunes backfill after review
discography:deezer,candidate,G.O.D,420 ANTHEM,album 2024-01-22 dz:430006047,Deezer/iTunes backfill after review
discography:deezer,candidate,G.O.D,20th Anniversary G.O.D,album 2020-12-31 dz:206724652,Deezer/iTunes backfill after review
discography:deezer,candidate,G.O.D,AMR Miami 2018,album 2018-03-30 dz:56575212,Deezer/iTunes backfill after review
discography:deezer,candidate,G.O.D,CHROME HEARTS,ep 2025-12-05 dz:864669662,Deezer/iTunes backfill after review
discography:deezer,candidate,G.O.D,NO TRIMM,ep 2025-11-14 dz:856224942,Deezer/iTunes backfill after review
discography:deezer,candidate,G.O.D,Gangster OverDose,ep 2024-12-25 dz:687196531,Deezer/iTunes backfill after review
discography:deezer,candidate,G.O.D,Demo,ep 2024-06-26 dz:607380722,Deezer/iTunes backfill after review
discography:deezer,candidate,G.O.D,"From me, To you.",ep 2024-01-22 dz:295346522,Deezer/iTunes backfill after review
discography:deezer,candidate,G.O.D,Just a Taste,ep 2024-01-22 dz:182687312,Deezer/iTunes backfill after review
discography:deezer,candidate,G.O.D,FADED,ep 2020-09-30 dz:422053757,Deezer/iTunes backfill after review
discography:deezer,candidate,Paloalto,"Les Furtifs, émeute musicale",album 2026-06-12 dz:967503961,Deezer/iTunes backfill after review
discography:deezer,candidate,Paloalto,The Persistence Of Memory (Early Tapes 1990-1993),album 2025-04-04 dz:943350991,Deezer/iTunes backfill after review
discography:deezer,candidate,Paloalto,"Difference and Repetition, a Musical Evocation of Gilles Deleuze",album 2020-10-21 dz:180999022,Deezer/iTunes backfill after review
discography:deezer,candidate,Paloalto,Le Clos,album 2020-10-13 dz:177884542,Deezer/iTunes backfill after review
discography:deezer,candidate,Paloalto,Le souffle du vide,album 2020-05-31 dz:144697962,Deezer/iTunes backfill after review
discography:deezer,candidate,Paloalto,Music Inspired by Mondocane,album 2018-11-30 dz:77055582,Deezer/iTunes backfill after review
discography:deezer,candidate,Paloalto,Time Capsule / 1990 - 2010,album 2018-10-31 dz:76098572,Deezer/iTunes backfill after review
discography:deezer,candidate,Paloalto,Crash Test,album 2018-02-15 dz:56563272,Deezer/iTunes backfill after review
discography:deezer,candidate,Paloalto,Pogs Box,album 2001-01-01 dz:191977202,Deezer/iTunes backfill after review
discography:deezer,candidate,Paloalto,Transe Plan,album 2010-06-08 dz:190380162,Deezer/iTunes backfill after review
discography:deezer,candidate,Paloalto,Grands succédanés,album 1992-01-01 dz:191975362,Deezer/iTunes backfill after review
discography:deezer,candidate,Paloalto,In Broken Breath,ep 2025-02-06 dz:707154771,Deezer/iTunes backfill after review
discography:deezer,candidate,Paloalto,Blue Sky Catastrophe,ep 2020-02-08 dz:128837282,Deezer/iTunes backfill after review
discography:deezer,candidate,Paloalto,Airstream,ep 2015-05-25 dz:79796902,Deezer/iTunes backfill after review
discography:deezer,candidate,Paloalto,Racataplan,ep 1997-01-03 dz:652711861,Deezer/iTunes backfill after review
discography:deezer,candidate,The Beatles,Anthology 4,album 2025-11-21 dz:858830922,Deezer/iTunes backfill after review
discography:deezer,candidate,The Beatles,Anthology Collection,album 2025-11-21 dz:860363782,Deezer/iTunes backfill after review
discography:deezer,candidate,The Beatles,Free As A Bird (2025 Mix),album 2025-08-21 dz:806861311,Deezer/iTunes backfill after review
discography:deezer,candidate,The Beatles,Get Back (Rooftop Performance),album 2022-01-28 dz:290309452,Deezer/iTunes backfill after review
discography:deezer,candidate,The Beatles,Love,album 2016-06-17 dz:13367057,Deezer/iTunes backfill after review
discography:deezer,candidate,The Beatles,Let It Be... Naked (Remastered),album 2018-03-23 dz:59393282,Deezer/iTunes backfill after review
discography:deezer,candidate,The Beatles,1 (Remastered),album 2015-12-24 dz:12047956,Deezer/iTunes backfill after review
discography:deezer,candidate,The Beatles,Yellow Submarine Songtrack,album 2018-03-23 dz:59393272,Deezer/iTunes backfill after review
discography:deezer,candidate,The Beatles,Anthology 3,album 2016-04-04 dz:12779758,Deezer/iTunes backfill after review
discography:deezer,candidate,The Beatles,Anthology 2,album 2016-04-04 dz:12779756,Deezer/iTunes backfill after review
discography:deezer,candidate,The Beatles,Anthology 1,album 2016-04-04 dz:12779760,Deezer/iTunes backfill after review
discography:deezer,candidate,The Beatles,Past Masters (Vols. 1 & 2 / Remastered),album 2015-12-24 dz:12047968,Deezer/iTunes backfill after review
discography:deezer,candidate,The Beatles,The Early Tapes Of,album 1993-01-01 dz:7243440,Deezer/iTunes backfill after review
discography:deezer,candidate,The Beatles,The Beatles 1967 - 1970 (Remastered),album 2015-12-24 dz:12047930,Deezer/iTunes backfill after review
discography:deezer,candidate,The Beatles,The Beatles 1962 - 1966 (Remastered),album 2015-12-24 dz:12047932,Deezer/iTunes backfill after review
discography:deezer,candidate,Judy Garland,The Very Best Of Judy Garland,album 2007-02-19 dz:300665,Deezer/iTunes backfill after review
discography:deezer,candidate,Judy Garland,The Essential Capitol Collection,album 2011-06-03 dz:1063636,Deezer/iTunes backfill after review
discography:deezer,candidate,Judy Garland,The Definitive Collection,album 2006-01-24 dz:81454602,Deezer/iTunes backfill after review
discography:deezer,candidate,Judy Garland,20th Century Masters: The Best Of Judy Garland Millennium Collection,album 2018-08-10 dz:70201922,Deezer/iTunes backfill after review
discography:deezer,candidate,Judy Garland,Great Ladies Of Song: Spotlight On Judy Garland,album 1996-01-11 dz:332751,Deezer/iTunes backfill after review
discography:deezer,candidate,Judy Garland,Best Of Judy Garland,album 2003-03-03 dz:332753,Deezer/iTunes backfill after review
discography:deezer,candidate,Judy Garland,The Complete Decca Masters (Plus),album 2013-01-03 dz:72092612,Deezer/iTunes backfill after review
discography:deezer,candidate,Judy Garland,The London Sessions: The Best Of The Capitol Masters,album 1992-08-03 dz:332705,Deezer/iTunes backfill after review
discography:deezer,candidate,Judy Garland,I Could Go On Singing,album 2021-11-15 dz:527715,Deezer/iTunes backfill after review
discography:deezer,candidate,Judy Garland,Judy At Carnegie Hall,album 2010-12-03 dz:711231,Deezer/iTunes backfill after review
discography:deezer,candidate,Judy Garland,Garland At The Grove,album 2010-04-09 dz:522560,Deezer/iTunes backfill after review
discography:deezer,candidate,Judy Garland,Greatest Performances Original Recordings,album 2019-09-20 dz:111247292,Deezer/iTunes backfill after review
discography:deezer,candidate,Judy Garland,The Harvey Girls (Original Soundtrack Recording),album 2019-12-06 dz:121158092,Deezer/iTunes backfill after review
discography:deezer,candidate,Judy Garland,Girl Crazy (Original Soundtrack Recording),album 2020-03-18 dz:121159042,Deezer/iTunes backfill after review
discography:deezer,candidate,Eric Clapton,A Night Of Blues,album 2016-07-01 dz:870846842,Deezer/iTunes backfill after review
discography:deezer,candidate,Eric Clapton,Give Me Strength: The ‘74/’75 Studio Recordings,album 2013-12-09 dz:7164364,Deezer/iTunes backfill after review
discography:deezer,candidate,Eric Clapton,Chronicles,album 2005-06-21 dz:2379571,Deezer/iTunes backfill after review
discography:deezer,candidate,Eric Clapton,The Best Of Eric Clapton 20th Century Masters The Millennium Collection,album 2005-05-16 dz:5941945,Deezer/iTunes backfill after review
discography:deezer,candidate,Eric Clapton,Eric Clapton Blues,album 1999-01-01 dz:122269,Deezer/iTunes backfill after review
discography:deezer,candidate,Eric Clapton,Pavarotti & Friends for War Child,album 1996-01-01 dz:229742,Deezer/iTunes backfill after review
discography:deezer,candidate,Eric Clapton,Rush (Music from the Motion Picture Soundtrack),album 1992-01-10 dz:428364,Deezer/iTunes backfill after review
discography:deezer,candidate,Eric Clapton,Journeyman: Deluxe Edition,album 1989-11-07 dz:801232651,Deezer/iTunes backfill after review
discography:deezer,candidate,Eric Clapton,Just One Night,album 1996-09-02 dz:231870,Deezer/iTunes backfill after review
discography:deezer,candidate,Eric Clapton,Slowhand 35th Anniversary (Super Deluxe),album 2012-12-10 dz:6134071,Deezer/iTunes backfill after review
discography:deezer,candidate,Eric Clapton,E.C. Was Here,album 1996-08-20 dz:226382,Deezer/iTunes backfill after review
discography:deezer,candidate,Eric Clapton,461 Ocean Blvd. (Deluxe Edition),album 2004-11-09 dz:296110,Deezer/iTunes backfill after review
discography:deezer,candidate,Eric Clapton,Eric Clapton's Rainbow Concert,album 1995-07-25 dz:321154827,Deezer/iTunes backfill after review
discography:deezer,candidate,Eric Clapton,Blues Breakers,album 2015-06-02 dz:70620132,Deezer/iTunes backfill after review
discography:deezer,candidate,Pink Floyd,8-Tracks,album 2026-06-05 dz:993721011,Deezer/iTunes backfill after review
discography:deezer,candidate,Pink Floyd,Wish You Were Here 50,album 2025-12-12 dz:870791762,Deezer/iTunes backfill after review
discography:deezer,candidate,Pink Floyd,The Later Years 1987-2019,album 2019-11-29 dz:120135742,Deezer/iTunes backfill after review
discography:deezer,candidate,Pink Floyd,The Later Years,album 2019-12-13 dz:122063132,Deezer/iTunes backfill after review
discography:deezer,candidate,Pink Floyd,1972 Obfusc/ation,album 2017-03-24 dz:15731904,Deezer/iTunes backfill after review
discography:deezer,candidate,Pink Floyd,1968 Germin/ation,album 2017-03-24 dz:15731906,Deezer/iTunes backfill after review
discography:deezer,candidate,Pink Floyd,1970 Devi/ation,album 2017-03-24 dz:15731914,Deezer/iTunes backfill after review
discography:deezer,candidate,Pink Floyd,1965-67 Cambridge St/ation,album 2017-03-24 dz:15731924,Deezer/iTunes backfill after review
discography:deezer,candidate,Pink Floyd,1969 Dramatis/ation,album 2017-03-24 dz:15731928,Deezer/iTunes backfill after review
discography:deezer,candidate,Pink Floyd,1971 Reverber/ation,album 2017-03-24 dz:15732674,Deezer/iTunes backfill after review
discography:deezer,candidate,Pink Floyd,"The Early Years, 1967-1972, Cre/ation",album 2016-11-11 dz:14520918,Deezer/iTunes backfill after review
discography:deezer,candidate,Pink Floyd,The Endless River,album 2014-11-07 dz:9226019,Deezer/iTunes backfill after review
discography:deezer,candidate,Pink Floyd,Pink Floyd at Pompeii - MCMLXXII (2025 Mix),album 2025-05-02 dz:747554741,Deezer/iTunes backfill after review
discography:deezer,candidate,Pink Floyd,"Shine On You Crazy Diamond (Pts. 1-9, New Stereo Mix)",ep 2025-11-18 dz:854130912,Deezer/iTunes backfill after review
discography:deezer,candidate,John Lennon,Plastic Ono Band (The Ultimate Collection),album 2021-04-23 dz:223245572,Deezer/iTunes backfill after review
discography:deezer,candidate,John Lennon,Mind Games (The Elements Mixes),album 2024-08-16 dz:629480061,Deezer/iTunes backfill after review
discography:deezer,candidate,John Lennon,Mind Games (The Ultimate Mixes),album 2024-08-02 dz:620594541,Deezer/iTunes backfill after review
discography:deezer,candidate,John Lennon,Mind Games (The Ultimate Collection),album 2024-07-12 dz:622881811,Deezer/iTunes backfill after review
discography:deezer,candidate,John Lennon,Mind Games (The Elemental Mixes),album 2024-08-02 dz:622933191,Deezer/iTunes backfill after review
discography:deezer,candidate,John Lennon,Mind Games (The Evolution Documentary),album 2024-08-30 dz:633146221,Deezer/iTunes backfill after review
discography:deezer,candidate,John Lennon,Mind Games (The Raw Studio Mixes),album 2024-09-13 dz:639319701,Deezer/iTunes backfill after review
discography:deezer,candidate,John Lennon,Mind Games (The Out-takes),album 2024-09-27 dz:645721741,Deezer/iTunes backfill after review
discography:deezer,candidate,John Lennon,Imagine (The Ultimate Collection),album 2018-10-05 dz:70874562,Deezer/iTunes backfill after review
discography:deezer,candidate,John Lennon,Imagine (The Ultimate Mixes),album 2018-10-05 dz:74436212,Deezer/iTunes backfill after review
discography:deezer,candidate,John Lennon,Imagine (The Elements Mixes),album 2023-10-09 dz:497225901,Deezer/iTunes backfill after review
discography:deezer,candidate,John Lennon,Imagine (The Evolution Documentary),album 2023-10-09 dz:497225911,Deezer/iTunes backfill after review
discography:deezer,candidate,John Lennon,Power To The People (New York City - The Ultimate Mixes),album 2025-10-17 dz:837638482,Deezer/iTunes backfill after review
discography:deezer,candidate,John Lennon,Plastic Ono Band,album 2010-10-01 dz:660856,Deezer/iTunes backfill after review
discography:deezer,candidate,EK,Mandeep singh,album 2026-08-15 dz:1054748352,Deezer/iTunes backfill after review
discography:deezer,candidate,EK,Desolate,album 2025-06-11 dz:765801501,Deezer/iTunes backfill after review
discography:deezer,candidate,EK,Civilized Savage,album 2023-02-07 dz:405368907,Deezer/iTunes backfill after review
discography:deezer,candidate,EK,Rab,album 2018-07-07 dz:69957552,Deezer/iTunes backfill after review
discography:deezer,candidate,EK,Ek,album 2014-09-13 dz:8603248,Deezer/iTunes backfill after review
discography:deezer,candidate,EK,Näktergalen,album 2014-04-25 dz:7485187,Deezer/iTunes backfill after review
discography:deezer,candidate,EK,Keep It Casual,album 2004-03-01 dz:346852747,Deezer/iTunes backfill after review
discography:deezer,candidate,EK,CLIMAXX,ep 2026-06-04 dz:992272821,Deezer/iTunes backfill after review
discography:deezer,candidate,EK,PSF by Majintotti,ep 2025-02-25 dz:718592951,Deezer/iTunes backfill after review
discography:deezer,candidate,EK,The Path,ep 2024-10-11 dz:766891301,Deezer/iTunes backfill after review
discography:deezer,candidate,EK,VITAL,ep 2024-10-20 dz:586023192,Deezer/iTunes backfill after review
discography:deezer,candidate,EK,Te Canto,ep 2024-02-14 dz:543008372,Deezer/iTunes backfill after review
discography:deezer,candidate,EK,ALO ADHAR,ep 2023-07-05 dz:460944035,Deezer/iTunes backfill after review
discography:deezer,candidate,Justice,The Just-Ice Chronicles,album 2017-06-21 dz:116016272,Deezer/iTunes backfill after review
discography:deezer,candidate,Justice,Back to the Old School,album 2016-07-28 dz:13698982,Deezer/iTunes backfill after review
discography:deezer,candidate,Justice,The Desolate One,album 2016-03-11 dz:13047038,Deezer/iTunes backfill after review
discography:deezer,candidate,Justice,Masterpiece,album 2016-01-08 dz:12139026,Deezer/iTunes backfill after review
discography:deezer,candidate,Justice,Sir Vicious: The Best of Just-Ice,album 2013-06-30 dz:13569319,Deezer/iTunes backfill after review
discography:deezer,candidate,Justice,32 Degrees,album 2010-07-20 dz:116606842,Deezer/iTunes backfill after review
discography:deezer,candidate,Justice,VII,album 2008-07-29 dz:9351320,Deezer/iTunes backfill after review
discography:deezer,candidate,Justice,Gangster Boogie,album 2008-07-01 dz:404411,Deezer/iTunes backfill after review
discography:deezer,candidate,Justice,Kool & Deadly (Justicisms),album 2016-03-18 dz:12576914,Deezer/iTunes backfill after review
discography:deezer,candidate,Justice,"The Just-Ice and Krs-One EP, Vol. 1",ep 2010-05-03 dz:116016052,Deezer/iTunes backfill after review
discography:deezer,candidate,Justice,Somoshitbyjust-Ice,ep 1989-06-06 dz:65721742,Deezer/iTunes backfill after review
discography:deezer,candidate,Justice,"The Music / Slow, Low, and Dope",ep 1989-01-01 dz:239351642,Deezer/iTunes backfill after review
discography:deezer,candidate,Justice,Going Way Back / Lyric Licking,ep 1987-07-04 dz:116241952,Deezer/iTunes backfill after review
discography:deezer,candidate,Nina Simone,The Very Best Of Nina Simone 1967-1972 - Sugar In My Bowl,album 1998-07-28 dz:114170,Deezer/iTunes backfill after review
discography:deezer,candidate,Nina Simone,A Single Woman: The Complete Elektra Recordings,album 1993-03-01 dz:847512012,Deezer/iTunes backfill after review
discography:deezer,candidate,Nina Simone,It Is Finished (Expanded Edition),album 2012-04-24 dz:6532467,Deezer/iTunes backfill after review
discography:deezer,candidate,Nina Simone,Emergency Ward (Expanded Edition),album 2012-04-24 dz:6532466,Deezer/iTunes backfill after review
discography:deezer,candidate,Nina Simone,Black Gold (Expanded Edition),album 2012-04-24 dz:6532465,Deezer/iTunes backfill after review
discography:deezer,candidate,Nina Simone,'Nuff Said (Expanded Edition),album 2012-04-24 dz:6532461,Deezer/iTunes backfill after review
discography:deezer,candidate,Nina Simone,Nina with Strings,album 2005-04-26 dz:1543257,Deezer/iTunes backfill after review
discography:deezer,candidate,Nina Simone,Folksy Nina,album 2005-04-26 dz:1543258,Deezer/iTunes backfill after review
discography:deezer,candidate,Nina Simone,At Carnegie Hall,album 2005-06-14 dz:1543260,Deezer/iTunes backfill after review
discography:deezer,candidate,Nina Simone,Nina at the Village Gate,album 2012-01-01 dz:1546656,Deezer/iTunes backfill after review
discography:deezer,candidate,Nina Simone,At Newport,album 2005-02-08 dz:1543256,Deezer/iTunes backfill after review
discography:deezer,candidate,Nina Simone,Nina Simone and Her Friends (Remastered 2013),album 2024-01-26 dz:584691522,Deezer/iTunes backfill after review
discography:deezer,candidate,Nina Simone,At Town Hall,album 2005-09-29 dz:1543255,Deezer/iTunes backfill after review
discography:deezer,candidate,Jimi Hendrix,Songs For Groovy Children: The Fillmore East Concerts,album 2019-11-22 dz:119102492,Deezer/iTunes backfill after review
discography:deezer,candidate,Jimi Hendrix,Electric Ladyland - 50th Anniversary Deluxe Edition,album 2018-11-09 dz:466046405,Deezer/iTunes backfill after review
discography:deezer,candidate,Jimi Hendrix,Miami Pop Festival,album 2013-11-01 dz:6900756,Deezer/iTunes backfill after review
discography:deezer,candidate,Jimi Hendrix,"People, Hell & Angels",album 2013-03-01 dz:6242800,Deezer/iTunes backfill after review
discography:deezer,candidate,Jimi Hendrix,Winterland,album 2011-09-13 dz:466012975,Deezer/iTunes backfill after review
discography:deezer,candidate,Jimi Hendrix,Axis: Bold As Love,album 2010-01-01 dz:454044,Deezer/iTunes backfill after review
discography:deezer,candidate,Jimi Hendrix,Smash Hits,album 2010-01-01 dz:455128,Deezer/iTunes backfill after review
discography:deezer,candidate,Jimi Hendrix,Blue Wild Angel: Jimi Hendrix At The Isle Of Wight,album 2010-01-01 dz:454057,Deezer/iTunes backfill after review
discography:deezer,candidate,Jimi Hendrix,The Jimi Hendrix Experience (Deluxe Reissue),album 2013-08-16 dz:6812632,Deezer/iTunes backfill after review
discography:deezer,candidate,Jimi Hendrix,BBC Sessions,album 2010-11-15 dz:700947,Deezer/iTunes backfill after review
discography:deezer,candidate,Jimi Hendrix,Hendrix In The West,album 2011-09-09 dz:1240025,Deezer/iTunes backfill after review
discography:deezer,candidate,Jimi Hendrix,Are You Experienced,album 2002-04-22 dz:455130,Deezer/iTunes backfill after review
discography:deezer,candidate,Jimi Hendrix,Merry Christmas And Happy New Year,ep 2010-11-16 dz:716269,Deezer/iTunes backfill after review
discography:deezer,candidate,The Beach Boys,We Gotta Groove - The Brother Studio Years (Super Deluxe Edition),album 2026-02-13 dz:912939971,Deezer/iTunes backfill after review
discography:deezer,candidate,The Beach Boys,The Very Best Of The Beach Boys: Sounds Of Summer (Expanded Edition Super Deluxe),album 2022-06-17 dz:326318837,Deezer/iTunes backfill after review
discography:deezer,candidate,The Beach Boys,The Beach Boys’ Party! Uncovered And Unplugged,album 2015-12-04 dz:11848726,Deezer/iTunes backfill after review
discography:deezer,candidate,The Beach Boys,50 Big Ones: Greatest Hits,album 2012-09-21 dz:5947976,Deezer/iTunes backfill after review
discography:deezer,candidate,The Beach Boys,"Hawthorne, CA",album 2018-02-16 dz:56735372,Deezer/iTunes backfill after review
discography:deezer,candidate,The Beach Boys,Best Of The Brother Years 1970-1986,album 2003-03-03 dz:310409,Deezer/iTunes backfill after review
discography:deezer,candidate,The Beach Boys,Endless Harmony Soundtrack,album 2000-03-28 dz:304155,Deezer/iTunes backfill after review
discography:deezer,candidate,The Beach Boys,The Beach Boys In Concert,album 2000-07-06 dz:304157,Deezer/iTunes backfill after review
discography:deezer,candidate,The Beach Boys,Carl & The Passions - So Tough (Remastered),album 2012-09-21 dz:5909441,Deezer/iTunes backfill after review
discography:deezer,candidate,The Beach Boys,"Shut Down, Vol. 2 (Remastered)",album 2012-09-21 dz:5909531,Deezer/iTunes backfill after review
discography:deezer,candidate,The Beach Boys,The Beach Boys Love Songs,ep 2006-02-07 dz:303222,Deezer/iTunes backfill after review
discography:deezer,candidate,The Beach Boys,Good Vibrations 40th Anniversary,ep 2006-06-27 dz:303196,Deezer/iTunes backfill after review
discography:deezer,candidate,Verbal Jint,HAPPY END acapellas,album 2025-12-03 dz:867626752,Deezer/iTunes backfill after review
discography:deezer,candidate,Verbal Jint,HAPPY END,album 2025-01-18 dz:697784311,Deezer/iTunes backfill after review
discography:deezer,candidate,Verbal Jint,K-XY : INFP,album 2023-09-07 dz:484132805,Deezer/iTunes backfill after review
discography:deezer,candidate,Verbal Jint,Inflection Point (acapellas),album 2021-05-14 dz:229956762,Deezer/iTunes backfill after review
discography:deezer,candidate,Verbal Jint,Inflection Point,album 2021-04-06 dz:220445892,Deezer/iTunes backfill after review
discography:deezer,candidate,Verbal Jint,20 Acapellas,album 2020-02-07 dz:130706012,Deezer/iTunes backfill after review
discography:deezer,candidate,Verbal Jint,17 Acapellas,album 2017-08-20 dz:232301182,Deezer/iTunes backfill after review
discography:deezer,candidate,Verbal Jint,10 Years of Misinterpretation Part I,album 2012-06-21 dz:526075632,Deezer/iTunes backfill after review
discography:deezer,candidate,Verbal Jint,2 The Hard Way,album 2010-04-15 dz:333461657,Deezer/iTunes backfill after review
discography:deezer,candidate,Verbal Jint,Year End Report,ep 2019-12-17 dz:123297632,Deezer/iTunes backfill after review
discography:deezer,candidate,Verbal Jint,Is It Music Or Is It A Report,ep 2019-05-03 dz:95790942,Deezer/iTunes backfill after review
discography:deezer,candidate,Verbal Jint,No Excuses,ep 2017-10-27 dz:232301332,Deezer/iTunes backfill after review
discography:deezer,candidate,NELL,Rowing Forwards,album 2023-07-29 dz:470525715,Deezer/iTunes backfill after review
discography:deezer,candidate,NELL,The Screw Tape,album 2020-11-16 dz:191848022,Deezer/iTunes backfill after review
discography:deezer,candidate,NELL,A Million Faces,album 2019-01-10 dz:94891132,Deezer/iTunes backfill after review
discography:deezer,candidate,NELL,Since We Never Talk...,album 2018-09-08 dz:71772342,Deezer/iTunes backfill after review
discography:deezer,candidate,NELL,Raider Klan Resurrection,album 2018-07-20 dz:69753202,Deezer/iTunes backfill after review
discography:deezer,candidate,NELL,90's Mentality,album 2017-10-26 dz:51107852,Deezer/iTunes backfill after review
discography:deezer,candidate,NELL,Lazy Dreamer,album 2016-01-22 dz:12246614,Deezer/iTunes backfill after review
discography:deezer,candidate,NELL,2nd Nell: The Life in Rhyme of Tony Tendernelli AKA Nelson Breadfruit,album 2013-08-30 dz:7684841,Deezer/iTunes backfill after review
discography:deezer,candidate,NELL,The Pessimist,album 2012-02-13 dz:1556610,Deezer/iTunes backfill after review
discography:deezer,candidate,NELL,The Book of: Nell,album 2011-05-01 dz:1059445,Deezer/iTunes backfill after review
discography:deezer,candidate,NELL,AU PLUS VITE,ep 2025-02-13 dz:961906591,Deezer/iTunes backfill after review
discography:deezer,candidate,NELL,Boyz n the Hood,ep 2020-11-16 dz:192492822,Deezer/iTunes backfill after review
discography:deezer,candidate,KISS,KISS Off The Soundboard: Tokyo 2001,album 2021-06-11 dz:235035182,Deezer/iTunes backfill after review
discography:deezer,candidate,KISS,KISSWORLD - The Best Of KISS,album 2019-01-25 dz:84916852,Deezer/iTunes backfill after review
discography:deezer,candidate,KISS,KISS 40,album 2014-05-23 dz:7794751,Deezer/iTunes backfill after review
discography:deezer,candidate,KISS,The Complete Collection,album 2008-06-10 dz:241056,Deezer/iTunes backfill after review
discography:deezer,candidate,KISS,The Best Of Kiss Vol. 3 20th Century Masters The Millennium Collection,album 2010-08-17 dz:320864617,Deezer/iTunes backfill after review
discography:deezer,candidate,KISS,Gold,album 2004-11-22 dz:89923162,Deezer/iTunes backfill after review
discography:deezer,candidate,KISS,The Best Of KISS - Volume 2 20th Century Masters The Millennium Collection,album 2004-06-15 dz:2317401,Deezer/iTunes backfill after review
discography:deezer,candidate,KISS,The Best of Kiss 20th Century Masters The Millennium Collection,album 2007-01-30 dz:246823,Deezer/iTunes backfill after review
discography:deezer,candidate,KISS,KISS Box Set,album 2002-02-27 dz:293230,Deezer/iTunes backfill after review
discography:deezer,candidate,KISS,MTV Unplugged,album 1993-03-01 dz:8877605,Deezer/iTunes backfill after review
discography:deezer,candidate,KISS,Destroyer (Resurrected),album 2012-08-21 dz:5230101,Deezer/iTunes backfill after review
discography:deezer,candidate,Mild Beats,Dark Blue Almost Black,album 2024-09-10 dz:637911891,Deezer/iTunes backfill after review
discography:deezer,candidate,Mild Beats,Fragment,album 2021-10-14 dz:265244232,Deezer/iTunes backfill after review
discography:deezer,candidate,Mild Beats,Never Sold Out (Remastered),album 2018-03-14 dz:59068992,Deezer/iTunes backfill after review
discography:deezer,candidate,Mild Beats,Beautiful Struggle,album 2013-05-15 dz:227179612,Deezer/iTunes backfill after review
discography:deezer,candidate,Mild Beats,煙雨,album 2011-11-29 dz:227552312,Deezer/iTunes backfill after review
discography:deezer,candidate,Mild Beats,Still Ill,album 2010-07-07 dz:226270132,Deezer/iTunes backfill after review
discography:deezer,candidate,Mild Beats,Back Again,album 2008-03-20 dz:692236511,Deezer/iTunes backfill after review
discography:deezer,candidate,Mild Beats,Message From Underground 2006,album 2006-03-31 dz:275117662,Deezer/iTunes backfill after review
discography:deezer,candidate,Mild Beats,탯줄,ep 2015-03-31 dz:227063382,Deezer/iTunes backfill after review
discography:deezer,candidate,Mild Beats,Daily Works,ep 2014-05-13 dz:227096682,Deezer/iTunes backfill after review
discography:deezer,candidate,Mild Beats,Touch of Memories,ep 2013-11-18 dz:227155792,Deezer/iTunes backfill after review
discography:deezer,candidate,Michael Jackson,Immortal,album 2011-11-18 dz:1338085,Deezer/iTunes backfill after review
discography:deezer,candidate,Michael Jackson,Michael Jackson's This Is It,album 2009-10-26 dz:423368,Deezer/iTunes backfill after review
discography:deezer,candidate,Michael Jackson,The Stripped Mixes,album 2009-07-10 dz:387710,Deezer/iTunes backfill after review
discography:deezer,candidate,Michael Jackson,Pure Michael: Motown A Cappella,album 2009-01-01 dz:400710,Deezer/iTunes backfill after review
discography:deezer,candidate,Michael Jackson,20th Century Masters: The Millennium Collection: Best of Michael Jackson,album 2001-05-01 dz:160560,Deezer/iTunes backfill after review
discography:deezer,candidate,Michael Jackson,BLOOD ON THE DANCE FLOOR/ HIStory In The Mix,album 1997-05-19 dz:1206152,Deezer/iTunes backfill after review
discography:deezer,candidate,Michael Jackson,Bad 25th Anniversary,album 2012-09-17 dz:5814011,Deezer/iTunes backfill after review
discography:deezer,candidate,Michael Jackson,Anthology: The Best Of Michael Jackson,album 1995-03-21 dz:217871,Deezer/iTunes backfill after review
discography:deezer,candidate,Michael Jackson,Thriller 25 Super Deluxe Edition,album 2008-02-08 dz:72819,Deezer/iTunes backfill after review
discography:deezer,candidate,Michael Jackson,Thriller 40,album 2022-11-18 dz:375513297,Deezer/iTunes backfill after review
discography:deezer,candidate,Michael Jackson,Love Never Felt So Good (David Morales and Eric Kupper Def Mix),ep 2014-07-08 dz:8014994,Deezer/iTunes backfill after review
discography:deezer,candidate,David Guetta,7: Anniversary Edition,album 2018-09-14 dz:484015475,Deezer/iTunes backfill after review
discography:deezer,candidate,David Guetta,Listen Again,album 2015-11-27 dz:11694084,Deezer/iTunes backfill after review
discography:deezer,candidate,David Guetta,Titanium (feat. Sia),album 2012-01-20 dz:1501715,Deezer/iTunes backfill after review
discography:deezer,candidate,David Guetta,Nothing but the Beat - The Electronic Album,album 2011-08-26 dz:1621139,Deezer/iTunes backfill after review
discography:deezer,candidate,David Guetta,Nothing but the Beat 2.0,album 2011-08-24 dz:5746811,Deezer/iTunes backfill after review
discography:deezer,candidate,David Guetta,One More Love,album 2010-11-24 dz:1448558,Deezer/iTunes backfill after review
discography:deezer,candidate,David Guetta,Rock The Disco,album 2010-06-14 dz:849563302,Deezer/iTunes backfill after review
discography:deezer,candidate,David Guetta,Memories (feat. Kid Cudi),album 2010-03-26 dz:511046,Deezer/iTunes backfill after review
discography:deezer,candidate,David Guetta,I’m Good (Blue) (The Complete Collection),ep 2023-01-17 dz:396424967,Deezer/iTunes backfill after review
discography:deezer,candidate,David Guetta,Episode 2 (Extended Mix),ep 2022-11-04 dz:593935262,Deezer/iTunes backfill after review
discography:deezer,candidate,David Guetta,New Rave (Extended),ep 2020-07-16 dz:160630002,Deezer/iTunes backfill after review
discography:deezer,candidate,BIG Naughty,Reach For The Moon 2,album 2026-03-06 dz:990148811,Deezer/iTunes backfill after review
discography:deezer,candidate,BIG Naughty,Emotional Knocks,album 2024-02-14 dz:990523541,Deezer/iTunes backfill after review
discography:deezer,candidate,BIG Naughty,Reach for the Moon,album 2023-12-23 dz:988562901,Deezer/iTunes backfill after review
discography:deezer,candidate,BIG Naughty,ICN > YVR,album 2023-11-23 dz:515804182,Deezer/iTunes backfill after review
discography:deezer,candidate,BIG Naughty,Doona! (Music from The Netflix Series),album 2023-10-20 dz:500747711,Deezer/iTunes backfill after review
discography:deezer,candidate,BIG Naughty,King Me,album 2023-07-19 dz:465452435,Deezer/iTunes backfill after review
discography:deezer,candidate,BIG Naughty,Hopeless Romantic,album 2023-02-28 dz:412387307,Deezer/iTunes backfill after review
discography:deezer,candidate,BIG Naughty,Bunny,album 2022-09-09 dz:988589661,Deezer/iTunes backfill after review
discography:deezer,candidate,BIG Naughty,NANGMAN,album 2022-06-09 dz:326003977,Deezer/iTunes backfill after review
discography:deezer,candidate,BIG Naughty,Hopeful Romantic,ep 2026-07-29 dz:1036854082,Deezer/iTunes backfill after review
discography:deezer,candidate,BIG Naughty,＋,ep 2024-10-10 dz:654745051,Deezer/iTunes backfill after review
discography:deezer,candidate,Taylor Swift,The Life of a Showgirl: The Encore,album 2026-09-25 dz:1103662682,Deezer/iTunes backfill after review
discography:deezer,candidate,Taylor Swift,The Life of a Showgirl,album 2025-10-03 dz:829966251,Deezer/iTunes backfill after review
discography:deezer,candidate,Taylor Swift,The Life of a Showgirl + Acoustic Collection,album 2025-11-07 dz:852049722,Deezer/iTunes backfill after review
discography:deezer,candidate,Taylor Swift,THE TORTURED POETS DEPARTMENT,album 2024-04-19 dz:574109801,Deezer/iTunes backfill after review
discography:deezer,candidate,Taylor Swift,THE TORTURED POETS DEPARTMENT: THE ANTHOLOGY,album 2024-04-19 dz:575252501,Deezer/iTunes backfill after review
discography:deezer,candidate,Taylor Swift,folklore: the long pond studio sessions (from the Disney+ special) (deluxe edition),album 2020-11-25 dz:188803732,Deezer/iTunes backfill after review
discography:deezer,candidate,Taylor Swift,Fearless Platinum Edition,album 2009-10-26 dz:130714712,Deezer/iTunes backfill after review
discography:deezer,candidate,Taylor Swift,THE TORTURED POETS DEPARTMENT | TS The Eras Tour Setlist,ep 2024-10-03 dz:650714541,Deezer/iTunes backfill after review
discography:deezer,candidate,Taylor Swift,The Cruelest Summer,ep 2023-11-09 dz:510515281,Deezer/iTunes backfill after review
discography:deezer,candidate,Taylor Swift,The Taylor Swift Holiday Collection,ep 2018-10-26 dz:76330742,Deezer/iTunes backfill after review
discography:deezer,candidate,Sole,Best of Mansbestfriend,album 2021-01-01 dz:456767035,Deezer/iTunes backfill after review
discography:deezer,candidate,Sole,Hello Cruel World,album 2011-07-19 dz:2886941,Deezer/iTunes backfill after review
discography:deezer,candidate,Sole,Plastique,album 2009-10-13 dz:2917801,Deezer/iTunes backfill after review
discography:deezer,candidate,Sole,Sole & The Skyrider Band,album 2007-10-23 dz:1004174,Deezer/iTunes backfill after review
discography:deezer,candidate,Sole,Mansbestfriend 4: Poly.Sci.187,album 2007-05-29 dz:1053629,Deezer/iTunes backfill after review
discography:deezer,candidate,Sole,Mansbestfriend Pt. 3,album 2004-02-21 dz:1008069,Deezer/iTunes backfill after review
discography:deezer,candidate,Sole,Mansbestfriend Pt. 1,album 2002-02-21 dz:1008070,Deezer/iTunes backfill after review
discography:deezer,candidate,Sole,mansbestfriend 2,album 2003-07-11 dz:459438745,Deezer/iTunes backfill after review
discography:deezer,candidate,Sole,The Taste of Rain... Why Kneel,album 1999-06-26 dz:171425722,Deezer/iTunes backfill after review
discography:deezer,candidate,Sole,The Challenger EP,ep 2011-12-13 dz:2896841,Deezer/iTunes backfill after review
discography:deezer,candidate,The Weeknd,Dawn FM (Alternate World),album 2022-08-26 dz:349788647,Deezer/iTunes backfill after review
discography:deezer,candidate,The Weeknd,Echoes Of Silence (Original),album 2021-12-21 dz:280120652,Deezer/iTunes backfill after review
discography:deezer,candidate,The Weeknd,Thursday (Original),album 2021-08-18 dz:250970932,Deezer/iTunes backfill after review
discography:deezer,candidate,The Weeknd,House Of Balloons (Original),album 2021-03-21 dz:215604342,Deezer/iTunes backfill after review
discography:deezer,candidate,The Weeknd,K-POP (Chopped & Screwed),ep 2023-07-18 dz:468219065,Deezer/iTunes backfill after review
discography:deezer,candidate,The Weeknd,The Idol Episode 5 Part 1 (Music from the HBO Original Series),ep 2023-06-30 dz:458731745,Deezer/iTunes backfill after review
discography:deezer,candidate,The Weeknd,The Idol Episode 4 (Music from the HBO Original Series),ep 2023-06-23 dz:456489535,Deezer/iTunes backfill after review
discography:deezer,candidate,The Weeknd,The Idol Episode 3 (Music from the HBO Original Series),ep 2023-06-19 dz:454329995,Deezer/iTunes backfill after review
discography:deezer,candidate,The Weeknd,The Idol Episode 2 (Music from the HBO Original Series),ep 2023-06-12 dz:451667025,Deezer/iTunes backfill after review
discography:deezer,candidate,The Weeknd,The Idol Episode 1 (Music from the HBO Original Series),ep 2023-06-09 dz:451233545,Deezer/iTunes backfill after review
discography:deezer,candidate,Marvin Gaye,I Want You: The John Morales M+M Mixes,album 2022-08-19 dz:345766087,Deezer/iTunes backfill after review
discography:deezer,candidate,Marvin Gaye,Funk Me,album 2019-04-02 dz:91883422,Deezer/iTunes backfill after review
discography:deezer,candidate,Marvin Gaye,Gold,album 2009-04-20 dz:79089362,Deezer/iTunes backfill after review
discography:deezer,candidate,Marvin Gaye,Classic - The Universal Masters Collection,album 2007-02-26 dz:72172922,Deezer/iTunes backfill after review
discography:deezer,candidate,Marvin Gaye,20th Century Masters: The Millennium Collection-Best Of Marvin Gaye-Volume 1-The 60's,album 1999-08-31 dz:320959807,Deezer/iTunes backfill after review
discography:deezer,candidate,Marvin Gaye,Lost & Found: Love Starved Heart - Expanded Edition,album 1999-09-28 dz:123386,Deezer/iTunes backfill after review
discography:deezer,candidate,Marvin Gaye,Anthology: The Best Of Marvin Gaye,album 2018-11-23 dz:70756852,Deezer/iTunes backfill after review
discography:deezer,candidate,Marvin Gaye,In Our Lifetime? Expanded Love Man Edition,album 2007-06-18 dz:692369,Deezer/iTunes backfill after review
discography:deezer,candidate,Marvin Gaye,Trouble Man: 40th Anniversary Expanded Edition,album 2012-11-19 dz:6159451,Deezer/iTunes backfill after review
discography:deezer,candidate,Marvin Gaye,What’s Going On: The Detroit Mix,album 2021-01-22 dz:200111712,Deezer/iTunes backfill after review
discography:deezer,candidate,unofficialboyy,Saecheonnyeon,album 2026-09-19 dz:1078276232,Deezer/iTunes backfill after review
discography:deezer,candidate,unofficialboyy,AT THE HIGH CASTLE,album 2025-08-08 dz:798929521,Deezer/iTunes backfill after review
discography:deezer,candidate,unofficialboyy,TRUE,album 2023-11-23 dz:514982812,Deezer/iTunes backfill after review
discography:deezer,candidate,unofficialboyy,MYEdrugonline,album 2023-09-02 dz:482008585,Deezer/iTunes backfill after review
discography:deezer,candidate,unofficialboyy,unofficailboyyackermann,album 2021-09-09 dz:257057532,Deezer/iTunes backfill after review
discography:deezer,candidate,unofficialboyy,"Net,Trap,Launcher,Capture",album 2021-04-12 dz:222574722,Deezer/iTunes backfill after review
discography:deezer,candidate,unofficialboyy,drugonline,album 2020-03-13 dz:136025192,Deezer/iTunes backfill after review
discography:deezer,candidate,unofficialboyy,unofficialboyy,album 2019-02-08 dz:86043222,Deezer/iTunes backfill after review
discography:deezer,candidate,unofficialboyy,i,ep 2022-04-09 dz:315304657,Deezer/iTunes backfill after review
discography:deezer,candidate,Sam Cooke,Sam Cooke: Portrait Of A Legend 1951-1964,album 2024-06-21 dz:602896532,Deezer/iTunes backfill after review
discography:deezer,candidate,Sam Cooke,The Last Mile Of The Way,album 2006-06-20 dz:101146,Deezer/iTunes backfill after review
discography:deezer,candidate,Sam Cooke,SAR Records Story,album 2005-08-03 dz:127309152,Deezer/iTunes backfill after review
discography:deezer,candidate,Sam Cooke,Jesus Gave Me Water,album 2006-07-18 dz:384244,Deezer/iTunes backfill after review
discography:deezer,candidate,Sam Cooke,The 2 Sides Of Sam Cooke,album 2009-06-23 dz:393681,Deezer/iTunes backfill after review
discography:deezer,candidate,Sam Cooke,Sam Cooke And The Soul Stirrers,album 2006-04-03 dz:151524982,Deezer/iTunes backfill after review
discography:deezer,candidate,Sam Cooke,Soul Revue,ep 2023-06-30 dz:456577555,Deezer/iTunes backfill after review
discography:deezer,candidate,Sam Cooke,Reflection,ep 2021-10-01 dz:261059312,Deezer/iTunes backfill after review
discography:deezer,candidate,Sam Cooke,Soulful Inspiration,ep 2021-07-09 dz:241606382,Deezer/iTunes backfill after review
discography:deezer,candidate,Jerry.K,Home,album 2020-12-11 dz:192345882,Deezer/iTunes backfill after review
discography:deezer,candidate,Jerry.K,OVRWRT,album 2017-11-28 dz:53283862,Deezer/iTunes backfill after review
discography:deezer,candidate,Jerry.K,Emotional Labor,album 2016-03-15 dz:545689412,Deezer/iTunes backfill after review
discography:deezer,candidate,Jerry.K,DOPE DYED,album 2013-11-15 dz:150165852,Deezer/iTunes backfill after review
discography:deezer,candidate,Jerry.K,TRUE SELF,album 2012-11-06 dz:711828271,Deezer/iTunes backfill after review
discography:deezer,candidate,Jerry.K,마왕,album 2008-07-01 dz:150211452,Deezer/iTunes backfill after review
discography:deezer,candidate,Jerry.K,RED QUEEN THEORY,ep 2019-09-26 dz:113212062,Deezer/iTunes backfill after review
discography:deezer,candidate,Jerry.K,연애담,ep 2012-08-03 dz:182617002,Deezer/iTunes backfill after review
discography:deezer,candidate,Jerry.K,연애담 : 생각해 볼만한 사랑 이야기,ep 2012-02-03 dz:150317312,Deezer/iTunes backfill after review
discography:deezer,candidate,Lino,Baby Jester 2 (Deluxe),album 2025-09-17 dz:983872431,Deezer/iTunes backfill after review
discography:deezer,candidate,Lino,DERTY,album 2025-02-21 dz:996661471,Deezer/iTunes backfill after review
discography:deezer,candidate,Lino,Alter Ego,album 2023-12-08 dz:996916571,Deezer/iTunes backfill after review
discography:deezer,candidate,Lino,Baby Jester,album 2023-06-02 dz:996920221,Deezer/iTunes backfill after review
discography:deezer,candidate,Lino,Pilot,album 2022-05-26 dz:996910101,Deezer/iTunes backfill after review
discography:deezer,candidate,Lino,NOIRE,ep 2026-07-17 dz:1030975952,Deezer/iTunes backfill after review
discography:deezer,candidate,Lino,She Loves Me Not,ep 2026-02-25 dz:923701361,Deezer/iTunes backfill after review
discography:deezer,candidate,Lino,"Tables Turn, Bridges Burn",ep 2025-12-19 dz:878023932,Deezer/iTunes backfill after review
discography:deezer,candidate,Lino,Still Jester,ep 2024-08-16 dz:996916931,Deezer/iTunes backfill after review
discography:deezer,candidate,Weezer,Superman (Garage Practice) / The BBC Tracks / Undone – The Sweater Song (Third Practice),album 2024-10-25 dz:658384161,Deezer/iTunes backfill after review
discography:deezer,candidate,Weezer,Weezer (Black Album),album 2019-03-01 dz:88629512,Deezer/iTunes backfill after review
discography:deezer,candidate,Weezer,Weezer (Teal Album),album 2019-01-24 dz:85310172,Deezer/iTunes backfill after review
discography:deezer,candidate,Weezer,Weezer (White Album),album 2016-04-01 dz:12737712,Deezer/iTunes backfill after review
discography:deezer,candidate,Weezer,Weezer (Red Album),album 2008-06-16 dz:262150,Deezer/iTunes backfill after review
discography:deezer,candidate,Weezer,Weezer (Green Album),album 2001-04-24 dz:249320,Deezer/iTunes backfill after review
discography:deezer,candidate,Weezer,Weezer 30 (Anniversary Super Deluxe),album 2024-11-01 dz:661508491,Deezer/iTunes backfill after review
discography:deezer,candidate,Weezer,Weezer (Blue Album),album 1994-05-10 dz:249099,Deezer/iTunes backfill after review
discography:deezer,candidate,Weezer,BBC Recordings / Undone - The Sweater Song (Third Practice),ep 2024-09-27 dz:645693231,Deezer/iTunes backfill after review
discography:deezer,candidate,Elton John,Step Into Christmas,album 2023-11-06 dz:507624801,Deezer/iTunes backfill after review
discography:deezer,candidate,Elton John,The Captain and The Kid,album 2006-01-01 dz:246855,Deezer/iTunes backfill after review
discography:deezer,candidate,Elton John,One Night Only,album 2000-11-05 dz:700771,Deezer/iTunes backfill after review
discography:deezer,candidate,Elton John,The Road To El Dorado (Original Motion Picture Soundtrack),album 2016-02-26 dz:22231771,Deezer/iTunes backfill after review
discography:deezer,candidate,Elton John,Pavarotti & Friends for War Child,album 1996-01-01 dz:229742,Deezer/iTunes backfill after review
discography:deezer,candidate,Elton John,Here And There,album 2007-04-30 dz:122625,Deezer/iTunes backfill after review
discography:deezer,candidate,Elton John,Honky Chateau,album 1995-08-02 dz:122698,Deezer/iTunes backfill after review
discography:deezer,candidate,Elton John,17-11-70,album 1971-01-01 dz:120858,Deezer/iTunes backfill after review
discography:deezer,candidate,Elton John,We All Fall In Love Sometimes (Session Demo),ep 2025-10-08 dz:830462251,Deezer/iTunes backfill after review
discography:deezer,candidate,Kraftwerk,3-D The Catalogue,album 2017-05-26 dz:157788692,Deezer/iTunes backfill after review
discography:deezer,candidate,Kraftwerk,3-D Der Katalog (German Version),album 2017-05-26 dz:157787422,Deezer/iTunes backfill after review
discography:deezer,candidate,Kraftwerk,Minimum - Maximum,album 2005-06-06 dz:333622,Deezer/iTunes backfill after review
discography:deezer,candidate,Kraftwerk,The Mix (2009 Remaster),album 2005-11-15 dz:7491157,Deezer/iTunes backfill after review
discography:deezer,candidate,Kraftwerk,Techno Pop (2009 Remaster),album 1986-12-16 dz:7491158,Deezer/iTunes backfill after review
discography:deezer,candidate,Kraftwerk,Computer World (2009 Remaster),album 2014-03-11 dz:7491159,Deezer/iTunes backfill after review
discography:deezer,candidate,Kraftwerk,The Man-Machine (2009 Remaster),album 2009-10-12 dz:396603,Deezer/iTunes backfill after review
discography:deezer,candidate,Kraftwerk,Radio-Activity (2009 Remaster),album 2009-10-06 dz:396600,Deezer/iTunes backfill after review
discography:deezer,candidate,Aretha Franklin,A Natural Woman... in Sweden,album 2022-10-20 dz:538477592,Deezer/iTunes backfill after review
discography:deezer,candidate,Aretha Franklin,Respect - The Very Best Of,album 2017-03-25 dz:15738590,Deezer/iTunes backfill after review
discography:deezer,candidate,Aretha Franklin,Precious Lord - feat. Rev. C.L. Franklin,album 2009-02-10 dz:1519668,Deezer/iTunes backfill after review
discography:deezer,candidate,Aretha Franklin,Dance Vault Mixes - (Pride) A Deeper Love,album 2021-04-08 dz:220466,Deezer/iTunes backfill after review
discography:deezer,candidate,Aretha Franklin,Aretha Franklin : Do Right Woman,album 2003-01-01 dz:558797,Deezer/iTunes backfill after review
discography:deezer,candidate,Aretha Franklin,"One Lord, One Faith, One Baptism",album 2014-10-17 dz:8936063,Deezer/iTunes backfill after review
discography:deezer,candidate,Aretha Franklin,Aretha In Person with The Ray Bryant Combo (Expanded Edition),album 2022-08-02 dz:939400,Deezer/iTunes backfill after review
discography:deezer,candidate,Aretha Franklin,Love and Respect,ep 2025-02-07 dz:707575941,Deezer/iTunes backfill after review
discography:deezer,candidate,Calvin Harris,Thinking About You (feat. Ayah Marar),album 2013-08-02 dz:6809266,Deezer/iTunes backfill after review
discography:deezer,candidate,Calvin Harris,We'll Be Coming Back (feat. Example),album 2013-02-05 dz:6300643,Deezer/iTunes backfill after review
discography:deezer,candidate,Calvin Harris,Bounce (feat. Kelis),album 2013-02-05 dz:6300641,Deezer/iTunes backfill after review
discography:deezer,candidate,Calvin Harris,Moving,ep 2020-04-03 dz:139157342,Deezer/iTunes backfill after review
discography:deezer,candidate,Calvin Harris,I'm Not Alone 2019,ep 2019-04-05 dz:92430592,Deezer/iTunes backfill after review
discography:deezer,candidate,Calvin Harris,Sweet Nothing (feat. Florence Welch),ep 2012-12-11 dz:6130567,Deezer/iTunes backfill after review
discography:deezer,candidate,Calvin Harris,Let's Go (feat. Ne-Yo),ep 2012-04-20 dz:1644080,Deezer/iTunes backfill after review
discography:deezer,candidate,Calvin Harris,Dance Wiv Me [feat. Calvin Harris and Chrome],ep 2009-08-01 dz:424981,Deezer/iTunes backfill after review
discography:deezer,candidate,Mariah Carey,Rainbow: 25th Anniversary Expanded Edition,album 2024-06-14 dz:599349082,Deezer/iTunes backfill after review
discography:deezer,candidate,Mariah Carey,Music Box: 30th Anniversary Edition,album 2023-09-08 dz:484768755,Deezer/iTunes backfill after review
discography:deezer,candidate,Mariah Carey,Butterfly: 25th Anniversary Expanded Edition,album 2022-09-16 dz:356174327,Deezer/iTunes backfill after review
discography:deezer,candidate,Mariah Carey,Merry Christmas: 30th Anniversary Edition,album 2024-12-06 dz:675734841,Deezer/iTunes backfill after review
discography:deezer,candidate,Mariah Carey,I'm That Chick - EP,ep 2021-02-05 dz:203590392,Deezer/iTunes backfill after review
discography:deezer,candidate,Mariah Carey,Your Girl - EP,ep 2021-01-29 dz:201885892,Deezer/iTunes backfill after review
discography:deezer,candidate,Mariah Carey,I Only Wanted - EP,ep 2021-01-22 dz:200112452,Deezer/iTunes backfill after review
discography:deezer,candidate,Mariah Carey,MTV Unplugged EP,ep 1992-04-27 dz:1206438,Deezer/iTunes backfill after review
discography:deezer,candidate,Billy Joel,2000 Years - The Millennium Concert,album 2000-05-02 dz:78325,Deezer/iTunes backfill after review
discography:deezer,candidate,Billy Joel,Greatest Hits Vol. III,album 2001-11-26 dz:78538,Deezer/iTunes backfill after review
discography:deezer,candidate,Billy Joel,Songs In the Attic,album 1981-09-14 dz:6732983,Deezer/iTunes backfill after review
discography:deezer,candidate,Billy Joel,Billy Joel - Rebels,ep 2022-08-21 dz:345636877,Deezer/iTunes backfill after review
discography:deezer,candidate,Billy Joel,Billy Joel - Moods,ep 2022-06-17 dz:327249357,Deezer/iTunes backfill after review
discography:deezer,candidate,Billy Joel,Billy Joel - Memories,ep 2022-06-24 dz:328081377,Deezer/iTunes backfill after review
discography:deezer,candidate,Billy Joel,Billy Joel - Narratives,ep 2022-05-27 dz:320643147,Deezer/iTunes backfill after review
discography:deezer,candidate,Billy Joel,Billy Joel - Places,ep 2022-02-18 dz:295574092,Deezer/iTunes backfill after review
discography:deezer,candidate,The Neighbourhood,(((((ultraSOUND)))))+,album 2026-02-20 dz:908697682,Deezer/iTunes backfill after review
discography:deezer,candidate,The Neighbourhood,Chip Chrome & The Mono-Tones,album 2020-09-25 dz:174802262,Deezer/iTunes backfill after review
discography:deezer,candidate,The Neighbourhood,Hard To Imagine The Neighbourhood Ever Changing,album 2018-11-02 dz:77068962,Deezer/iTunes backfill after review
discography:deezer,candidate,The Neighbourhood,Wiped Out!,album 2015-10-30 dz:11539620,Deezer/iTunes backfill after review
discography:deezer,candidate,The Neighbourhood,#000000 & #FFFFFF (No DJ Version),album 2014-11-28 dz:52068242,Deezer/iTunes backfill after review
discography:deezer,candidate,The Neighbourhood,I Love You.,album 2013-04-19 dz:6505633,Deezer/iTunes backfill after review
discography:deezer,candidate,The Neighbourhood,The Love Collection,ep 2013-12-10 dz:7176051,Deezer/iTunes backfill after review
discography:deezer,candidate,The Neighbourhood,I'm Sorry...,ep 2013-05-08 dz:6575833,Deezer/iTunes backfill after review
discography:deezer,candidate,Stevie Wonder,Number 1's,album 2007-08-21 dz:80297012,Deezer/iTunes backfill after review
discography:deezer,candidate,Stevie Wonder,Natural Wonder,album 1995-10-04 dz:125407772,Deezer/iTunes backfill after review
discography:deezer,candidate,Stevie Wonder,"Music From The Movie ""Jungle Fever""",album 1992-01-01 dz:645464,Deezer/iTunes backfill after review
discography:deezer,candidate,Stevie Wonder,Selections From The Original Soundtrack The Woman In Red,album 1984-01-01 dz:321201507,Deezer/iTunes backfill after review
discography:deezer,candidate,Stevie Wonder,Original Musiquarium,album 2000-10-17 dz:117468682,Deezer/iTunes backfill after review
discography:deezer,candidate,Stevie Wonder,Journey Through The Secret Life Of Plants,album 2019-05-10 dz:96002332,Deezer/iTunes backfill after review
discography:deezer,candidate,Stevie Wonder,"Stevie Wonder's Greatest Hits, Vol.2",album 1998-01-01 dz:70468932,Deezer/iTunes backfill after review
discography:deezer,candidate,Stevie Wonder,Up-Tight,album 2004-04-27 dz:9090859,Deezer/iTunes backfill after review
discography:deezer,candidate,Led Zeppelin,An Introduction to Led Zeppelin,album 2018-09-27 dz:73903092,Deezer/iTunes backfill after review
discography:deezer,candidate,Led Zeppelin,Led Zeppelin x Led Zeppelin,album 2018-09-27 dz:73903112,Deezer/iTunes backfill after review
discography:deezer,candidate,Led Zeppelin,Celebration Day,album 2012-11-16 dz:6072496,Deezer/iTunes backfill after review
discography:deezer,candidate,Led Zeppelin,Mothership (Remastered),album 2013-12-01 dz:11502572,Deezer/iTunes backfill after review
discography:deezer,candidate,Led Zeppelin,How the West Was Won (Remaster),album 2003-05-27 dz:58654022,Deezer/iTunes backfill after review
discography:deezer,candidate,Led Zeppelin,The Complete BBC Sessions (Remastered),album 2016-09-16 dz:13962700,Deezer/iTunes backfill after review
discography:deezer,candidate,Led Zeppelin,The Song Remains the Same (Remaster),album 2018-09-07 dz:72286342,Deezer/iTunes backfill after review
discography:deezer,candidate,Pearl Jam,Dark Matter,album 2024-04-19 dz:574025071,Deezer/iTunes backfill after review
discography:deezer,candidate,Pearl Jam,Give Way,album 2023-04-24 dz:431073197,Deezer/iTunes backfill after review
discography:deezer,candidate,Pearl Jam,Gigaton,album 2020-03-27 dz:138369792,Deezer/iTunes backfill after review
discography:deezer,candidate,Pearl Jam,MTV Unplugged,album 2020-10-23 dz:179304232,Deezer/iTunes backfill after review
discography:deezer,candidate,Pearl Jam,Pearl Jam Twenty Original Motion Picture Soundtrack,album 2011-09-16 dz:1261317,Deezer/iTunes backfill after review
discography:deezer,candidate,Pearl Jam,Pearl Jam (2017 Mix),album 2017-11-10 dz:51307372,Deezer/iTunes backfill after review
discography:deezer,candidate,Pearl Jam,Ten Redux,album 2013-08-16 dz:6867543,Deezer/iTunes backfill after review
discography:deezer,candidate,PJ Morton,Sunday Morning,album 2026-06-18 dz:955343291,Deezer/iTunes backfill after review
discography:deezer,candidate,PJ Morton,Saturday Night,album 2026-06-16 dz:955343171,Deezer/iTunes backfill after review
discography:deezer,candidate,PJ Morton,"Dr. Seuss's Red Fish, Blue Fish (Songs from the World of the Netflix Series)",album 2025-09-04 dz:811163781,Deezer/iTunes backfill after review
discography:deezer,candidate,PJ Morton,HEART OF MINE,album 2025-08-08 dz:784889631,Deezer/iTunes backfill after review
discography:deezer,candidate,PJ Morton,"Pardon Me, I'm Different",album 2025-07-04 dz:768100261,Deezer/iTunes backfill after review
discography:deezer,candidate,PJ Morton,Gospel According To PJ,album 2020-08-28 dz:169228032,Deezer/iTunes backfill after review
discography:deezer,candidate,PJ Morton,Emotions: Special Edition,album 2005-01-01 dz:6830727,Deezer/iTunes backfill after review
discography:deezer,candidate,Alicia Keys,The Diary Of Alicia Keys 20,album 2023-12-01 dz:515216252,Deezer/iTunes backfill after review
discography:deezer,candidate,Alicia Keys,Queen Charlotte: A Bridgerton Story (Covers from the Netflix Series),album 2023-05-04 dz:436228017,Deezer/iTunes backfill after review
discography:deezer,candidate,Alicia Keys,KEYS II,album 2022-08-12 dz:336326547,Deezer/iTunes backfill after review
discography:deezer,candidate,Alicia Keys,Alicia Keys - VH1 Storytellers,album 2013-06-21 dz:6676580,Deezer/iTunes backfill after review
discography:deezer,candidate,Alicia Keys,Unplugged,album 2005-10-11 dz:1423345,Deezer/iTunes backfill after review
discography:deezer,candidate,Alicia Keys,Vault Volume 1,ep 2017-04-07 dz:81348852,Deezer/iTunes backfill after review
discography:deezer,candidate,Alicia Keys,Diary (Dance Vault Mixes) - EP,ep 2006-06-06 dz:220451,Deezer/iTunes backfill after review
discography:deezer,candidate,The Allman Brothers Band,One Way Out,album 2004-03-23 dz:12363710,Deezer/iTunes backfill after review
discography:deezer,candidate,The Allman Brothers Band,Peakin' at the Beacon,album 2000-11-14 dz:97833,Deezer/iTunes backfill after review
discography:deezer,candidate,The Allman Brothers Band,20th Century Masters: The Millennium Collection: The Best Of The Allman Brothers,album 2009-07-14 dz:72171902,Deezer/iTunes backfill after review
discography:deezer,candidate,The Allman Brothers Band,An Evening with The Allman Brothers Band: 2nd Set,album 1995-04-21 dz:111877,Deezer/iTunes backfill after review
discography:deezer,candidate,The Allman Brothers Band,An Evening with The Allman Brothers Band: First Set,album 1992-06-09 dz:115570,Deezer/iTunes backfill after review
discography:deezer,candidate,The Allman Brothers Band,The 1971 Fillmore East Recordings,album 2014-07-29 dz:8109966,Deezer/iTunes backfill after review
discography:deezer,candidate,The Allman Brothers Band,At Fillmore East,album 2016-07-22 dz:13632602,Deezer/iTunes backfill after review
discography:deezer,candidate,George Michael,George Michael & Wham! Last Christmas: The Original Motion Picture Soundtrack,album 2019-11-08 dz:117359372,Deezer/iTunes backfill after review
discography:deezer,candidate,George Michael,Symphonica (Deluxe Version),album 2014-01-01 dz:7524046,Deezer/iTunes backfill after review
discography:deezer,candidate,George Michael,Flawless (Go to the City),album 2004-08-30 dz:1455326,Deezer/iTunes backfill after review
discography:deezer,candidate,George Michael,Ladies & Gentlemen,album 2001-11-26 dz:950341,Deezer/iTunes backfill after review
discography:deezer,candidate,George Michael,Older + Upper,album 2022-09-30 dz:361539017,Deezer/iTunes backfill after review
discography:deezer,candidate,George Michael,Listen Without Prejudice Vol. 1 (Remastered),album 1990-09-01 dz:321583617,Deezer/iTunes backfill after review
discography:deezer,candidate,George Michael,I Want Your Sex (Freemasons Club Mix),ep 2010-11-08 dz:224667142,Deezer/iTunes backfill after review
discography:deezer,candidate,Shakira,Shakira In Concert: El Dorado World Tour,album 2019-11-13 dz:118190592,Deezer/iTunes backfill after review
discography:deezer,candidate,Shakira,Fijación Oral Volumen 1,album 2005-06-03 dz:763994091,Deezer/iTunes backfill after review
discography:deezer,candidate,Shakira,Grandes Exitos,album 2002-11-05 dz:1422755,Deezer/iTunes backfill after review
discography:deezer,candidate,Shakira,Laundry Service: Washed and Dried (Expanded Edition),album 2021-11-12 dz:270739662,Deezer/iTunes backfill after review
discography:deezer,candidate,Shakira,Shakira MTV Unplugged,album 2005-05-24 dz:1422754,Deezer/iTunes backfill after review
discography:deezer,candidate,Shakira,Donde Estan Los Ladrones,album 1998-09-29 dz:1422753,Deezer/iTunes backfill after review
discography:deezer,candidate,Shakira,She Wolf / Loba,ep 2009-07-10 dz:407678107,Deezer/iTunes backfill after review
discography:deezer,candidate,Ariana Grande,Wicked: For Good – The Soundtrack (Commentary),album 2026-03-20 dz:938823031,Deezer/iTunes backfill after review
discography:deezer,candidate,Ariana Grande,Wicked: For Good – The Soundtrack,album 2025-11-21 dz:858830932,Deezer/iTunes backfill after review
discography:deezer,candidate,Ariana Grande,Wicked: The Soundtrack (Commentary),album 2025-04-04 dz:734173741,Deezer/iTunes backfill after review
discography:deezer,candidate,Ariana Grande,Wicked: The Soundtrack,album 2024-12-06 dz:679617111,Deezer/iTunes backfill after review
discography:deezer,candidate,Ariana Grande,eternal sunshine deluxe: brighter days ahead,album 2025-03-28 dz:732743361,Deezer/iTunes backfill after review
discography:deezer,candidate,Ariana Grande,Dangerous Woman (Edited),album 2021-05-20 dz:230827252,Deezer/iTunes backfill after review
discography:deezer,candidate,Ariana Grande,For Good (from Wicked: For Good - The Soundtrack),ep 2025-12-12 dz:874923862,Deezer/iTunes backfill after review
discography:deezer,candidate,Ellie Goulding,We Know Too Much,album 2026-09-06 dz:1066763251,Deezer/iTunes backfill after review
discography:deezer,candidate,Ellie Goulding,You Know Too Much,album 2026-09-11 dz:1075607192,Deezer/iTunes backfill after review
discography:deezer,candidate,Ellie Goulding,Halcyon Days,album 2013-08-27 dz:6843481,Deezer/iTunes backfill after review
discography:deezer,candidate,Ellie Goulding,Halcyon Nights,album 2022-10-12 dz:363275967,Deezer/iTunes backfill after review
discography:deezer,candidate,Ellie Goulding,Lights 10,album 2020-02-26 dz:132809972,Deezer/iTunes backfill after review
discography:deezer,candidate,Ellie Goulding,Bright Lights (Lights Re-pack / Bonus Version),album 2011-05-23 dz:707980,Deezer/iTunes backfill after review
discography:deezer,candidate,Ellie Goulding,Brightest Blue - Music For Calm,ep 2021-01-08 dz:197214522,Deezer/iTunes backfill after review
discography:deezer,candidate,ODEE,Here I Come,album 2026-01-23 dz:900309102,Deezer/iTunes backfill after review
discography:deezer,candidate,ODEE,THE HOUR OF JOY,album 2025-04-11 dz:739195771,Deezer/iTunes backfill after review
discography:deezer,candidate,ODEE,CANDLE LIGHT (Deluxe Edition),ep 2024-07-04 dz:607451312,Deezer/iTunes backfill after review
discography:deezer,candidate,ODEE,The Moon,ep 2024-10-31 dz:574781861,Deezer/iTunes backfill after review
discography:deezer,candidate,ODEE,تسونامي,ep 2024-11-01 dz:582286312,Deezer/iTunes backfill after review
discography:deezer,candidate,ODEE,VS2,ep 2023-05-07 dz:437343887,Deezer/iTunes backfill after review
discography:deezer,candidate,ODEE,Flip The Script EP,ep 2023-04-06 dz:426651697,Deezer/iTunes backfill after review
discography:deezer,candidate,TOUCHED,Whatever Flavour,album 2024-07-24 dz:620041321,Deezer/iTunes backfill after review
discography:deezer,candidate,TOUCHED,Back Alley Vices,album 2023-07-21 dz:462321825,Deezer/iTunes backfill after review
discography:deezer,candidate,TOUCHED,Death Row,album 2023-07-21 dz:462329475,Deezer/iTunes backfill after review
discography:deezer,candidate,TOUCHED,In Touch,album 2022-08-08 dz:344260187,Deezer/iTunes backfill after review
discography:deezer,candidate,TOUCHED,Nothin' Extra,ep 2025-09-06 dz:807896841,Deezer/iTunes backfill after review
discography:deezer,candidate,TOUCHED,GREAT SEOUL INVASION Section 7,ep 2022-09-22 dz:358362607,Deezer/iTunes backfill after review
discography:deezer,candidate,TOUCHED,Whatever,ep 2020-12-26 dz:193594592,Deezer/iTunes backfill after review
discography:deezer,candidate,Chancellor,Fractured,album 2025-11-17 dz:860051192,Deezer/iTunes backfill after review
discography:deezer,candidate,Chancellor,scroll the water,album 2025-06-09 dz:765956201,Deezer/iTunes backfill after review
discography:deezer,candidate,Chancellor,The Pivot,album 2024-12-10 dz:661387641,Deezer/iTunes backfill after review
discography:deezer,candidate,Chancellor,Thug Luv,album 2022-12-05 dz:822525991,Deezer/iTunes backfill after review
discography:deezer,candidate,Chancellor,P.A.S.A: 2005-2018,album 2019-03-09 dz:89210252,Deezer/iTunes backfill after review
discography:deezer,candidate,Chancellor,Have Your Cake EP,ep 2025-11-14 dz:838161022,Deezer/iTunes backfill after review
discography:deezer,candidate,Chancellor,Happy Birthday EP,ep 2025-09-24 dz:818148661,Deezer/iTunes backfill after review
discography:deezer,candidate,Killer Mike,RTJ4,album 2026-01-28 dz:902084212,Deezer/iTunes backfill after review
discography:deezer,candidate,Killer Mike,Run The Jewels 3,album 2016-12-26 dz:893213722,Deezer/iTunes backfill after review
discography:deezer,candidate,Killer Mike,Run The Jewels 2,album 2014-10-27 dz:880889112,Deezer/iTunes backfill after review
discography:deezer,candidate,Killer Mike,Run The Jewels,album 2015-07-17 dz:882538842,Deezer/iTunes backfill after review
discography:deezer,candidate,Killer Mike,Can't Fit In,ep 2026-08-07 dz:1033151662,Deezer/iTunes backfill after review
discography:deezer,candidate,Killer Mike,My Chrome (feat. Big Boi),ep 2005-05-24 dz:7001257,Deezer/iTunes backfill after review
discography:deezer,candidate,Don Malik,Love is a Song,album 2025-06-13 dz:771355481,Deezer/iTunes backfill after review
discography:deezer,candidate,Don Malik,THURSDAYCLUB MIXTAPE,album 2024-07-30 dz:621735651,Deezer/iTunes backfill after review
discography:deezer,candidate,Don Malik,49,album 2023-11-20 dz:513666622,Deezer/iTunes backfill after review
discography:deezer,candidate,Don Malik,FOMMY HILTIGER,album 2017-01-25 dz:150341492,Deezer/iTunes backfill after review
discography:deezer,candidate,Don Malik,Tribeast,album 2016-04-19 dz:227047422,Deezer/iTunes backfill after review
discography:deezer,candidate,Don Malik,탯줄,ep 2015-03-31 dz:227063382,Deezer/iTunes backfill after review
discography:deezer,candidate,Legit Goons,PUNK,album 2026-03-26 dz:945429521,Deezer/iTunes backfill after review
discography:deezer,candidate,Legit Goons,Family Sitcom,album 2022-06-14 dz:327067117,Deezer/iTunes backfill after review
discography:deezer,candidate,Legit Goons,ROCKSTAR GAMES,album 2019-05-22 dz:319046437,Deezer/iTunes backfill after review
discography:deezer,candidate,Legit Goons,Junk Drunk Love,album 2017-08-31 dz:321597707,Deezer/iTunes backfill after review
discography:deezer,candidate,Legit Goons,Camp,album 2016-08-22 dz:148024652,Deezer/iTunes backfill after review
discography:deezer,candidate,Legit Goons,Change the Mood,album 2014-04-04 dz:279702692,Deezer/iTunes backfill after review
discography:deezer,candidate,Fleeky Bang,ANTI,album 2026-09-22 dz:1081557112,Deezer/iTunes backfill after review
discography:deezer,candidate,Fleeky Bang,3024,album 2025-02-27 dz:719522831,Deezer/iTunes backfill after review
discography:deezer,candidate,Fleeky Bang,AKUMA,album 2024-10-01 dz:650767011,Deezer/iTunes backfill after review
discography:deezer,candidate,Fleeky Bang,The Predator 2: FLEEKY SYNDROME,album 2024-01-12 dz:534174342,Deezer/iTunes backfill after review
discography:deezer,candidate,Fleeky Bang,The Predator,album 2023-08-06 dz:473220055,Deezer/iTunes backfill after review
discography:deezer,candidate,Fleeky Bang,HAN 2023,ep 2023-05-24 dz:444891705,Deezer/iTunes backfill after review
discography:deezer,candidate,Bassagong,real mc,album 2026-02-25 dz:921557241,Deezer/iTunes backfill after review
discography:deezer,candidate,Bassagong,LIFE LOVER,album 2025-07-09 dz:783943071,Deezer/iTunes backfill after review
discography:deezer,candidate,Bassagong,PALANG,album 2024-12-17 dz:684480361,Deezer/iTunes backfill after review
discography:deezer,candidate,Bassagong,mrfuck,album 2024-02-14 dz:545291212,Deezer/iTunes backfill after review
discography:deezer,candidate,Bassagong,출항사,album 2015-07-23 dz:46899732,Deezer/iTunes backfill after review
discography:deezer,candidate,Bassagong,Love Letter,ep 2025-09-07 dz:815755001,Deezer/iTunes backfill after review
discography:deezer,candidate,Babylon,SMOKE & MIRRORS,album 2025-10-28 dz:840885512,Deezer/iTunes backfill after review
discography:deezer,candidate,Babylon,EGO 90'S PART 3,album 2024-08-01 dz:621803101,Deezer/iTunes backfill after review
discography:deezer,candidate,Babylon,MOOD,album 2023-12-07 dz:519627342,Deezer/iTunes backfill after review
discography:deezer,candidate,Babylon,Colors,album 2023-09-07 dz:483862445,Deezer/iTunes backfill after review
discography:deezer,candidate,Babylon,EGO 90'S PART 2,album 2022-12-15 dz:384454427,Deezer/iTunes backfill after review
discography:deezer,candidate,Babylon,EGO 90'S,album 2022-07-19 dz:335860147,Deezer/iTunes backfill after review
discography:deezer,candidate,The Who,"Who’s On Repeat, Who Knew?",album 2026-06-26 dz:1009317941,Deezer/iTunes backfill after review
discography:deezer,candidate,The Who,20th Century Masters: The Millennium Collection: Best Of The Who,album 1999-01-01 dz:72169742,Deezer/iTunes backfill after review
discography:deezer,candidate,The Who,BBC Sessions,album 2000-02-15 dz:321086977,Deezer/iTunes backfill after review
discography:deezer,candidate,The Who,Quadrophenia (Original Motion Picture Soundtrack),album 2015-05-25 dz:565271372,Deezer/iTunes backfill after review
discography:deezer,candidate,The Who,Who’s Next : Life House,album 2023-07-21 dz:464379505,Deezer/iTunes backfill after review
discography:deezer,candidate,The Who,The Who Sings My Generation (U.S. Version),album 1988-10-10 dz:320954667,Deezer/iTunes backfill after review
discography:deezer,candidate,Kelly Clarkson,When Christmas Comes Around… Again,album 2024-11-01 dz:658759141,Deezer/iTunes backfill after review
discography:deezer,candidate,Kelly Clarkson,Dance Vault Mixes - Because Of You,album 2005-10-03 dz:1209522,Deezer/iTunes backfill after review
discography:deezer,candidate,Kelly Clarkson,Rolling Stone Original,ep 2008-01-03 dz:1450916,Deezer/iTunes backfill after review
discography:deezer,candidate,Kelly Clarkson,Dance Vault Mixes - Walk Away (4),ep 2006-03-27 dz:1213024,Deezer/iTunes backfill after review
discography:deezer,candidate,Kelly Clarkson,Dance Vault Mixes - Walk Away (2),ep 2006-03-27 dz:1211089,Deezer/iTunes backfill after review
discography:deezer,candidate,Kelly Clarkson,Dance Vault Mixes - Behind These Hazel Eyes,ep 2005-08-01 dz:1375375,Deezer/iTunes backfill after review
discography:deezer,candidate,Snoop Dogg,Gangsta Grillz: I Still Got It,album 2022-10-20 dz:366723717,Deezer/iTunes backfill after review
discography:deezer,candidate,Snoop Dogg,Cuzznz,album 2016-01-15 dz:11844302,Deezer/iTunes backfill after review
discography:deezer,candidate,Snoop Dogg,Mac and Devin Go to High School (Music from and Inspired by the Movie),album 2011-12-09 dz:1383089,Deezer/iTunes backfill after review
discography:deezer,candidate,Snoop Dogg,"Death Row: The Lost Sessions, Vol. 1",album 2009-10-13 dz:415414697,Deezer/iTunes backfill after review
discography:deezer,candidate,Snoop Dogg,Sessions @ AOL,album 2007-03-13 dz:88433852,Deezer/iTunes backfill after review
discography:deezer,candidate,Snoop Dogg,The Underdoggs (Original Motion Picture Soundtrack),ep 2024-01-26 dz:537079352,Deezer/iTunes backfill after review
discography:deezer,candidate,Massive Attack,False Flags,album 2025-06-18 dz:770676091,Deezer/iTunes backfill after review
discography:deezer,candidate,Massive Attack,Unleashed OST,album 2005-02-21 dz:302317,Deezer/iTunes backfill after review
discography:deezer,candidate,Massive Attack,Danny The Dog - OST,album 2004-10-11 dz:302316,Deezer/iTunes backfill after review
discography:deezer,candidate,Massive Attack,Singles Collection,album 2003-03-03 dz:303595,Deezer/iTunes backfill after review
discography:deezer,candidate,Massive Attack,No Protection,album 2004-04-01 dz:301969,Deezer/iTunes backfill after review
discography:deezer,candidate,Massive Attack,Blue Lines (2012 Mix/Master),album 2012-11-16 dz:6014554,Deezer/iTunes backfill after review
discography:deezer,candidate,Don Mills,The Life-Changing Album,album 2024-02-27 dz:551701982,Deezer/iTunes backfill after review
discography:deezer,candidate,Don Mills,D Generation,album 2021-07-03 dz:428326997,Deezer/iTunes backfill after review
discography:deezer,candidate,Don Mills,F.O.B.,album 2021-03-11 dz:428321487,Deezer/iTunes backfill after review
discography:deezer,candidate,Don Mills,YOUNG DON,album 2014-08-27 dz:621994051,Deezer/iTunes backfill after review
discography:deezer,candidate,Don Mills,Stand Up Underground Challenge EP. 06 : 비켜,ep 2023-06-08 dz:449484085,Deezer/iTunes backfill after review
discography:deezer,candidate,Don Mills,88,ep 2014-03-25 dz:545456992,Deezer/iTunes backfill after review
discography:deezer,candidate,Swings,Demos (2023-2025),album 2026-09-17 dz:1105025982,Deezer/iTunes backfill after review
discography:deezer,candidate,Swings,Where I'm going,album 2026-09-17 dz:1105222732,Deezer/iTunes backfill after review
discography:deezer,candidate,Swings,Mood Swings II Part. 3 : Psychotherapy,album 2016-09-08 dz:352118197,Deezer/iTunes backfill after review
discography:deezer,candidate,Swings,Sugarwater,album 2015-11-13 dz:72049552,Deezer/iTunes backfill after review
discography:deezer,candidate,Swings,Detergent Hymns,album 2015-01-26 dz:10238426,Deezer/iTunes backfill after review
discography:deezer,candidate,Swings,"Monthly AP - September, 2.0",ep 2023-09-27 dz:493305341,Deezer/iTunes backfill after review
discography:deezer,candidate,Thornapple,Enlightenment,album 2019-07-04 dz:102316742,Deezer/iTunes backfill after review
discography:deezer,candidate,Thornapple,Strange Weather,album 2014-06-12 dz:68732451,Deezer/iTunes backfill after review
discography:deezer,candidate,Thornapple,I Often Stammer and Forget the Way to Sleep (2013 Remaster),album 2013-01-29 dz:68732421,Deezer/iTunes backfill after review
discography:deezer,candidate,Thornapple,My Century,ep 2026-06-23 dz:1007831341,Deezer/iTunes backfill after review
discography:deezer,candidate,Thornapple,Animal,ep 2023-08-28 dz:479573615,Deezer/iTunes backfill after review
discography:deezer,candidate,Thornapple,Capital Disease,ep 2016-05-19 dz:68607471,Deezer/iTunes backfill after review
discography:deezer,candidate,Stray Kids,HOP,album 2024-12-13 dz:682438451,Deezer/iTunes backfill after review
discography:deezer,candidate,Stray Kids,5-STAR,album 2023-06-02 dz:447279595,Deezer/iTunes backfill after review
discography:deezer,candidate,Stray Kids,IN LIFE,album 2022-02-07 dz:292340142,Deezer/iTunes backfill after review
discography:deezer,candidate,Stray Kids,ROCK-STAR,ep 2023-11-10 dz:510153221,Deezer/iTunes backfill after review
discography:deezer,candidate,Stray Kids,Social Path / Super Bowl -Japanese version-,ep 2023-09-06 dz:480162445,Deezer/iTunes backfill after review
discography:deezer,candidate,Horim,Winter to Spring,album 2022-03-28 dz:305498807,Deezer/iTunes backfill after review
discography:deezer,candidate,Horim,METROCITY,album 2018-10-24 dz:320762697,Deezer/iTunes backfill after review
discography:deezer,candidate,Horim,SOULFULL,ep 2026-05-30 dz:978455101,Deezer/iTunes backfill after review
discography:deezer,candidate,Horim,EPSD : Luv dis S[e]oul,ep 2025-11-26 dz:858063772,Deezer/iTunes backfill after review
discography:deezer,candidate,Horim,08202 Groove S[e]oul City,ep 2016-11-15 dz:244915162,Deezer/iTunes backfill after review
discography:deezer,candidate,Harry Belafonte,An Evening With Harry Belafonte & Friends,album 1997-09-18 dz:216435,Deezer/iTunes backfill after review
discography:deezer,candidate,Harry Belafonte,Belafonte Sings of Love,album 2016-05-20 dz:13138820,Deezer/iTunes backfill after review
discography:deezer,candidate,Harry Belafonte,"Ballads, Blues & Boasters",album 1964-08-24 dz:12598832,Deezer/iTunes backfill after review
discography:deezer,candidate,Harry Belafonte,Christmas,album 2001-09-24 dz:107694,Deezer/iTunes backfill after review
discography:deezer,candidate,Harry Belafonte,Belafonte: At Carnegie Hall,album 1959-07-01 dz:10214494,Deezer/iTunes backfill after review
discography:deezer,candidate,Metallica,72 Seasons,album 2023-04-14 dz:428991547,Deezer/iTunes backfill after review
discography:deezer,candidate,Metallica,The Metallica Blacklist,album 2021-09-10 dz:250918532,Deezer/iTunes backfill after review
discography:deezer,candidate,Metallica,S&M2,album 2020-08-28 dz:150788542,Deezer/iTunes backfill after review
discography:deezer,candidate,Metallica,Metallica Through The Never (Music from the Motion Picture),album 2013-09-30 dz:14590608,Deezer/iTunes backfill after review
discography:deezer,candidate,Metallica,S&M,album 1999-11-23 dz:14590448,Deezer/iTunes backfill after review
discography:deezer,candidate,EELS,EELS So Good: Essential EELS Vol. 2 (2007-2020),album 2023-12-15 dz:504796111,Deezer/iTunes backfill after review
discography:deezer,candidate,EELS,Royal Albert Hall,album 2015-04-13 dz:10030450,Deezer/iTunes backfill after review
discography:deezer,candidate,EELS,Hombre Lobo,album 2009-06-02 dz:6760774,Deezer/iTunes backfill after review
discography:deezer,candidate,EELS,"Meet The EELS: Essential EELS 1996-2006, Vol. 1",album 2008-01-01 dz:626757441,Deezer/iTunes backfill after review
discography:deezer,candidate,EELS,Oh What A Beautiful Morning,album 2000-01-01 dz:388106197,Deezer/iTunes backfill after review
discography:deezer,candidate,Jeff Mills,Think Again,album 2021-01-22 dz:515094222,Deezer/iTunes backfill after review
discography:deezer,candidate,Jeff Mills,AND Then There Was Light Sound Track,album 2017-11-06 dz:51157312,Deezer/iTunes backfill after review
discography:deezer,candidate,Jeff Mills,Three Ages (Bande Originale du Film),album 2000-11-08 dz:267204,Deezer/iTunes backfill after review
discography:deezer,candidate,Jeff Mills,Morning Glory,ep 2023-09-29 dz:516196022,Deezer/iTunes backfill after review
discography:deezer,candidate,Jeff Mills,Hatsumi,ep 2022-05-20 dz:515081412,Deezer/iTunes backfill after review
discography:deezer,candidate,Room306,Leaving,album 2025-11-08 dz:847747932,Deezer/iTunes backfill after review
discography:deezer,candidate,Room306,BOOZE AND PETAL,album 2021-09-18 dz:257636572,Deezer/iTunes backfill after review
discography:deezer,candidate,Room306,Layer,album 2018-12-29 dz:83053342,Deezer/iTunes backfill after review
discography:deezer,candidate,Room306,Petite Jungle,ep 2024-09-11 dz:638940031,Deezer/iTunes backfill after review
discography:deezer,candidate,Room306,Visit,ep 2018-03-05 dz:58878032,Deezer/iTunes backfill after review
discography:deezer,candidate,Takeone,"In Every Songbird, In Every Note",album 2023-03-04 dz:414069347,Deezer/iTunes backfill after review
discography:deezer,candidate,Takeone,Age of Darkness,album 2020-04-11 dz:142448882,Deezer/iTunes backfill after review
discography:deezer,candidate,Takeone,Síntese,album 2014-11-07 dz:927719651,Deezer/iTunes backfill after review
discography:deezer,candidate,Takeone,Spooky Split,ep 2021-10-31 dz:269362522,Deezer/iTunes backfill after review
discography:deezer,candidate,Takeone,Say My Name (I Don't Think So) (Mixes),ep 2026-01-28 dz:877782902,Deezer/iTunes backfill after review
discography:deezer,candidate,JMIN,J.min Story Vol.43,album 2021-05-11 dz:228234552,Deezer/iTunes backfill after review
discography:deezer,candidate,JMIN,Cross The Border,album 2014-01-22 dz:52314342,Deezer/iTunes backfill after review
discography:deezer,candidate,JMIN,Digital Curse: Dead Signal,ep 2026-04-17 dz:951807081,Deezer/iTunes backfill after review
discography:deezer,candidate,JMIN,The 1st Mini ALBUM 'Shine',ep 2014-07-18 dz:106879932,Deezer/iTunes backfill after review
discography:deezer,candidate,JMIN,손뼉을 쳐,ep 2007-10-04 dz:96345722,Deezer/iTunes backfill after review
discography:deezer,candidate,Lady Gaga,The Devil Wears Prada 2 (Music From The Motion Picture),album 2026-05-01 dz:971750301,Deezer/iTunes backfill after review
discography:deezer,candidate,Lady Gaga,Dawn Of Chromatica,album 2021-09-03 dz:256096052,Deezer/iTunes backfill after review
discography:deezer,candidate,Lady Gaga,A Star Is Born Soundtrack (Without Dialogue),album 2018-10-05 dz:74441042,Deezer/iTunes backfill after review
discography:deezer,candidate,Lady Gaga,BORN THIS WAY THE TENTH ANNIVERSARY,album 2021-06-25 dz:239796412,Deezer/iTunes backfill after review
discography:deezer,candidate,Lady Gaga,A Very Gaga Holiday,ep 2011-11-22 dz:1376821,Deezer/iTunes backfill after review
discography:deezer,candidate,Linkin Park,From Zero: A Cappellas,album 2024-11-14 dz:699541991,Deezer/iTunes backfill after review
discography:deezer,candidate,Linkin Park,Meteora 20th Anniversary Edition,album 2023-04-07 dz:424490227,Deezer/iTunes backfill after review
discography:deezer,candidate,Linkin Park,RECHARGED,album 2013-10-25 dz:7038320,Deezer/iTunes backfill after review
discography:deezer,candidate,Linkin Park,Reanimation,album 2004-12-10 dz:81769,Deezer/iTunes backfill after review
discography:deezer,candidate,Linkin Park,A Thousand Suns: Puerta De Alcalá,ep 2010-09-13 dz:1346801,Deezer/iTunes backfill after review
discography:deezer,candidate,Green Day,Nimrods Original Soundtrack,album 2026-07-31 dz:1015788371,Deezer/iTunes backfill after review
discography:deezer,candidate,Green Day,Saviors (édition de luxe),album 2025-08-29 dz:811864231,Deezer/iTunes backfill after review
discography:deezer,candidate,Green Day,Awesome as Fuck (Deluxe),album 2011-03-18 dz:928880,Deezer/iTunes backfill after review
discography:deezer,candidate,Green Day,Bullet in a Bible,album 2005-11-14 dz:82048,Deezer/iTunes backfill after review
discography:deezer,candidate,Green Day,Otis Big Guitar Mix,ep 2020-04-03 dz:139162472,Deezer/iTunes backfill after review
discography:deezer,candidate,Black Eyed Peas,The Beginning & The Best Of The E.N.D.,album 2011-02-08 dz:9205685,Deezer/iTunes backfill after review
discography:deezer,candidate,Black Eyed Peas,Invasion Of Imma Be Rocking That Body - Megamix E.P.,album 2010-01-01 dz:522518,Deezer/iTunes backfill after review
discography:deezer,candidate,Black Eyed Peas,Invasion Of Meet Me Halfway - Megamix E.P.,album 2009-01-01 dz:443936,Deezer/iTunes backfill after review
discography:deezer,candidate,Black Eyed Peas,THE E.N.D. (THE ENERGY NEVER DIES),album 2009-06-09 dz:280457462,Deezer/iTunes backfill after review
discography:deezer,candidate,Black Eyed Peas,Invasion Of I Gotta Feeling - Megamix E.P.,ep 2009-09-18 dz:396015,Deezer/iTunes backfill after review
discography:deezer,candidate,The Cure,Mixes Of A Lost World,album 2025-06-13 dz:768243971,Deezer/iTunes backfill after review
discography:deezer,candidate,The Cure,"Join the Dots: B-Sides and Rarities, 1978-2001 (The Fiction Years)",album 2005-02-08 dz:8574424,Deezer/iTunes backfill after review
discography:deezer,candidate,The Cure,Galore,album 1997-10-17 dz:1344858,Deezer/iTunes backfill after review
discography:deezer,candidate,The Cure,Mixed Up (Deluxe Edition),album 2018-06-15 dz:65352342,Deezer/iTunes backfill after review
discography:deezer,candidate,The Cure,The Cure - Melkweg Amsterdam 1979,album 2024-09-20 dz:459420025,Deezer/iTunes backfill after review
discography:deezer,candidate,U2,How To Re-Assemble An Atomic Bomb,album 2024-11-29 dz:675687931,Deezer/iTunes backfill after review
discography:deezer,candidate,U2,Summer Of Love,album 2022-07-22 dz:336970677,Deezer/iTunes backfill after review
discography:deezer,candidate,U2,The Best Of 1990-2000 & B-Sides,album 2017-07-07 dz:86131662,Deezer/iTunes backfill after review
discography:deezer,candidate,U2,The Best Of 1980-1990 & B-Sides,album 2017-04-14 dz:39558181,Deezer/iTunes backfill after review
discography:deezer,candidate,U2,Under A Blood Red Sky (Remastered),album 2008-09-30 dz:219325,Deezer/iTunes backfill after review
discography:deezer,candidate,The Cranberries,MTV Unplugged,album 2025-11-07 dz:847570562,Deezer/iTunes backfill after review
discography:deezer,candidate,The Cranberries,Stars: The Best Of The Cranberries 1992-2002,album 2002-09-24 dz:125767,Deezer/iTunes backfill after review
discography:deezer,candidate,The Cranberries,Treasure Box for Boys and Girls: The Complete Sessions 1991–1999,album 2002-06-19 dz:293664,Deezer/iTunes backfill after review
discography:deezer,candidate,The Cranberries,Bury The Hatchet (The Complete Sessions 1998-1999),album 2002-06-13 dz:119135,Deezer/iTunes backfill after review
discography:deezer,candidate,The Cranberries,To The Faithful Departed (The Complete Sessions 1996-1997),album 2002-01-01 dz:125203,Deezer/iTunes backfill after review
discography:deezer,candidate,The Doors,Strange Nights of Stone,album 2013-04-30 dz:6530436,Deezer/iTunes backfill after review
discography:deezer,candidate,The Doors,The Lost Interview Tapes Featuring Jim Morrison - Volume One,album 2006-11-14 dz:89323,Deezer/iTunes backfill after review
discography:deezer,candidate,The Doors,The Lost Interview Tapes Featuring Jim Morrison - Volume Two: The Circus Magazine Interview,album 2006-11-14 dz:89329,Deezer/iTunes backfill after review
discography:deezer,candidate,The Doors,American Nights - In Concert,album 1991-05-17 dz:365977,Deezer/iTunes backfill after review
discography:deezer,candidate,The Doors,The Doors (Original Soundtrack Recording),album 1991-01-01 dz:103062672,Deezer/iTunes backfill after review
discography:deezer,candidate,OneRepublic,The Collection,album 2025-08-15 dz:801396871,Deezer/iTunes backfill after review
discography:deezer,candidate,OneRepublic,Top Gun: Maverick (Music From The Motion Picture),album 2022-05-27 dz:321440247,Deezer/iTunes backfill after review
discography:deezer,candidate,OneRepublic,One Night In Malibu,album 2022-02-04 dz:291938962,Deezer/iTunes backfill after review
discography:deezer,candidate,OneRepublic,13 Reasons Why (Season 2),album 2018-05-18 dz:63571272,Deezer/iTunes backfill after review
discography:deezer,candidate,OneRepublic,Sunshine. The EP,ep 2021-12-31 dz:282741742,Deezer/iTunes backfill after review
discography:deezer,candidate,Pixies,"Pixies at the BBC, 1988-91",album 2024-03-08 dz:548218352,Deezer/iTunes backfill after review
discography:deezer,candidate,Pixies,Complete B Sides: 1988-97 (Remaster),album 2026-06-26 dz:997302291,Deezer/iTunes backfill after review
discography:deezer,candidate,Pixies,"Doolittle 25: B-Sides, Peel Sessions And Demos",album 2014-12-01 dz:176616642,Deezer/iTunes backfill after review
discography:deezer,candidate,Pixies,Debaser,ep 1997-07-21 dz:14879681,Deezer/iTunes backfill after review
discography:deezer,candidate,Pixies,Gigantic / River Euphrates,ep 1988-08-22 dz:106957,Deezer/iTunes backfill after review
discography:deezer,candidate,Flo Rida,R.O.O.T.S. (Route of Overcoming the Struggle),album 2009-03-30 dz:387875,Deezer/iTunes backfill after review
discography:deezer,candidate,Flo Rida,R.O.O.T.S. (Route of Overcoming the Struggle) (Explicit Amazon Exclusive),album 2009-03-23 dz:788647601,Deezer/iTunes backfill after review
discography:deezer,candidate,Flo Rida,When I Grow Up (Late Night Edit),ep 2025-03-07 dz:712128141,Deezer/iTunes backfill after review
discography:deezer,candidate,Flo Rida,When I Grow Up (Spring Break Edit),ep 2025-02-07 dz:703948531,Deezer/iTunes backfill after review
discography:deezer,candidate,Flo Rida,Come with Me,ep 2010-01-01 dz:802971271,Deezer/iTunes backfill after review
discography:deezer,candidate,Wiz Khalifa,Kush & Orange Juice (15th Anniversary),album 2025-11-14 dz:839343622,Deezer/iTunes backfill after review
discography:deezer,candidate,Wiz Khalifa,Fly Times Vol. 1: The Good Fly Young,album 2019-04-20 dz:94291122,Deezer/iTunes backfill after review
discography:deezer,candidate,Wiz Khalifa,Rolling Papers 2,album 2018-07-13 dz:68220271,Deezer/iTunes backfill after review
discography:deezer,candidate,Wiz Khalifa,Mac and Devin Go to High School (Music from and Inspired by the Movie),album 2011-12-09 dz:1383089,Deezer/iTunes backfill after review
discography:deezer,candidate,Wiz Khalifa,3Peat,ep 2022-12-09 dz:376263107,Deezer/iTunes backfill after review
discography:deezer,candidate,John Mayer,Dhammapada,album 2017-01-20 dz:587322312,Deezer/iTunes backfill after review
discography:deezer,candidate,John Mayer,John Mayer: Etudes & Radha Krishna,album 2014-02-18 dz:581176851,Deezer/iTunes backfill after review
discography:deezer,candidate,John Mayer,Kpm International: Indo-Jazz Interpolation,album 2006-08-22 dz:43711121,Deezer/iTunes backfill after review
discography:deezer,candidate,John Mayer,Modern Ensemble,album 2025-11-21 dz:854524832,Deezer/iTunes backfill after review
discography:deezer,candidate,John Mayer,Indo-Jazz Fusions I & II,album 1998-01-01 dz:433719,Deezer/iTunes backfill after review
discography:deezer,candidate,Reddy,RAP:PUBLIC Block 3 MIXTAPE '〈3',album 2025-03-11 dz:724773621,Deezer/iTunes backfill after review
discography:deezer,candidate,Reddy,CAVALO DE TROIA,album 2024-08-08 dz:617523871,Deezer/iTunes backfill after review
discography:deezer,candidate,Reddy,Reddy - Ao Vivo,ep 2026-04-10 dz:949236091,Deezer/iTunes backfill after review
discography:deezer,candidate,Reddy,CICLOS,ep 2023-10-06 dz:491488045,Deezer/iTunes backfill after review
discography:deezer,candidate,Reddy,Ascensão,ep 2021-01-14 dz:494356981,Deezer/iTunes backfill after review
discography:deezer,candidate,Mckdaddy,ACT BAD CUZ DAT’S EFFICIENT,album 2025-04-17 dz:865543522,Deezer/iTunes backfill after review
discography:deezer,candidate,Mckdaddy,FATAL,album 2023-04-14 dz:429782757,Deezer/iTunes backfill after review
discography:deezer,candidate,Mckdaddy,The Top Notes,album 2022-01-11 dz:286681382,Deezer/iTunes backfill after review
discography:deezer,candidate,Mckdaddy,Selfish Mind,album 2016-10-12 dz:150241152,Deezer/iTunes backfill after review
discography:deezer,candidate,Mckdaddy,Fragrance,ep 2020-12-19 dz:194832982,Deezer/iTunes backfill after review
discography:deezer,candidate,Jerd,BOMM,album 2023-05-06 dz:437391127,Deezer/iTunes backfill after review
discography:deezer,candidate,Jerd,A.M.P.,album 2021-11-21 dz:273830872,Deezer/iTunes backfill after review
discography:deezer,candidate,Jerd,MY ONLY 1 (Original Webtoon Soundtrack),ep 2023-01-26 dz:599493302,Deezer/iTunes backfill after review
discography:deezer,candidate,Jerd,TOO MANY EGOS,ep 2019-01-28 dz:85564382,Deezer/iTunes backfill after review
discography:deezer,candidate,송창식,골든 제 2집,album 2025-05-09 dz:749261341,Deezer/iTunes backfill after review
discography:deezer,candidate,송창식,골든 제 1집,album 2025-05-06 dz:749261201,Deezer/iTunes backfill after review
discography:deezer,candidate,송창식,골든 제 3집,album 2025-05-11 dz:747636771,Deezer/iTunes backfill after review
discography:deezer,candidate,송창식,골든 포크 (Best),album 1989-08-01 dz:313385037,Deezer/iTunes backfill after review
discography:deezer,candidate,2AM,JUICE IN THE MORNING,album 2023-02-19 dz:409309907,Deezer/iTunes backfill after review
discography:deezer,candidate,2AM,Do U Really Want 2 Hurt Me,album 2007-07-01 dz:1282621,Deezer/iTunes backfill after review
discography:deezer,candidate,2AM,Waiting For This Moment,album 2010-03-30 dz:1064376,Deezer/iTunes backfill after review
discography:deezer,candidate,2AM,Freestyle's Lost Gems Vol. 8,album 2010-03-30 dz:1138767,Deezer/iTunes backfill after review
discography:deezer,candidate,D.O.,기대 Expectation - The 2nd Mini Album,album 2023-09-18 dz:487152515,Deezer/iTunes backfill after review
discography:deezer,candidate,D.O.,공감 Empathy - The 1st Mini Album,album 2021-07-26 dz:244253252,Deezer/iTunes backfill after review
discography:deezer,candidate,D.O.,DOPAMINE - The 4th Mini Album,ep 2026-09-08 dz:1067931481,Deezer/iTunes backfill after review
discography:deezer,candidate,D.O.,BLOSSOM - THE 3RD MINI ALBUM,ep 2024-05-07 dz:579600071,Deezer/iTunes backfill after review
discography:deezer,candidate,A.TRAIN,POVIDONE ORANGE,album 2025-09-27 dz:827233231,Deezer/iTunes backfill after review
discography:deezer,candidate,A.TRAIN,PRIVATE PINK,album 2022-09-25 dz:359554297,Deezer/iTunes backfill after review
discography:deezer,candidate,A.TRAIN,PAINGREEN,album 2020-10-28 dz:183031962,Deezer/iTunes backfill after review
discography:deezer,candidate,A.TRAIN,PRAY ON MY INSECURITY,ep 2019-06-18 dz:457192645,Deezer/iTunes backfill after review
discography:deezer,candidate,SHINDRUM,리듬소망사랑,album 2026-06-16 dz:1002165321,Deezer/iTunes backfill after review
discography:deezer,candidate,SHINDRUM,Who I Am,album 2021-01-03 dz:196670672,Deezer/iTunes backfill after review
discography:deezer,candidate,SHINDRUM,via drum,album 2020-06-29 dz:157569122,Deezer/iTunes backfill after review
discography:deezer,candidate,SHINDRUM,Cityboys Attitude,ep 2025-12-03 dz:865833342,Deezer/iTunes backfill after review
discography:deezer,candidate,Jackson Browne,"Solo Acoustic, Vol. 1",album 2005-10-11 dz:8574388,Deezer/iTunes backfill after review
discography:deezer,candidate,Jackson Browne,Running on Empty (Remastered),album 2019-05-30 dz:99125732,Deezer/iTunes backfill after review
discography:deezer,candidate,Jackson Browne,Solo Acoustic Volume 2,album 1976-01-01 dz:95460,Deezer/iTunes backfill after review
discography:deezer,candidate,Jackson Browne,Jackson Browne (Remastered),album 1972-01-01 dz:319277127,Deezer/iTunes backfill after review
discography:deezer,candidate,Bonnie Raitt,Rock Elite: Best of (Bonnie Raitt Collection),album 2015-07-17 dz:903148372,Deezer/iTunes backfill after review
discography:deezer,candidate,Bonnie Raitt,Bonnie Raitt And Friends,album 2006-08-15 dz:323313,Deezer/iTunes backfill after review
discography:deezer,candidate,Bonnie Raitt,Road Tested,album 1995-11-07 dz:323356,Deezer/iTunes backfill after review
discography:deezer,candidate,Bonnie Raitt,In Interview with Robin Ross DJ,album 2015-11-13 dz:11684408,Deezer/iTunes backfill after review
discography:deezer,candidate,The Chemical Brothers,B-Sides - Vol. 1,album 2007-11-26 dz:310208,Deezer/iTunes backfill after review
discography:deezer,candidate,The Chemical Brothers,AmericanEP,album 2002-11-19 dz:4067701,Deezer/iTunes backfill after review
discography:deezer,candidate,The Chemical Brothers,It Doesn't Matter (Alt Mix / 28/9/96),ep 2022-04-29 dz:312820227,Deezer/iTunes backfill after review
discography:deezer,candidate,The Chemical Brothers,Out Of Control (21 Minutes Of Madness Mix / The Secret Psychedelic Mix),ep 2019-11-15 dz:118435852,Deezer/iTunes backfill after review
discography:deezer,candidate,Eminem,The Death of Slim Shady (Coup De Grâce): Expanded Mourner’s Edition,album 2024-09-13 dz:641646351,Deezer/iTunes backfill after review
discography:deezer,candidate,Eminem,Music To Be Murdered By - Side B (Deluxe Edition),album 2020-12-18 dz:194219042,Deezer/iTunes backfill after review
discography:deezer,candidate,Eminem,Relapse: Refill,album 2009-12-21 dz:464090,Deezer/iTunes backfill after review
discography:deezer,candidate,Eminem,Eminem Presents The Re-Up,album 2006-12-14 dz:161173,Deezer/iTunes backfill after review
discography:deezer,candidate,Drake,The Very Best Of,album 2013-09-10 dz:6812855,Deezer/iTunes backfill after review
discography:deezer,candidate,Drake,Drake - Ringtones,album 2010-07-27 dz:7289419,Deezer/iTunes backfill after review
discography:deezer,candidate,Drake,Dead Perspective,album 2009-07-21 dz:1048333,Deezer/iTunes backfill after review
discography:deezer,candidate,Drake,The Drake LP - Remastered and Reissued,album 2005-06-28 dz:995712,Deezer/iTunes backfill after review
discography:deezer,candidate,Justin Timberlake,"12"" Masters - The Essential Mixes",album 2010-09-17 dz:651048,Deezer/iTunes backfill after review
discography:deezer,candidate,Justin Timberlake,LoveStoned,album 2007-07-02 dz:72596,Deezer/iTunes backfill after review
discography:deezer,candidate,Justin Timberlake,FutureSex/LoveSounds Deluxe Edition,album 2006-09-08 dz:1431361,Deezer/iTunes backfill after review
discography:deezer,candidate,Justin Timberlake,Love Never Felt So Good (David Morales and Eric Kupper Def Mix),ep 2014-07-08 dz:8014994,Deezer/iTunes backfill after review
discography:deezer,candidate,My Chemical Romance,May Death Never Stop You,album 2014-03-21 dz:7557634,Deezer/iTunes backfill after review
discography:deezer,candidate,My Chemical Romance,The Black Parade Is Dead!,album 2008-06-24 dz:102160,Deezer/iTunes backfill after review
discography:deezer,candidate,My Chemical Romance,The Black Parade / Living with Ghosts (The 10th Anniversary Edition),album 2016-09-23 dz:14069820,Deezer/iTunes backfill after review
discography:deezer,candidate,My Chemical Romance,Life on the Murder Scene,album 2006-03-17 dz:92304,Deezer/iTunes backfill after review
discography:deezer,candidate,Franz Ferdinand,Late Night Tales: Franz Ferdinand,album 2014-09-15 dz:75652092,Deezer/iTunes backfill after review
discography:deezer,candidate,Franz Ferdinand,Blood,album 2009-05-29 dz:476129,Deezer/iTunes backfill after review
discography:deezer,candidate,Franz Ferdinand,Tonight,album 2009-01-23 dz:401354,Deezer/iTunes backfill after review
discography:deezer,candidate,Franz Ferdinand,The Fallen,album 2011-12-05 dz:426733,Deezer/iTunes backfill after review
discography:deezer,candidate,The Police,The Very Best Of Sting And The Police,album 2002-01-01 dz:247629,Deezer/iTunes backfill after review
discography:deezer,candidate,The Police,Every Breath You Take The Classics,album 2005-01-11 dz:387651,Deezer/iTunes backfill after review
discography:deezer,candidate,The Police,Ghost In The Machine (Alternate Sequence),album 2022-11-04 dz:370610317,Deezer/iTunes backfill after review
discography:deezer,candidate,The Police,Zenyatta Mondatta (Remastered 2003),album 2003-03-04 dz:93732622,Deezer/iTunes backfill after review
discography:deezer,candidate,The Smashing Pumpkins,ATUM,album 2023-05-05 dz:1004443141,Deezer/iTunes backfill after review
discography:deezer,candidate,The Smashing Pumpkins,(Rotten Apples) The Smashing Pumpkins Greatest Hits,album 2001-11-20 dz:715760,Deezer/iTunes backfill after review
discography:deezer,candidate,The Smashing Pumpkins,Aeroplane Flies High (Deluxe Edition),album 2013-07-23 dz:6758348,Deezer/iTunes backfill after review
discography:deezer,candidate,The Smashing Pumpkins,1979 Mixes,ep 2019-04-12 dz:92818022,Deezer/iTunes backfill after review
discography:deezer,candidate,Pitbull,Global Warming: Meltdown (Deluxe Version),album 2013-11-25 dz:7109065,Deezer/iTunes backfill after review
discography:deezer,candidate,Pitbull,I Am Armando - Armando Reloaded,album 2012-07-30 dz:75967282,Deezer/iTunes backfill after review
discography:deezer,candidate,Pitbull,Pitbull Starring In Rebelution,album 2009-08-27 dz:382126,Deezer/iTunes backfill after review
discography:deezer,candidate,Pitbull,Unreleased,ep 1970-01-01 dz:1073024612,Deezer/iTunes backfill after review
discography:deezer,candidate,Black Sabbath,The Rules of Hell,album 2008-06-03 dz:381944,Deezer/iTunes backfill after review
discography:deezer,candidate,Black Sabbath,Complete Studio Albums 1970 - 1978,album 2014-01-21 dz:7308062,Deezer/iTunes backfill after review
discography:deezer,candidate,Black Sabbath,Reunion (25th Anniversary Expanded Edition),album 2023-10-13 dz:496728061,Deezer/iTunes backfill after review
discography:deezer,candidate,Black Sabbath,Seventh Star (feat. Tony Iommi) (2026 Remaster),album 1986-01-28 dz:1015762671,Deezer/iTunes backfill after review
discography:deezer,candidate,R.E.M.,Complete Rarities 1988-2011,album 2025-04-19 dz:742415811,Deezer/iTunes backfill after review
discography:deezer,candidate,R.E.M.,And I Feel Fine.....The Best Of The IRS Years 82-87,album 2006-09-12 dz:303273,Deezer/iTunes backfill after review
discography:deezer,candidate,R.E.M.,And I Feel Fine.....The Best Of The IRS Years 82-87 Collector's Edition,album 2006-09-12 dz:303274,Deezer/iTunes backfill after review
discography:deezer,candidate,R.E.M.,Document (R.E.M. No. 5),album 1998-01-27 dz:303380,Deezer/iTunes backfill after review
discography:deezer,candidate,2Pac,The Best Of 2Pac (Pt. 2: Life),album 2015-03-23 dz:9845142,Deezer/iTunes backfill after review
discography:deezer,candidate,2Pac,The Best Of 2Pac (Pt. 1: Thug),album 2015-03-23 dz:9958774,Deezer/iTunes backfill after review
discography:deezer,candidate,2Pac,Resurrection (Music From And Inspired By The Motion Picture),album 2003-01-01 dz:121157642,Deezer/iTunes backfill after review
discography:deezer,candidate,2Pac,Deathrow Presents Nu-Mixx Klazzics,album 2003-01-01 dz:119510,Deezer/iTunes backfill after review
discography:deezer,candidate,Snow Patrol,Snow Patrol - Best of the Jeepster Years: 1997-2001,album 2012-07-23 dz:5540051,Deezer/iTunes backfill after review
discography:deezer,candidate,Snow Patrol,Snow Patrol: Sessions@AOL,album 2004-06-15 dz:124737,Deezer/iTunes backfill after review
discography:deezer,candidate,Snow Patrol,Late Night Tales: Snow Patrol,album 2009-09-28 dz:61652092,Deezer/iTunes backfill after review
discography:deezer,candidate,Snow Patrol,Sony Connect Session,ep 2004-10-05 dz:89450712,Deezer/iTunes backfill after review
discography:deezer,candidate,Death Cab for Cutie,The Georgia EP,ep 2021-01-13 dz:198817952,Deezer/iTunes backfill after review
discography:deezer,candidate,Death Cab for Cutie,Rolling Stone Original,ep 2006-05-02 dz:85734,Deezer/iTunes backfill after review
discography:deezer,candidate,Death Cab for Cutie,The Stability EP,ep 2002-02-19 dz:7025331,Deezer/iTunes backfill after review
discography:deezer,candidate,Death Cab for Cutie,The Death Cab For Cutie Forbidden Love EP,ep 2013-10-08 dz:7025313,Deezer/iTunes backfill after review
discography:deezer,candidate,Northfacegawd,Time To Glo 2,ep 2024-06-06 dz:593306402,Deezer/iTunes backfill after review
discography:deezer,candidate,Northfacegawd,Time To Glo 1,ep 2024-04-02 dz:564614602,Deezer/iTunes backfill after review
discography:deezer,candidate,Northfacegawd,THE:RISE Season 4,ep 2021-09-02 dz:255477252,Deezer/iTunes backfill after review
discography:deezer,candidate,Northfacegawd,Blue Dream 2,ep 2019-08-23 dz:526688212,Deezer/iTunes backfill after review
discography:deezer,candidate,lobonabeat!,Skreet Knowledge,album 2023-12-09 dz:520886332,Deezer/iTunes backfill after review
discography:deezer,candidate,lobonabeat!,Trapstar Lifestyle (Deluxe),album 2023-05-22 dz:443580065,Deezer/iTunes backfill after review
discography:deezer,candidate,lobonabeat!,Puffin' Tape 1 (2017),album 2021-07-14 dz:416662837,Deezer/iTunes backfill after review
discography:deezer,candidate,lobonabeat!,lobonatune2¡,album 2022-01-30 dz:291217512,Deezer/iTunes backfill after review
discography:deezer,candidate,Jinbo,沒有靈魂的軀殼,album 2022-11-22 dz:695384151,Deezer/iTunes backfill after review
discography:deezer,candidate,Jinbo,UU&U,album 2020-06-16 dz:698321211,Deezer/iTunes backfill after review
discography:deezer,candidate,Jinbo,DON′T THINK TOO MUCH,album 2020-01-15 dz:319920807,Deezer/iTunes backfill after review
discography:deezer,candidate,Soul delivery,Peninsula Park,album 2023-08-11 dz:473297445,Deezer/iTunes backfill after review
discography:deezer,candidate,Soul delivery,FOODCOURT,album 2022-03-18 dz:301128047,Deezer/iTunes backfill after review
discography:deezer,candidate,Soul delivery,Give Me Some Love,ep 2024-08-23 dz:632387791,Deezer/iTunes backfill after review
discography:deezer,candidate,Daft Punk,TRON: Legacy Reconfigured,album 2011-04-05 dz:1471670,Deezer/iTunes backfill after review
discography:deezer,candidate,Daft Punk,"Musique, Vol. 1",album 2006-03-31 dz:1343199,Deezer/iTunes backfill after review
discography:deezer,candidate,Daft Punk,Daft Club,album 2003-12-01 dz:299205,Deezer/iTunes backfill after review
discography:deezer,candidate,Erykah Badu,But You Caint Use My Phone (Mixtape),album 2015-12-04 dz:11848830,Deezer/iTunes backfill after review
discography:deezer,candidate,Erykah Badu,Apple Tree (Vol. 2),ep 2019-12-27 dz:124134742,Deezer/iTunes backfill after review
discography:deezer,candidate,Erykah Badu,Apple Tree (Vol. 1),ep 2019-12-27 dz:518551982,Deezer/iTunes backfill after review
discography:deezer,candidate,Peter Frampton,The Best Of Peter Frampton 20th Century Masters The Millennium Collection,album 2003-07-22 dz:294780,Deezer/iTunes backfill after review
discography:deezer,candidate,Peter Frampton,Show Me the Way -Peter Frampton - Best,album 2023-05-06 dz:456932885,Deezer/iTunes backfill after review
discography:deezer,candidate,Peter Frampton,Anthology: The History Of Peter Frampton,album 2001-07-24 dz:321201297,Deezer/iTunes backfill after review
discography:deezer,candidate,신승훈,Love Diary Original Soundtrack Best Vol.1 (Love Diary 电视原声带合辑Best Vol. 1),album 2010-04-01 dz:1038535102,Deezer/iTunes backfill after review
discography:deezer,candidate,신승훈,Love Song 电视原声带(Drama Love Song)-爱情致痛 (Love Song OST(Drama Love Song)-Love Pain),album 2008-09-25 dz:1038535012,Deezer/iTunes backfill after review
discography:deezer,candidate,신승훈,드라마 포에버 - 아름다운 그녀 특별기획 (美丽的她 电视原声带(Drama Forever)) (Expanded Edition),album 2008-07-10 dz:1038539302,Deezer/iTunes backfill after review
discography:deezer,candidate,Ed Sheeran,Autumn Variations (Fan Living Room Sessions),album 2023-10-02 dz:493912761,Deezer/iTunes backfill after review
discography:deezer,candidate,Ed Sheeran,- (Deluxe),album 2023-05-05 dz:434380347,Deezer/iTunes backfill after review
discography:deezer,candidate,Ed Sheeran,Deezer Sessions,ep 2021-11-17 dz:273048582,Deezer/iTunes backfill after review
discography:deezer,candidate,Fred again..,Actual Life 3 Piano EP (January 1 - September 9 2022),ep 2023-01-27 dz:387558667,Deezer/iTunes backfill after review
discography:deezer,candidate,Fred again..,Actual Life 2 Piano EP (February 2 - October 15 2021),ep 2022-04-27 dz:308330387,Deezer/iTunes backfill after review
discography:deezer,candidate,Fred again..,Actual Life Piano EP (April 14 - December 17 2020),ep 2021-06-25 dz:237899832,Deezer/iTunes backfill after review
discography:deezer,candidate,Minsu,New home (Album version),album 2025-06-27 dz:774542641,Deezer/iTunes backfill after review
discography:deezer,candidate,Minsu,NOW NOW,ep 2022-12-02 dz:700761131,Deezer/iTunes backfill after review
discography:deezer,candidate,Minsu,우울의 조각들,ep 2018-05-11 dz:150068362,Deezer/iTunes backfill after review
discography:deezer,candidate,Radiohead,TKOL RMX 1234567,album 2011-10-10 dz:14880501,Deezer/iTunes backfill after review
discography:deezer,candidate,Radiohead,Com Lag: 2+2=5,album 2004-03-24 dz:14879789,Deezer/iTunes backfill after review
discography:deezer,candidate,Radiohead,OK Computer OKNOTOK 1997 2017,album 2017-06-23 dz:43197211,Deezer/iTunes backfill after review
discography:deezer,candidate,Ye,Le chromosome Y,album 2016-11-11 dz:14499944,Deezer/iTunes backfill after review
discography:deezer,candidate,Ye,Mind Game,ep 2016-12-09 dz:14637428,Deezer/iTunes backfill after review
discography:deezer,candidate,Ye,J'm'en branle,ep 2016-11-04 dz:14406808,Deezer/iTunes backfill after review
discography:deezer,candidate,Beyoncé,I Am...World Tour,album 2010-11-26 dz:692698,Deezer/iTunes backfill after review
discography:deezer,candidate,Beyoncé,Above And Beyoncé Dance Mixes,album 2009-06-16 dz:1443693,Deezer/iTunes backfill after review
discography:deezer,candidate,Beyoncé,B'Day Deluxe Edition,album 2007-05-29 dz:1205244,Deezer/iTunes backfill after review
discography:deezer,candidate,Paramore,Re: This Is Why,album 2023-10-06 dz:541225702,Deezer/iTunes backfill after review
discography:deezer,candidate,Paramore,The Final Riot!,album 2008-11-24 dz:49455362,Deezer/iTunes backfill after review
discography:deezer,candidate,Paramore,Singles Club,ep 2011-10-10 dz:43965871,Deezer/iTunes backfill after review
discography:deezer,candidate,Fall Out Boy,Make America Psycho Again,album 2015-10-30 dz:11539452,Deezer/iTunes backfill after review
discography:deezer,candidate,Fall Out Boy,Believers Never Die - Greatest Hits (Volume Two),album 2019-11-15 dz:118682202,Deezer/iTunes backfill after review
discography:deezer,candidate,Fall Out Boy,Believers Never Die - Greatest Hits,album 2009-11-17 dz:429907,Deezer/iTunes backfill after review
discography:deezer,candidate,Aerosmith,The Very Best Of Aerosmith: Devil's Got A New Disguise,album 2022-12-08 dz:384906717,Deezer/iTunes backfill after review
discography:deezer,candidate,Aerosmith,The Very Best Of Aerosmith,album 2022-12-08 dz:386750957,Deezer/iTunes backfill after review
discography:deezer,candidate,Aerosmith,A Little South Of Sanity,album 1998-10-22 dz:162052,Deezer/iTunes backfill after review
discography:deezer,candidate,Limp Bizkit,New Old Songs,album 2001-12-04 dz:258864,Deezer/iTunes backfill after review
discography:deezer,candidate,Limp Bizkit,The Unquestionable Truth,ep 2019-02-01 dz:85607552,Deezer/iTunes backfill after review
discography:deezer,candidate,Limp Bizkit,The Unquestionable Truth (Pt. 1),ep 2019-02-01 dz:85609222,Deezer/iTunes backfill after review
discography:deezer,candidate,Creedence Clearwater Revival,"At The Royal Albert Hall (At The Royal Albert Hall / London, UK / April 14, 1970)",album 2022-09-16 dz:354963807,Deezer/iTunes backfill after review
discography:deezer,candidate,Creedence Clearwater Revival,The Concert,album 2009-05-26 dz:384388,Deezer/iTunes backfill after review
discography:deezer,candidate,Creedence Clearwater Revival,Chronicle: 20 Greatest Hits,album 2006-04-18 dz:372043,Deezer/iTunes backfill after review
discography:deezer,candidate,Florence + the Machine,Symphony of Lungs - BBC Proms at the Royal Albert Hall,album 2024-10-25 dz:658392071,Deezer/iTunes backfill after review
discography:deezer,candidate,Florence + the Machine,MTV Presents Unplugged: Florence + The Machine (Deluxe Version),album 2012-04-09 dz:45891962,Deezer/iTunes backfill after review
discography:deezer,candidate,Florence + the Machine,Between Two Lungs,album 2010-11-15 dz:697730,Deezer/iTunes backfill after review
discography:deezer,candidate,Akon,Non Stop Ooh Lala Mashup Dandiya - 2012,album 2012-10-03 dz:696123351,Deezer/iTunes backfill after review
discography:deezer,candidate,Akon,Bollywood Dj,album 2012-01-27 dz:697205241,Deezer/iTunes backfill after review
discography:deezer,candidate,Akon,Just Mashup,ep 2013-02-04 dz:696107241,Deezer/iTunes backfill after review
discography:deezer,candidate,Papa Roach,20/20,album 2020-12-25 dz:195755922,Deezer/iTunes backfill after review
discography:deezer,candidate,Papa Roach,Time For Annihilation: On the Record & On the Road,album 2010-08-31 dz:459629975,Deezer/iTunes backfill after review
discography:deezer,candidate,Papa Roach,Naked And Fearless – Acoustic EP,ep 2009-06-23 dz:382813,Deezer/iTunes backfill after review
discography:deezer,candidate,HAON,RAP:PUBLIC Block 3 MIXTAPE '〈3',album 2025-03-11 dz:724773621,Deezer/iTunes backfill after review
discography:deezer,candidate,HAON,RAP:PUBLIC MASK OFF Special,ep 2024-10-30 dz:662640821,Deezer/iTunes backfill after review
discography:deezer,candidate,HAON,3=1,ep 2024-02-21 dz:550161462,Deezer/iTunes backfill after review
discography:deezer,candidate,Dok2,Filipino South Korean Rapstar Mixtape (CD 1),album 2022-05-26 dz:318895357,Deezer/iTunes backfill after review
discography:deezer,candidate,Dok2,Filipino South Korean Rapstar Mixtape (CD 2),album 2022-07-26 dz:332478507,Deezer/iTunes backfill after review
discography:deezer,candidate,Dok2,Reborn (CD Ver.),album 2017-06-13 dz:321597827,Deezer/iTunes backfill after review
discography:deezer,candidate,Dynamic Duo,VollkontaktHipHop,album 2017-09-15 dz:48076482,Deezer/iTunes backfill after review
discography:deezer,candidate,Dynamic Duo,Championsound,album 2017-09-15 dz:48076542,Deezer/iTunes backfill after review
discography:deezer,candidate,Dynamic Duo,Innovation,album 2006-12-05 dz:169376,Deezer/iTunes backfill after review
discography:deezer,candidate,Tablo,Fever's End (열꽃),album 2011-11-01 dz:2708861,Deezer/iTunes backfill after review
discography:deezer,candidate,Tablo,Fever's End (열꽃) Pt. 2 - EP,album 2013-08-16 dz:233174222,Deezer/iTunes backfill after review
discography:deezer,candidate,Tablo,Fever's End (열꽃) Pt. 1 - EP,ep 2013-08-16 dz:233174072,Deezer/iTunes backfill after review
discography:deezer,candidate,sokodomo,HAN 2023,ep 2023-05-24 dz:444891705,Deezer/iTunes backfill after review
discography:deezer,candidate,sokodomo,THE:RISE 5 with Baund,ep 2023-03-04 dz:414018947,Deezer/iTunes backfill after review
discography:deezer,candidate,sokodomo,...---...,ep 2021-05-11 dz:227617862,Deezer/iTunes backfill after review
discography:deezer,candidate,Asian Glow,01101100 01101001 01110110 01100101,album 2025-10-29 dz:847202512,Deezer/iTunes backfill after review
discography:deezer,candidate,Asian Glow,Towards Backward on the End of the Cliff,album 2024-09-13 dz:643019301,Deezer/iTunes backfill after review
discography:deezer,candidate,Asian Glow,Rehearsal @ Harmonics,ep 2025-05-23 dz:761319831,Deezer/iTunes backfill after review
discography:deezer,candidate,Lym en,SCAM,ep 2025-07-29 dz:788974711,Deezer/iTunes backfill after review
discography:deezer,candidate,Lym en,W,ep 2023-11-11 dz:621788371,Deezer/iTunes backfill after review
discography:deezer,candidate,Lym en,ReFresh,ep 2019-07-24 dz:104577272,Deezer/iTunes backfill after review
discography:deezer,candidate,SG Wannabe,The Voices 광,album 2005-07-27 dz:425119217,Deezer/iTunes backfill after review
discography:deezer,candidate,SG Wannabe,"SG워너비,Suki",ep 2009-02-05 dz:332850467,Deezer/iTunes backfill after review
discography:deezer,candidate,Nirvana,With The Lights Out - Box Set,album 2011-03-22 dz:7846723,Deezer/iTunes backfill after review
discography:deezer,candidate,Nirvana,MTV Unplugged In New York (25th Anniversary),album 2019-11-01 dz:198283732,Deezer/iTunes backfill after review
discography:deezer,candidate,H.O.T.,Age Of Peace (Original Motion Picture Soundtrack),album 2000-07-16 dz:106836822,Deezer/iTunes backfill after review
discography:deezer,candidate,H.O.T.,He (Huh) Versions,ep 2026-08-15 dz:1048588682,Deezer/iTunes backfill after review
discography:deezer,candidate,동물원,Zoo 2nd Album,album 1988-09-30 dz:345043747,Deezer/iTunes backfill after review
discography:deezer,candidate,동물원,Zoo 1st Album,album 1988-01-15 dz:345055327,Deezer/iTunes backfill after review
discography:deezer,candidate,NUMBER GIRL,Num-Heavymetallic 15Th Anniversary Edition,album 2014-06-18 dz:52329512,Deezer/iTunes backfill after review
discography:deezer,candidate,NUMBER GIRL,Shibuya Rock Transformed Joutai,album 2004-04-01 dz:53622972,Deezer/iTunes backfill after review
discography:deezer,candidate,이장희,골든베스트,album 2011-03-10 dz:344207337,Deezer/iTunes backfill after review
discography:deezer,candidate,이장희,That Is You/I Will Give Everything to You,album 1989-08-01 dz:332298717,Deezer/iTunes backfill after review
discography:deezer,candidate,변진섭,2집,album 1989-10-25 dz:308815547,Deezer/iTunes backfill after review
discography:deezer,candidate,변진섭,Desperate Mrs. Seonju OST Part.18,ep 2025-05-08 dz:773962831,Deezer/iTunes backfill after review
discography:deezer,candidate,Khundi Panda,RAID : Reality Quest,album 2023-07-08 dz:461905035,Deezer/iTunes backfill after review
discography:deezer,candidate,Khundi Panda,song-jeong mansion,album 2021-10-03 dz:262632012,Deezer/iTunes backfill after review
discography:deezer,candidate,Arca,Forces (Thirteen Pictures Inspired by People Involved in Conflict Zones All Around the Mediterranean Sea),album 2018-10-19 dz:123233502,Deezer/iTunes backfill after review
discography:deezer,candidate,Arca,On ne distinguait plus les têtes,album 2007-04-16 dz:123234652,Deezer/iTunes backfill after review
discography:deezer,candidate,Los,Obsesivo,ep 2025-07-07 dz:781467121,Deezer/iTunes backfill after review
discography:deezer,candidate,Los,Ones to Watch 11,ep 2024-11-04 dz:656832431,Deezer/iTunes backfill after review
discography:deezer,candidate,Eagles,Hell Freezes Over (Remaster 2018),album 2019-03-08 dz:89201332,Deezer/iTunes backfill after review
discography:deezer,candidate,Eagles,Eagles Greatest Hits Vol. 2 (2013 Remaster),album 2013-06-25 dz:6670679,Deezer/iTunes backfill after review
discography:deezer,candidate,Fleetwood Mac,Shrine '69,album 2000-04-28 dz:360546,Deezer/iTunes backfill after review
discography:deezer,candidate,Fleetwood Mac,The Dance,album 1997-08-19 dz:273229,Deezer/iTunes backfill after review
discography:deezer,candidate,Gray,Last Of The Beats,album 2024-04-05 dz:541998132,Deezer/iTunes backfill after review
discography:deezer,candidate,Gray,Shades of... Anthology,album 2019-11-29 dz:921797251,Deezer/iTunes backfill after review
discography:deezer,candidate,죠지,Swimming pool (Sleep Mix),album 2022-12-24 dz:389663997,Deezer/iTunes backfill after review
discography:deezer,candidate,죠지,solsol~ condo,ep 2026-08-20 dz:1045556372,Deezer/iTunes backfill after review
discography:deezer,candidate,OKASHII,ORTON,album 2024-09-27 dz:646879001,Deezer/iTunes backfill after review
discography:deezer,candidate,OKASHII,+,album 2023-11-11 dz:510604831,Deezer/iTunes backfill after review
discography:deezer,candidate,Red Hot Chili Peppers,Red Hot Chili Peppers,album 1984-08-10 dz:1020056171,Deezer/iTunes backfill after review
discography:deezer,candidate,Red Hot Chili Peppers,Deezer Sessions,ep 2016-07-01 dz:13476357,Deezer/iTunes backfill after review
discography:deezer,candidate,Katy Perry,1432,album 2024-12-20 dz:683251891,Deezer/iTunes backfill after review
discography:deezer,candidate,Katy Perry,Teenage Dream: The Complete Confection,album 2012-03-23 dz:1603030,Deezer/iTunes backfill after review
discography:deezer,candidate,Queen,#Queen #Season,album 2018-02-09 dz:56471712,Deezer/iTunes backfill after review
discography:deezer,candidate,Queen,Ghetto Fairytales 2,album 2017-10-18 dz:50460232,Deezer/iTunes backfill after review
discography:deezer,candidate,The Killers,Pressure Machine (Abridged),album 2021-08-13 dz:249926242,Deezer/iTunes backfill after review
discography:deezer,candidate,The Killers,Encore At The Garden,ep 2025-07-11 dz:782644031,Deezer/iTunes backfill after review
discography:deezer,candidate,Maroon 5,1.22.03 Acoustic,album 2007-05-22 dz:104966,Deezer/iTunes backfill after review
discography:deezer,candidate,Maroon 5,Songs About Jane: 10th Anniversary Edition,album 2012-06-05 dz:3227271,Deezer/iTunes backfill after review
discography:deezer,candidate,Oasis,Meditation for You Music,album 2022-01-14 dz:524418082,Deezer/iTunes backfill after review
discography:deezer,candidate,Oasis,You Are Enough (And More),ep 2025-01-08 dz:692999051,Deezer/iTunes backfill after review
discography:deezer,candidate,MGMT,11•11•11,album 2022-11-11 dz:368431087,Deezer/iTunes backfill after review
discography:deezer,candidate,MGMT,Late Night Tales: Mgmt,album 2011-10-03 dz:61579052,Deezer/iTunes backfill after review
discography:deezer,candidate,Avril Lavigne,"12"" Masters - The Essential Mixes",album 2010-09-17 dz:666595,Deezer/iTunes backfill after review
discography:deezer,candidate,Avril Lavigne,My World EP,album 2003-11-10 dz:799208021,Deezer/iTunes backfill after review
discography:deezer,candidate,Kings of Leon,Youth And Young Manhood,album 2003-05-28 dz:72766202,Deezer/iTunes backfill after review
discography:deezer,candidate,Kings of Leon,Day Old Belgian Blues,ep 2006-06-13 dz:1454972,Deezer/iTunes backfill after review
discography:deezer,candidate,OutKast,Ms. Jackson / Sole Sunday,album 2000-10-17 dz:178700842,Deezer/iTunes backfill after review
discography:deezer,candidate,OutKast,B.O.B. (Bombs Over Baghdad),album 2000-09-19 dz:178699372,Deezer/iTunes backfill after review
discography:deezer,candidate,Nelly Furtado,Loose - The Concert,album 2007-11-16 dz:102876,Deezer/iTunes backfill after review
discography:deezer,candidate,Nelly Furtado,Edicion Limitada en Espanol,ep 2008-06-03 dz:320926667,Deezer/iTunes backfill after review
discography:deezer,candidate,Kid Cudi,KIDS SEE GHOSTS,album 2018-06-08 dz:65434762,Deezer/iTunes backfill after review
discography:deezer,candidate,Kid Cudi,KiD CuDi presents SATELLITE FLIGHT: The journey to Mother Moon,album 2014-01-01 dz:153890822,Deezer/iTunes backfill after review
discography:deezer,candidate,Amy Winehouse,At The BBC,album 2021-05-07 dz:226816422,Deezer/iTunes backfill after review
discography:deezer,candidate,Amy Winehouse,AMY (Original Motion Picture Soundtrack),album 2015-10-30 dz:11539768,Deezer/iTunes backfill after review
discography:deezer,candidate,blink‐182,ONE MORE TIME... PART-2,album 2024-09-06 dz:636104171,Deezer/iTunes backfill after review
discography:deezer,candidate,blink‐182,California (Clean),album 2016-07-01 dz:902137072,Deezer/iTunes backfill after review
discography:deezer,candidate,Nickelback,"The Best of Nickelback, Vol. 1",album 2013-11-01 dz:7057043,Deezer/iTunes backfill after review
discography:deezer,candidate,Nickelback,Make Me Love You,ep 2026-09-25 dz:1019763151,Deezer/iTunes backfill after review
discography:deezer,candidate,Charli xcx,Brat and it’s completely different but also still brat,album 2024-10-14 dz:656715281,Deezer/iTunes backfill after review
discography:deezer,candidate,Charli xcx,Lost in Space,album 2011-06-20 dz:57750822,Deezer/iTunes backfill after review
discography:deezer,candidate,Kid Milli,＋,ep 2024-10-10 dz:654745051,Deezer/iTunes backfill after review
discography:deezer,candidate,Kid Milli,HAN 2023,ep 2023-05-24 dz:444891705,Deezer/iTunes backfill after review
discography:deezer,candidate,Crush,Emergence 1,ep 2014-10-08 dz:279416112,Deezer/iTunes backfill after review
discography:deezer,candidate,Crush,Emergence 2,ep 2014-10-08 dz:279416972,Deezer/iTunes backfill after review
discography:deezer,candidate,OFFONOFF,Slap and Tickle,album 2009-05-18 dz:187036402,Deezer/iTunes backfill after review
discography:deezer,candidate,OFFONOFF,Clash,album 2008-07-14 dz:187030962,Deezer/iTunes backfill after review
discography:deezer,candidate,wave to earth,bad pieces,album 2026-08-07 dz:1045111662,Deezer/iTunes backfill after review
discography:deezer,candidate,wave to earth,play with earth! 0.03 (extended),album 2024-10-11 dz:651008201,Deezer/iTunes backfill after review
discography:deezer,candidate,윤미래,괜찮아 사랑이야 (SBS 수목드라마) Original Soundtrack - Vol.2 (没关系 是爱情啊 电视原声带 Volume 2),album 2014-09-12 dz:1038539432,Deezer/iTunes backfill after review
discography:deezer,candidate,윤미래,너와 내가 주인공,ep 2022-08-11 dz:345867017,Deezer/iTunes backfill after review
discography:deezer,candidate,채수현,채수현의 서울좌창Ⅱ (2023 국악방송 새음원 시리즈),ep 2025-07-07 dz:782116641,Deezer/iTunes backfill after review
discography:deezer,candidate,채수현,귀티나는 남자,ep 2024-12-05 dz:679560951,Deezer/iTunes backfill after review
discography:deezer,candidate,TBNY,The Brand New York Story Mixtape,album 2020-06-26 dz:157283212,Deezer/iTunes backfill after review
discography:deezer,candidate,TBNY,The Brand New York Story,ep 2020-06-19 dz:155869712,Deezer/iTunes backfill after review
discography:deezer,candidate,YUNHWAY,Queen Energy,album 2024-03-08 dz:556030502,Deezer/iTunes backfill after review
discography:deezer,candidate,YUNHWAY,Arrived,ep 2025-10-24 dz:841443212,Deezer/iTunes backfill after review
discography:deezer,candidate,CRUCiAL STAR,Gold,ep 2023-02-28 dz:412293867,Deezer/iTunes backfill after review
discography:deezer,candidate,CRUCiAL STAR,Mad Clown VS CRUCiAL STAR,ep 2010-01-29 dz:271660842,Deezer/iTunes backfill after review
discography:deezer,candidate,KAYTRANADA,KAYTRAMINÉ,album 2023-05-19 dz:671629161,Deezer/iTunes backfill after review
discography:deezer,candidate,C Jamm,DOMO,ep 2026-07-18 dz:1029596152,Deezer/iTunes backfill after review
discography:deezer,candidate,안치환,안치환 모음집,album 2014-04-09 dz:354122527,Deezer/iTunes backfill after review
discography:deezer,candidate,이문세,"욕망의 불꽃 (Music from the Original TV Series), Vol.1",ep 2010-10-22 dz:293605802,Deezer/iTunes backfill after review
discography:deezer,candidate,SUMIN,Unmasked (Original Soundtrack Part.1),ep 2025-01-29 dz:701643091,Deezer/iTunes backfill after review
discography:deezer,candidate,BTS,Scrambling for Batteries,album 2016-04-24 dz:12946878,Deezer/iTunes backfill after review
discography:deezer,candidate,조동익,동경,album 1994-05-01 dz:230617012,Deezer/iTunes backfill after review
discography:deezer,candidate,OLNL,OTL,ep 2025-01-23 dz:700150081,Deezer/iTunes backfill after review
discography:deezer,candidate,Hannah Jang,Hannah's Studio,album 2025-11-20 dz:855629552,Deezer/iTunes backfill after review
discography:deezer,candidate,Lalah Hathaway,VANTABLACK: EXPANSION PACK,album 2025-07-18 dz:777946261,Deezer/iTunes backfill after review
discography:deezer,candidate,India.Arie,Testimony: Vol. 1 Life & Relationship,album 2006-06-27 dz:246528,Deezer/iTunes backfill after review
discography:deezer,candidate,Jasmine Sokko,MADE IN FUTURE,ep 2020-11-18 dz:186507392,Deezer/iTunes backfill after review
discography:deezer,candidate,Miiro,Il colore di tutti,ep 2021-08-19 dz:253104022,Deezer/iTunes backfill after review
discography:deezer,candidate,Don Toliver,CHOPTANE,ep 2026-01-28 dz:953477181,Deezer/iTunes backfill after review
discography:deezer,candidate,BewhY,Sweet Home OST,album 2020-12-25 dz:317522737,Deezer/iTunes backfill after review
discography:deezer,candidate,YANGHONGWON,HW MUSIC,album 2026-06-21 dz:1023771801,Deezer/iTunes backfill after review
discography:deezer,candidate,Coldplay,The Blue Room,ep 2006-08-11 dz:325110,Deezer/iTunes backfill after review
discography:deezer,candidate,Arctic Monkeys,Who The F*** Are Arctic Monkeys?,ep 2006-05-20 dz:426674,Deezer/iTunes backfill after review
discography:deezer,candidate,Gorillaz,Laika Come Home,album 2002-07-01 dz:311612,Deezer/iTunes backfill after review
discography:deezer,candidate,Foo Fighters,Dream Widow,album 2022-03-25 dz:304218327,Deezer/iTunes backfill after review
discography:deezer,candidate,Madonna,Al Mazamir,album 2014-06-18 dz:7976144,Deezer/iTunes backfill after review
discography:deezer,candidate,Adele,Be divine,ep 2006-01-23 dz:269056,Deezer/iTunes backfill after review
discography:deezer,candidate,Bruno Mars,An Evening With Silk Sonic,album 2021-11-12 dz:298400782,Deezer/iTunes backfill after review
discography:deezer,candidate,Kendrick Lamar,DAMN. COLLECTORS EDITION.,album 2017-12-08 dz:58993682,Deezer/iTunes backfill after review
discography:deezer,candidate,The Smiths,Rank,album 2001-06-26 dz:1261476,Deezer/iTunes backfill after review
discography:deezer,candidate,Justin Bieber,My Worlds Acoustic,album 2010-11-26 dz:52773222,Deezer/iTunes backfill after review
discography:deezer,candidate,Chris Brown,Subject to Change,album 2005-01-01 dz:7827167,Deezer/iTunes backfill after review
discography:deezer,candidate,Nicki Minaj,Barbie World (with Aqua) [From Barbie The Album],ep 2023-06-26 dz:456935855,Deezer/iTunes backfill after review
discography:deezer,candidate,The Offspring,Let The Bedtimes Roll: Lullaby renditions of The Offspring,album 2025-12-09 dz:870607682,Deezer/iTunes backfill after review
discography:deezer,candidate,"Tyler, The Creator",CALL ME IF YOU GET LOST: The Estate Sale,album 2023-03-31 dz:423557247,Deezer/iTunes backfill after review
discography:deezer,candidate,Rage Against the Machine,Rage Against The Machine - XX (20th Anniversary Special Edition),album 2012-11-26 dz:6088193,Deezer/iTunes backfill after review
discography:deezer,candidate,The Clash,The Cost of Living - EP,ep 2022-01-21 dz:289163132,Deezer/iTunes backfill after review
discography:deezer,candidate,Keane,Breaking Earths Atmosphere EP,ep 2009-05-04 dz:123932352,Deezer/iTunes backfill after review
discography:deezer,candidate,Tears for Fears,Songs For A Nervous Planet,album 2024-10-25 dz:658386921,Deezer/iTunes backfill after review
discography:deezer,candidate,Sufjan Stevens,Run Rabbit Run,album 2013-02-14 dz:6156554,Deezer/iTunes backfill after review
discography:deezer,candidate,Dr. Dre,Missionary,album 2024-12-13 dz:682366421,Deezer/iTunes backfill after review
discography:deezer,candidate,Childish Gambino,Swarm,ep 2023-03-17 dz:417602787,Deezer/iTunes backfill after review
discography:deezer,candidate,Jennifer Lopez,Kiss of the Spider Woman (Original Motion Picture Soundtrack),album 2025-10-03 dz:825504671,Deezer/iTunes backfill after review
discography:deezer,candidate,J. Cole,Revenge Of The Dreamers III: Director's Cut,album 2020-01-17 dz:126665082,Deezer/iTunes backfill after review
discography:deezer,candidate,P!nk,All I Know So Far: Setlist,album 2021-05-21 dz:230262402,Deezer/iTunes backfill after review
discography:deezer,candidate,Foster the People,Torches X (Deluxe Edition),album 2021-11-12 dz:276645132,Deezer/iTunes backfill after review
discography:deezer,candidate,The Cardigans,Gran Turismo Overdrive,ep 2008-01-01 dz:121632312,Deezer/iTunes backfill after review
discography:deezer,candidate,Incubus,"When Incubus Attacks, Vol. 1",ep 2000-08-18 dz:96132,Deezer/iTunes backfill after review
discography:deezer,candidate,Sik‐K,3=1,ep 2024-02-21 dz:550161462,Deezer/iTunes backfill after review
discography:deezer,candidate,Woodie Gochild,힙합 20주년 기념 앨범,album 2025-02-25 dz:721018031,Deezer/iTunes backfill after review
discography:deezer,candidate,Okasian,Boarding Procedures,album 2012-12-06 dz:508091641,Deezer/iTunes backfill after review
discography:deezer,candidate,Black Nut,DOMO,ep 2026-07-18 dz:1029596152,Deezer/iTunes backfill after review
discography:deezer,candidate,VINXEN,VS,ep 2023-07-02 dz:458156095,Deezer/iTunes backfill after review
discography:deezer,candidate,Loopy,LooFla,album 2019-06-10 dz:226048322,Deezer/iTunes backfill after review
discography:deezer,candidate,Hash Swan,RAP:PUBLIC MASK OFF Special,ep 2024-10-30 dz:662640821,Deezer/iTunes backfill after review
discography:deezer,candidate,San E,4URGIRLFRIEND,ep 2026-04-03 dz:942560821,Deezer/iTunes backfill after review
discography:deezer,candidate,Tiger JK,WondaLand,album 2015-03-19 dz:349391397,Deezer/iTunes backfill after review
discography:deezer,candidate,Drunken Tiger,뿌리,album 2016-01-18 dz:628930081,Deezer/iTunes backfill after review
discography:deezer,candidate,Epik High,EPIK HIGH - SHOEBOX,album 2014-10-21 dz:1073374672,Deezer/iTunes backfill after review
discography:deezer,candidate,Keith Ape,HAN 2023,ep 2023-05-24 dz:444891705,Deezer/iTunes backfill after review
discography:deezer,candidate,Lil Cherry,GENE_SIS OST : C_OP,ep 2022-07-15 dz:529772892,Deezer/iTunes backfill after review
discography:deezer,candidate,Skinny Brown,Stargaze,album 2023-06-10 dz:451303635,Deezer/iTunes backfill after review
discography:deezer,candidate,untell,YEAHWEARE,album 2026-05-19 dz:985199981,Deezer/iTunes backfill after review
discography:deezer,candidate,Colde,ICY BABY,album 2026-08-14 dz:1048603082,Deezer/iTunes backfill after review
discography:deezer,candidate,Heize,Surely Tomorrow (Original Television Soundtrack) Vol.3,ep 2025-12-21 dz:880063612,Deezer/iTunes backfill after review
discography:deezer,candidate,Samuel Seo,<Under Cover> TOP 5,ep 2025-03-19 dz:729616441,Deezer/iTunes backfill after review
discography:deezer,candidate,LEE HI,SBS K-POP Star Top 5,ep 2012-04-08 dz:872798222,Deezer/iTunes backfill after review
discography:deezer,candidate,Wonstein,Newtopia OST,album 2025-03-27 dz:733660551,Deezer/iTunes backfill after review
discography:deezer,candidate,"Car, the Garden",Beyond Evil (Original Television Soundtrack),album 2021-03-27 dz:217235732,Deezer/iTunes backfill after review
discography:deezer,candidate,SE SO NEON,Nonadaptation 비적응,album 2020-02-18 dz:132176192,Deezer/iTunes backfill after review
discography:deezer,candidate,The Volunteers,i love u,album 2026-09-14 dz:1075524242,Deezer/iTunes backfill after review
discography:deezer,candidate,Nerd Connection,I have Not Done My Best (Original Television Soundtrack),album 2022-04-02 dz:306399107,Deezer/iTunes backfill after review
discography:deezer,candidate,OOHYO,"Call It Love, Pt. 4 (Original Soundtrack from the Disney+ Original Series)",ep 2023-03-16 dz:551032932,Deezer/iTunes backfill after review
discography:deezer,candidate,JUN. K,My 20's,ep 2023-05-30 dz:445353775,Deezer/iTunes backfill after review
discography:deezer,candidate,Bryn,99,album 2018-12-18 dz:81846952,Deezer/iTunes backfill after review
discography:deezer,candidate,Ja Mezz,OGCSM JETPACK,album 2024-06-01 dz:591051692,Deezer/iTunes backfill after review